Enrollment_ID,Student_ID,Course_ID,Semester_ID,Grade
E00001,S0913,C059,SEM006,A-
E00002,S0707,C013,SEM003,C-
E00003,S0194,C080,SEM008,C+
E00004,S0335,C084,SEM006,B
E00005,S0028,C018,SEM002,B+
E00006,S0838,C143,SEM003,B+
E00007,S0640,C028,SEM007,B
E00008,S0630,C006,SEM003,A
E00009,S0454,C089,SEM006,B-
E00010,S0873,C043,SEM003,A
E00011,S0374,C063,SEM002,C+
E00012,S0326,C065,SEM003,A-
E00013,S0360,C072,SEM002,A-
E00014,S0967,C004,SEM004,F
E00015,S0369,C053,SEM002,C+
E00016,S0212,C072,SEM004,A-
E00017,S0514,C085,SEM002,B-
E00018,S0999,C095,SEM001,B-
E00019,S0192,C001,SEM007,C+
E00020,S0870,C081,SEM004,B
E00021,S0590,C058,SEM001,B-
E00022,S0894,C119,SEM006,A-
E00023,S0461,C070,SEM004,B+
E00024,S0238,C019,SEM008,A
E00025,S0999,C069,SEM006,B+
E00026,S0927,C064,SEM005,B-
E00027,S0697,C001,SEM002,B
E00028,S0066,C072,SEM005,A-
E00029,S0454,C005,SEM004,C+
E00030,S0619,C009,SEM004,C
E00031,S0421,C068,SEM008,C-
E00032,S0511,C054,SEM002,C+
E00033,S0718,C019,SEM002,B
E00034,S0024,C035,SEM006,B
E00035,S0184,C089,SEM007,A-
E00036,S0734,C052,SEM001,C
E00037,S0246,C021,SEM005,C-
E00038,S0066,C070,SEM005,B
E00039,S0335,C010,SEM001,B
E00040,S0055,C056,SEM007,F
E00041,S0620,C016,SEM007,B-
E00042,S0973,C136,SEM002,A-
E00043,S0255,C090,SEM007,C
E00044,S0730,C136,SEM004,B
E00045,S0553,C121,SEM007,B
E00046,S0998,C057,SEM008,A
E00047,S0758,C016,SEM001,B-
E00048,S0163,C080,SEM001,C+
E00049,S0668,C061,SEM002,B+
E00050,S0689,C055,SEM006,F
E00051,S0822,C071,SEM005,C
E00052,S0753,C139,SEM001,B+
E00053,S0285,C033,SEM001,A-
E00054,S0238,C008,SEM005,B+
E00055,S0951,C047,SEM001,C+
E00056,S0955,C036,SEM007,B
E00057,S0479,C011,SEM001,B
E00058,S0950,C012,SEM003,C+
E00059,S0140,C065,SEM007,A-
E00060,S0764,C010,SEM002,B+
E00061,S0629,C117,SEM001,C
E00062,S0304,C104,SEM003,C
E00063,S0261,C030,SEM002,A-
E00064,S0995,C007,SEM007,B-
E00065,S0365,C055,SEM007,B
E00066,S0751,C036,SEM008,C
E00067,S0415,C130,SEM001,A
E00068,S0708,C109,SEM004,C
E00069,S0687,C016,SEM002,B+
E00070,S0315,C067,SEM005,B-
E00071,S0646,C061,SEM008,C-
E00072,S0904,C095,SEM006,B-
E00073,S0409,C043,SEM002,A
E00074,S0250,C108,SEM003,C
E00075,S0087,C072,SEM004,B-
E00076,S0268,C044,SEM005,B
E00077,S0195,C084,SEM004,B+
E00078,S0446,C002,SEM008,C+
E00079,S0373,C032,SEM003,B
E00080,S0751,C035,SEM007,B+
E00081,S0152,C058,SEM003,C+
E00082,S0347,C085,SEM008,C-
E00083,S0324,C091,SEM001,B+
E00084,S0894,C015,SEM007,C-
E00085,S0395,C078,SEM003,C
E00086,S0887,C006,SEM001,C+
E00087,S0439,C003,SEM002,A-
E00088,S0595,C036,SEM001,C+
E00089,S0004,C050,SEM002,C+
E00090,S0067,C098,SEM002,B-
E00091,S0834,C064,SEM008,C+
E00092,S0525,C117,SEM001,A-
E00093,S0515,C006,SEM003,B+
E00094,S0706,C030,SEM002,B+
E00095,S0269,C073,SEM005,B
E00096,S0208,C009,SEM008,C+
E00097,S0309,C070,SEM007,C+
E00098,S0856,C050,SEM008,B+
E00099,S0341,C002,SEM006,B+
E00100,S0894,C021,SEM005,A-
E00101,S0708,C080,SEM006,F
E00102,S0077,C052,SEM004,C
E00103,S0081,C065,SEM003,B-
E00104,S0467,C005,SEM005,C+
E00105,S0554,C013,SEM004,D
E00106,S0343,C031,SEM001,B-
E00107,S0335,C117,SEM007,A
E00108,S0306,C127,SEM004,B
E00109,S0738,C019,SEM005,B-
E00110,S0473,C068,SEM002,F
E00111,S0294,C043,SEM008,A-
E00112,S0056,C053,SEM008,C+
E00113,S0902,C007,SEM006,A
E00114,S0621,C022,SEM008,C-
E00115,S0205,C004,SEM002,B+
E00116,S0309,C115,SEM007,B-
E00117,S0898,C051,SEM001,B-
E00118,S0102,C089,SEM005,F
E00119,S0129,C060,SEM007,B
E00120,S0371,C002,SEM002,C+
E00121,S0544,C025,SEM003,F
E00122,S0161,C032,SEM005,C-
E00123,S0931,C133,SEM007,C-
E00124,S0508,C028,SEM005,C
E00125,S0222,C056,SEM002,F
E00126,S0103,C033,SEM008,D
E00127,S0539,C036,SEM005,B+
E00128,S0414,C040,SEM005,A
E00129,S0241,C054,SEM008,B-
E00130,S0658,C042,SEM003,C
E00131,S0641,C001,SEM005,C+
E00132,S0626,C108,SEM005,B-
E00133,S0422,C009,SEM007,B
E00134,S0414,C050,SEM005,C+
E00135,S0443,C011,SEM008,C-
E00136,S0300,C071,SEM005,C+
E00137,S0169,C074,SEM007,B
E00138,S0787,C003,SEM008,B+
E00139,S0602,C057,SEM006,B-
E00140,S0526,C068,SEM007,B-
E00141,S0589,C002,SEM001,A
E00142,S0725,C025,SEM008,A-
E00143,S0466,C015,SEM003,A
E00144,S0991,C001,SEM002,B+
E00145,S0736,C060,SEM005,B+
E00146,S0015,C033,SEM008,B-
E00147,S0067,C130,SEM005,B+
E00148,S0458,C092,SEM008,D
E00149,S0825,C064,SEM002,B+
E00150,S0769,C080,SEM005,B
E00151,S0644,C058,SEM007,B-
E00152,S0269,C080,SEM005,A-
E00153,S0128,C021,SEM005,B
E00154,S0455,C005,SEM001,C-
E00155,S0278,C065,SEM003,A
E00156,S0476,C058,SEM004,B
E00157,S0055,C013,SEM008,B-
E00158,S0891,C041,SEM006,B
E00159,S0610,C054,SEM008,D
E00160,S0402,C025,SEM003,B
E00161,S0422,C084,SEM006,A-
E00162,S0288,C013,SEM001,B-
E00163,S0993,C055,SEM002,B+
E00164,S0003,C029,SEM005,B
E00165,S0993,C057,SEM004,A
E00166,S0577,C072,SEM003,B
E00167,S0686,C112,SEM003,A-
E00168,S0233,C102,SEM007,F
E00169,S0739,C134,SEM001,B+
E00170,S0965,C069,SEM006,B
E00171,S0873,C043,SEM001,B
E00172,S0309,C115,SEM005,B
E00173,S0514,C118,SEM006,B
E00174,S0098,C084,SEM002,B+
E00175,S0260,C038,SEM004,C
E00176,S0706,C084,SEM002,C
E00177,S0624,C055,SEM004,C-
E00178,S0105,C002,SEM007,A
E00179,S0405,C056,SEM004,F
E00180,S0753,C126,SEM001,F
E00181,S0417,C073,SEM008,B
E00182,S0655,C043,SEM003,B-
E00183,S0061,C025,SEM007,F
E00184,S0270,C013,SEM008,C
E00185,S0103,C031,SEM002,B+
E00186,S0582,C109,SEM004,D
E00187,S0588,C057,SEM005,B+
E00188,S0972,C058,SEM008,A
E00189,S0828,C083,SEM004,B+
E00190,S0884,C018,SEM001,B
E00191,S0175,C095,SEM004,B
E00192,S0397,C061,SEM004,C-
E00193,S0671,C129,SEM002,A-
E00194,S0906,C006,SEM006,B
E00195,S0802,C045,SEM008,C
E00196,S0360,C077,SEM007,C+
E00197,S0783,C011,SEM004,B
E00198,S0926,C049,SEM002,A-
E00199,S0297,C029,SEM001,B
E00200,S0948,C012,SEM005,B-
E00201,S0743,C011,SEM001,A-
E00202,S0529,C014,SEM005,A
E00203,S0403,C046,SEM006,A
E00204,S0236,C008,SEM005,B
E00205,S0118,C079,SEM001,C
E00206,S0308,C019,SEM007,B
E00207,S0252,C094,SEM006,B
E00208,S0743,C125,SEM002,B
E00209,S0350,C099,SEM006,B+
E00210,S0850,C006,SEM007,B-
E00211,S0622,C055,SEM005,B
E00212,S0264,C061,SEM004,A-
E00213,S0282,C062,SEM001,B-
E00214,S0192,C002,SEM008,A-
E00215,S0187,C007,SEM005,D
E00216,S0227,C013,SEM002,A-
E00217,S0783,C029,SEM007,A-
E00218,S0555,C076,SEM004,B
E00219,S0409,C022,SEM003,A-
E00220,S0933,C114,SEM007,F
E00221,S0677,C104,SEM007,B
E00222,S0269,C004,SEM007,A-
E00223,S0579,C029,SEM001,A-
E00224,S0673,C075,SEM003,F
E00225,S0267,C007,SEM007,B+
E00226,S0643,C033,SEM003,C
E00227,S0536,C090,SEM001,B
E00228,S0772,C007,SEM005,C
E00229,S0677,C096,SEM005,B
E00230,S0080,C059,SEM002,B+
E00231,S0262,C071,SEM003,B-
E00232,S0226,C002,SEM006,B
E00233,S0998,C027,SEM008,A
E00234,S0448,C022,SEM007,D
E00235,S0197,C020,SEM005,B
E00236,S0389,C066,SEM008,C+
E00237,S0983,C128,SEM008,F
E00238,S0836,C021,SEM004,C+
E00239,S0959,C076,SEM004,B+
E00240,S0137,C065,SEM006,A
E00241,S0579,C040,SEM005,A
E00242,S0320,C039,SEM007,C-
E00243,S0804,C068,SEM002,B
E00244,S0908,C003,SEM007,F
E00245,S0334,C011,SEM004,B+
E00246,S0751,C038,SEM006,B
E00247,S0644,C038,SEM002,C
E00248,S0707,C062,SEM008,B
E00249,S0654,C053,SEM003,B
E00250,S0460,C099,SEM008,C+
E00251,S0506,C031,SEM006,B-
E00252,S0555,C032,SEM008,B+
E00253,S0875,C076,SEM008,B
E00254,S0253,C027,SEM003,B-
E00255,S0204,C020,SEM003,B
E00256,S0890,C042,SEM002,F
E00257,S0920,C038,SEM008,A-
E00258,S0226,C023,SEM007,A-
E00259,S0398,C038,SEM006,B-
E00260,S0031,C062,SEM004,B+
E00261,S0113,C009,SEM005,A-
E00262,S0157,C066,SEM008,B
E00263,S0366,C049,SEM008,B
E00264,S0538,C026,SEM007,D
E00265,S0562,C072,SEM008,C+
E00266,S0838,C089,SEM004,A
E00267,S0159,C001,SEM007,A
E00268,S0554,C097,SEM007,A
E00269,S0161,C008,SEM004,B+
E00270,S0540,C036,SEM006,D
E00271,S0458,C017,SEM001,B
E00272,S0701,C118,SEM005,A
E00273,S0591,C004,SEM008,A-
E00274,S0800,C053,SEM002,B-
E00275,S0199,C012,SEM003,B-
E00276,S0126,C044,SEM008,B+
E00277,S0675,C037,SEM004,B
E00278,S0719,C050,SEM007,A-
E00279,S0809,C109,SEM004,C
E00280,S0329,C101,SEM002,B-
E00281,S0866,C004,SEM004,C
E00282,S0905,C094,SEM006,B
E00283,S0685,C116,SEM001,A-
E00284,S0650,C072,SEM003,B-
E00285,S0938,C121,SEM002,B-
E00286,S0762,C032,SEM002,B-
E00287,S0255,C024,SEM005,A-
E00288,S0210,C007,SEM008,A
E00289,S0348,C066,SEM008,B-
E00290,S0332,C075,SEM001,B-
E00291,S0037,C066,SEM002,B
E00292,S0273,C081,SEM002,F
E00293,S0301,C115,SEM002,A-
E00294,S0031,C088,SEM001,C-
E00295,S0728,C030,SEM003,C+
E00296,S0478,C132,SEM001,B-
E00297,S0982,C009,SEM004,A
E00298,S0645,C044,SEM003,C
E00299,S0270,C071,SEM006,B
E00300,S0343,C089,SEM006,C+
E00301,S0676,C008,SEM006,C-
E00302,S0695,C056,SEM007,C+
E00303,S0973,C044,SEM004,B
E00304,S0621,C034,SEM002,C
E00305,S0865,C018,SEM004,C-
E00306,S0482,C055,SEM006,B
E00307,S0789,C019,SEM006,B-
E00308,S0913,C002,SEM001,B
E00309,S0533,C085,SEM001,C
E00310,S0075,C090,SEM005,B-
E00311,S0236,C009,SEM002,C+
E00312,S0868,C103,SEM007,A-
E00313,S0396,C015,SEM003,B
E00314,S0764,C134,SEM005,C+
E00315,S0766,C015,SEM007,B
E00316,S0278,C015,SEM006,B-
E00317,S0527,C067,SEM008,B
E00318,S0781,C091,SEM004,A-
E00319,S0870,C063,SEM001,B
E00320,S0960,C053,SEM001,C-
E00321,S0201,C031,SEM008,B
E00322,S0138,C093,SEM004,C+
E00323,S0759,C073,SEM002,C
E00324,S0591,C013,SEM001,B-
E00325,S0546,C067,SEM006,B
E00326,S0791,C027,SEM006,A-
E00327,S0499,C057,SEM002,D
E00328,S0975,C020,SEM002,B
E00329,S0061,C062,SEM004,C-
E00330,S0775,C047,SEM001,A
E00331,S0812,C100,SEM005,B-
E00332,S0642,C023,SEM001,B+
E00333,S0448,C084,SEM007,A-
E00334,S0328,C072,SEM004,A
E00335,S0664,C036,SEM004,B-
E00336,S0332,C047,SEM001,C-
E00337,S0993,C006,SEM004,A-
E00338,S0676,C008,SEM006,B+
E00339,S0338,C044,SEM001,B
E00340,S0899,C022,SEM002,F
E00341,S0102,C120,SEM003,B+
E00342,S0417,C050,SEM003,C+
E00343,S0736,C039,SEM008,A
E00344,S0101,C004,SEM008,B-
E00345,S0704,C081,SEM001,A-
E00346,S0695,C025,SEM005,B+
E00347,S0204,C029,SEM005,A
E00348,S0827,C009,SEM008,A
E00349,S0848,C124,SEM008,B
E00350,S0519,C027,SEM008,B+
E00351,S0501,C027,SEM006,C
E00352,S0032,C084,SEM004,C
E00353,S0718,C007,SEM004,B-
E00354,S0598,C025,SEM006,B-
E00355,S0990,C021,SEM001,B
E00356,S0463,C047,SEM008,C-
E00357,S0385,C073,SEM008,C
E00358,S0207,C066,SEM005,B-
E00359,S0799,C029,SEM005,B-
E00360,S0295,C055,SEM001,B-
E00361,S0227,C068,SEM008,B+
E00362,S0180,C075,SEM008,B+
E00363,S0185,C023,SEM006,F
E00364,S0500,C014,SEM002,D
E00365,S0121,C055,SEM007,D
E00366,S0115,C049,SEM004,B+
E00367,S0009,C078,SEM007,C
E00368,S0170,C021,SEM006,B
E00369,S0609,C036,SEM006,B+
E00370,S0907,C042,SEM003,C+
E00371,S0541,C037,SEM001,C-
E00372,S0428,C086,SEM006,C
E00373,S0354,C017,SEM004,C+
E00374,S0026,C090,SEM001,B-
E00375,S0103,C093,SEM004,C-
E00376,S0986,C074,SEM008,B
E00377,S0064,C102,SEM002,A
E00378,S0919,C134,SEM001,A
E00379,S0549,C025,SEM005,B
E00380,S0645,C092,SEM003,C+
E00381,S0748,C082,SEM007,A-
E00382,S0044,C119,SEM008,B-
E00383,S0567,C077,SEM008,C+
E00384,S0619,C026,SEM004,C
E00385,S0581,C026,SEM008,B-
E00386,S0898,C005,SEM005,B
E00387,S0014,C043,SEM006,A-
E00388,S0734,C080,SEM008,A
E00389,S0638,C047,SEM006,B-
E00390,S0795,C081,SEM004,B
E00391,S0420,C013,SEM006,C+
E00392,S0188,C040,SEM005,A-
E00393,S0916,C064,SEM005,A-
E00394,S0399,C004,SEM005,C
E00395,S0735,C074,SEM003,B
E00396,S0812,C122,SEM008,C
E00397,S0856,C149,SEM004,B
E00398,S0040,C087,SEM005,B+
E00399,S0114,C078,SEM005,B+
E00400,S0149,C008,SEM005,B
E00401,S0370,C016,SEM006,C-
E00402,S0189,C089,SEM005,C
E00403,S0332,C053,SEM004,C
E00404,S0101,C052,SEM005,C-
E00405,S0337,C110,SEM008,B
E00406,S0570,C039,SEM002,B
E00407,S0510,C001,SEM008,B-
E00408,S0307,C063,SEM008,B
E00409,S0946,C091,SEM007,F
E00410,S0417,C007,SEM004,C
E00411,S0219,C055,SEM002,B+
E00412,S0425,C001,SEM007,C-
E00413,S0655,C068,SEM006,B-
E00414,S0974,C104,SEM004,B+
E00415,S0459,C022,SEM005,B-
E00416,S0974,C028,SEM001,C+
E00417,S0239,C078,SEM005,A-
E00418,S0047,C061,SEM008,C
E00419,S0812,C063,SEM004,B
E00420,S0135,C131,SEM005,B
E00421,S0837,C026,SEM002,B+
E00422,S0635,C028,SEM003,B
E00423,S0124,C090,SEM001,B+
E00424,S0861,C102,SEM001,B+
E00425,S0835,C027,SEM006,B+
E00426,S0807,C026,SEM002,B+
E00427,S0430,C001,SEM007,A
E00428,S0025,C035,SEM004,C+
E00429,S0305,C080,SEM003,B
E00430,S0761,C030,SEM004,A
E00431,S0366,C077,SEM007,C-
E00432,S0710,C019,SEM003,C
E00433,S0051,C045,SEM007,A
E00434,S0186,C072,SEM005,C+
E00435,S0068,C017,SEM003,B
E00436,S0096,C004,SEM006,A-
E00437,S0725,C024,SEM003,B-
E00438,S0516,C024,SEM008,B
E00439,S0461,C024,SEM008,B-
E00440,S0410,C056,SEM003,B-
E00441,S0974,C018,SEM008,B-
E00442,S0557,C139,SEM008,B-
E00443,S0058,C080,SEM002,A-
E00444,S0733,C095,SEM007,B
E00445,S0408,C071,SEM004,C+
E00446,S0790,C084,SEM002,C
E00447,S0861,C043,SEM008,A-
E00448,S0866,C011,SEM003,B+
E00449,S0697,C016,SEM008,C+
E00450,S0930,C061,SEM004,B-
E00451,S0062,C041,SEM007,C
E00452,S0665,C042,SEM006,C
E00453,S0658,C004,SEM006,C+
E00454,S0115,C027,SEM005,A-
E00455,S0024,C049,SEM004,B-
E00456,S0339,C014,SEM002,B-
E00457,S0416,C043,SEM007,B+
E00458,S0655,C148,SEM004,B-
E00459,S0897,C017,SEM005,B-
E00460,S0211,C018,SEM002,A-
E00461,S0812,C038,SEM003,F
E00462,S0758,C036,SEM008,C-
E00463,S0264,C062,SEM001,B
E00464,S0622,C144,SEM003,D
E00465,S0091,C023,SEM008,A
E00466,S0939,C023,SEM004,B
E00467,S0069,C069,SEM004,A
E00468,S0900,C107,SEM002,B-
E00469,S0126,C057,SEM008,C
E00470,S0696,C082,SEM008,B+
E00471,S0315,C006,SEM004,B+
E00472,S0880,C084,SEM008,B
E00473,S0018,C026,SEM006,A
E00474,S0941,C123,SEM006,D
E00475,S0932,C023,SEM008,B
E00476,S0667,C039,SEM007,A-
E00477,S0478,C096,SEM003,B-
E00478,S0738,C061,SEM004,B
E00479,S0290,C029,SEM006,B
E00480,S0764,C027,SEM002,F
E00481,S0817,C082,SEM002,B-
E00482,S0465,C043,SEM008,C-
E00483,S0699,C125,SEM003,C+
E00484,S0990,C051,SEM003,C
E00485,S0907,C068,SEM001,B-
E00486,S0904,C001,SEM008,A
E00487,S0861,C140,SEM007,B+
E00488,S0712,C040,SEM004,B+
E00489,S0629,C054,SEM002,B-
E00490,S0908,C125,SEM002,C
E00491,S0752,C027,SEM001,C+
E00492,S0550,C127,SEM008,B
E00493,S0392,C001,SEM007,B+
E00494,S0569,C076,SEM002,C+
E00495,S0093,C011,SEM001,B
E00496,S0047,C094,SEM003,B+
E00497,S0536,C006,SEM006,B
E00498,S0885,C102,SEM002,B-
E00499,S0826,C085,SEM005,A-
E00500,S0936,C004,SEM004,B
E00501,S0880,C066,SEM001,B
E00502,S0004,C030,SEM006,B
E00503,S0633,C009,SEM006,F
E00504,S0673,C014,SEM005,C
E00505,S0756,C045,SEM006,C
E00506,S0866,C098,SEM002,B+
E00507,S0371,C096,SEM003,B+
E00508,S0414,C068,SEM007,B-
E00509,S0315,C010,SEM008,B+
E00510,S0901,C007,SEM005,C+
E00511,S0057,C065,SEM003,C
E00512,S0892,C030,SEM006,B
E00513,S0306,C023,SEM004,B
E00514,S0787,C030,SEM004,A-
E00515,S0705,C018,SEM001,B+
E00516,S0484,C025,SEM006,B-
E00517,S0017,C020,SEM005,C-
E00518,S0336,C009,SEM004,C+
E00519,S0409,C037,SEM003,A-
E00520,S0832,C004,SEM003,C+
E00521,S0612,C053,SEM001,C-
E00522,S0195,C076,SEM003,A
E00523,S0633,C046,SEM001,B
E00524,S0017,C048,SEM008,C
E00525,S0635,C074,SEM003,B-
E00526,S0153,C052,SEM005,B-
E00527,S0940,C031,SEM007,B-
E00528,S0835,C022,SEM004,A
E00529,S0519,C044,SEM001,A-
E00530,S0926,C016,SEM005,A-
E00531,S0934,C024,SEM003,A
E00532,S0731,C009,SEM001,C+
E00533,S0584,C023,SEM006,B-
E00534,S0188,C010,SEM001,C
E00535,S0235,C088,SEM006,B-
E00536,S0012,C085,SEM002,B+
E00537,S0974,C008,SEM001,B
E00538,S0637,C063,SEM004,B+
E00539,S0961,C078,SEM007,B+
E00540,S0969,C120,SEM007,B+
E00541,S0845,C107,SEM007,B+
E00542,S1000,C056,SEM003,B-
E00543,S0818,C004,SEM002,B+
E00544,S0862,C130,SEM002,B
E00545,S0423,C076,SEM004,C-
E00546,S0775,C099,SEM001,C
E00547,S0007,C040,SEM002,B-
E00548,S0663,C112,SEM007,B-
E00549,S0510,C022,SEM005,B
E00550,S0017,C066,SEM007,A
E00551,S0871,C034,SEM001,B
E00552,S0860,C018,SEM004,B
E00553,S1000,C008,SEM004,A
E00554,S0746,C039,SEM003,B+
E00555,S0453,C048,SEM002,F
E00556,S0958,C058,SEM007,B+
E00557,S0089,C078,SEM004,C+
E00558,S0073,C044,SEM003,F
E00559,S0754,C084,SEM003,B
E00560,S0819,C034,SEM001,B+
E00561,S0963,C064,SEM001,A-
E00562,S0716,C022,SEM003,C
E00563,S0947,C043,SEM003,A
E00564,S0432,C095,SEM004,B+
E00565,S0366,C038,SEM007,B+
E00566,S0707,C083,SEM008,B
E00567,S0605,C024,SEM003,F
E00568,S0522,C010,SEM003,C
E00569,S0091,C070,SEM002,B
E00570,S0994,C051,SEM002,B
E00571,S0665,C010,SEM008,B-
E00572,S0105,C072,SEM007,B
E00573,S0739,C095,SEM006,A
E00574,S0748,C126,SEM005,C
E00575,S0899,C073,SEM001,B-
E00576,S0997,C008,SEM007,B
E00577,S0009,C016,SEM008,B-
E00578,S0387,C053,SEM005,A-
E00579,S0720,C045,SEM006,B
E00580,S0389,C117,SEM005,A
E00581,S0283,C056,SEM002,B+
E00582,S0018,C104,SEM004,B+
E00583,S0843,C090,SEM007,B
E00584,S0515,C038,SEM007,C+
E00585,S0693,C098,SEM001,B-
E00586,S0291,C071,SEM001,B
E00587,S0954,C090,SEM008,C-
E00588,S0086,C092,SEM005,A-
E00589,S0952,C079,SEM008,B
E00590,S0047,C031,SEM007,D
E00591,S0747,C053,SEM006,B+
E00592,S0580,C009,SEM007,A-
E00593,S0632,C088,SEM001,B+
E00594,S0479,C107,SEM001,B
E00595,S0103,C016,SEM002,B-
E00596,S0948,C039,SEM008,B
E00597,S0225,C038,SEM003,D
E00598,S0563,C008,SEM007,C
E00599,S0126,C034,SEM007,B-
E00600,S0836,C023,SEM001,C
E00601,S0250,C081,SEM005,B
E00602,S0619,C023,SEM006,B+
E00603,S0573,C136,SEM005,B+
E00604,S0820,C082,SEM007,B
E00605,S0564,C040,SEM006,C-
E00606,S0637,C002,SEM004,B+
E00607,S0092,C031,SEM003,B
E00608,S0935,C044,SEM007,A-
E00609,S0936,C006,SEM002,B
E00610,S0621,C016,SEM001,B
E00611,S0532,C071,SEM001,B
E00612,S0125,C135,SEM005,A-
E00613,S0004,C096,SEM001,B
E00614,S0214,C037,SEM002,C-
E00615,S0645,C013,SEM006,C+
E00616,S0179,C031,SEM007,B
E00617,S0095,C140,SEM001,B
E00618,S0398,C075,SEM007,F
E00619,S0082,C002,SEM008,C-
E00620,S0676,C014,SEM008,C-
E00621,S0668,C024,SEM008,B
E00622,S0906,C093,SEM004,C+
E00623,S0894,C010,SEM001,C+
E00624,S0406,C004,SEM001,C+
E00625,S0694,C030,SEM006,C-
E00626,S0539,C004,SEM001,C+
E00627,S0889,C002,SEM006,A
E00628,S0273,C106,SEM003,D
E00629,S0685,C007,SEM005,F
E00630,S0783,C150,SEM002,C
E00631,S0623,C036,SEM002,B
E00632,S0188,C055,SEM003,B+
E00633,S0787,C032,SEM006,B-
E00634,S0448,C009,SEM005,B
E00635,S0629,C043,SEM005,B
E00636,S0358,C093,SEM005,C
E00637,S0025,C112,SEM006,B
E00638,S0506,C040,SEM002,A-
E00639,S0780,C039,SEM008,B
E00640,S0438,C045,SEM002,B+
E00641,S0444,C038,SEM004,A
E00642,S0022,C099,SEM006,B
E00643,S0189,C007,SEM008,C+
E00644,S0340,C010,SEM005,B-
E00645,S0048,C070,SEM001,B-
E00646,S0647,C149,SEM004,B-
E00647,S0914,C024,SEM003,B
E00648,S0515,C122,SEM001,B+
E00649,S0685,C029,SEM006,B+
E00650,S0879,C026,SEM003,A-
E00651,S0952,C075,SEM008,B+
E00652,S0498,C025,SEM003,D
E00653,S0043,C035,SEM002,B+
E00654,S0729,C006,SEM007,C
E00655,S0141,C100,SEM008,A
E00656,S0989,C024,SEM006,B
E00657,S0274,C029,SEM003,A-
E00658,S0043,C079,SEM005,A-
E00659,S0483,C092,SEM006,B
E00660,S0897,C054,SEM001,B
E00661,S0008,C069,SEM005,C
E00662,S0048,C074,SEM004,C+
E00663,S0934,C128,SEM004,D
E00664,S0390,C050,SEM004,B
E00665,S0544,C050,SEM004,B
E00666,S0070,C081,SEM008,A
E00667,S0983,C021,SEM002,A-
E00668,S0170,C006,SEM004,B
E00669,S0396,C019,SEM008,C+
E00670,S0645,C064,SEM007,C+
E00671,S0689,C051,SEM008,D
E00672,S0629,C016,SEM005,A-
E00673,S0540,C040,SEM002,B
E00674,S0192,C060,SEM005,A-
E00675,S0237,C112,SEM003,A-
E00676,S0040,C034,SEM006,D
E00677,S0099,C026,SEM005,B
E00678,S0994,C053,SEM005,A-
E00679,S0666,C080,SEM007,B
E00680,S0157,C038,SEM003,C+
E00681,S0059,C040,SEM001,C
E00682,S0429,C092,SEM005,B
E00683,S0903,C035,SEM007,A
E00684,S0981,C022,SEM001,A-
E00685,S0310,C021,SEM001,D
E00686,S0795,C007,SEM006,A-
E00687,S0261,C005,SEM001,C+
E00688,S0847,C002,SEM002,A-
E00689,S0717,C090,SEM003,C+
E00690,S0620,C110,SEM001,B-
E00691,S0701,C091,SEM002,A
E00692,S0079,C080,SEM006,B+
E00693,S0153,C123,SEM006,B+
E00694,S0090,C081,SEM008,F
E00695,S0728,C061,SEM002,B-
E00696,S0107,C048,SEM007,B-
E00697,S0366,C086,SEM004,B+
E00698,S0248,C054,SEM006,A-
E00699,S0650,C013,SEM004,B-
E00700,S0039,C101,SEM008,C+
E00701,S0423,C053,SEM006,A
E00702,S0681,C031,SEM001,B-
E00703,S0147,C076,SEM008,B+
E00704,S0714,C024,SEM006,B
E00705,S0261,C034,SEM004,B
E00706,S0773,C025,SEM002,B
E00707,S0089,C057,SEM002,B
E00708,S0212,C035,SEM005,B-
E00709,S0463,C101,SEM002,B
E00710,S0197,C034,SEM001,B+
E00711,S0282,C133,SEM001,B
E00712,S0519,C024,SEM005,B
E00713,S0947,C045,SEM002,B
E00714,S0214,C020,SEM001,A-
E00715,S0958,C002,SEM006,C+
E00716,S0281,C009,SEM006,B
E00717,S0178,C074,SEM008,A
E00718,S0989,C036,SEM004,B
E00719,S0696,C100,SEM003,B-
E00720,S0046,C030,SEM002,A-
E00721,S0008,C036,SEM007,A
E00722,S0395,C056,SEM001,D
E00723,S0625,C045,SEM006,A-
E00724,S0623,C079,SEM002,B
E00725,S0587,C047,SEM002,B-
E00726,S0269,C075,SEM005,B
E00727,S0016,C005,SEM007,B+
E00728,S0487,C026,SEM007,A-
E00729,S0037,C018,SEM003,B
E00730,S0077,C048,SEM006,B+
E00731,S0636,C141,SEM006,A-
E00732,S0951,C097,SEM002,A-
E00733,S0574,C031,SEM006,B+
E00734,S0493,C093,SEM006,A
E00735,S0476,C115,SEM001,B-
E00736,S0026,C063,SEM007,A-
E00737,S0500,C022,SEM006,C
E00738,S0509,C011,SEM003,C+
E00739,S0846,C064,SEM003,C+
E00740,S0505,C120,SEM008,B+
E00741,S0793,C037,SEM008,B+
E00742,S0744,C016,SEM006,B+
E00743,S0856,C034,SEM001,C+
E00744,S0791,C003,SEM008,B
E00745,S0955,C017,SEM007,F
E00746,S0088,C072,SEM002,B-
E00747,S0114,C037,SEM008,C+
E00748,S0033,C114,SEM003,D
E00749,S0986,C048,SEM006,B
E00750,S0732,C099,SEM002,B
E00751,S0287,C078,SEM007,C
E00752,S0185,C112,SEM001,A
E00753,S0532,C002,SEM002,C+
E00754,S0139,C010,SEM008,B
E00755,S0205,C062,SEM006,B+
E00756,S0777,C045,SEM006,A-
E00757,S0865,C013,SEM006,B-
E00758,S0869,C113,SEM005,C
E00759,S0429,C079,SEM003,B
E00760,S0555,C085,SEM008,C-
E00761,S0357,C083,SEM001,B
E00762,S0402,C087,SEM005,B
E00763,S0781,C088,SEM002,C-
E00764,S0287,C036,SEM006,B+
E00765,S0409,C132,SEM004,B+
E00766,S0917,C107,SEM007,B-
E00767,S0251,C004,SEM004,C
E00768,S0777,C148,SEM004,B-
E00769,S0681,C105,SEM002,C+
E00770,S0552,C069,SEM007,B
E00771,S0479,C073,SEM003,B+
E00772,S0253,C011,SEM007,C+
E00773,S0166,C080,SEM001,B
E00774,S0744,C112,SEM005,B+
E00775,S0387,C023,SEM005,B
E00776,S0344,C088,SEM004,C-
E00777,S0948,C057,SEM001,C
E00778,S0198,C021,SEM002,F
E00779,S0901,C041,SEM001,B-
E00780,S0899,C022,SEM007,B-
E00781,S0329,C012,SEM001,C
E00782,S0934,C069,SEM004,C-
E00783,S0073,C035,SEM007,D
E00784,S0900,C010,SEM004,C+
E00785,S0919,C018,SEM004,A
E00786,S0942,C083,SEM008,B-
E00787,S0169,C030,SEM007,A
E00788,S0134,C036,SEM003,C+
E00789,S0487,C052,SEM002,F
E00790,S0360,C011,SEM002,B
E00791,S0343,C006,SEM004,B+
E00792,S0134,C026,SEM008,B
E00793,S0548,C002,SEM008,B
E00794,S0904,C028,SEM001,B
E00795,S0995,C077,SEM006,B
E00796,S0338,C119,SEM005,A-
E00797,S0569,C063,SEM001,B+
E00798,S0096,C015,SEM002,A-
E00799,S0741,C023,SEM001,B
E00800,S0749,C145,SEM002,A
E00801,S0478,C124,SEM003,D
E00802,S0011,C023,SEM001,B+
E00803,S0937,C003,SEM006,C+
E00804,S0503,C034,SEM003,C+
E00805,S0148,C021,SEM004,D
E00806,S0430,C029,SEM001,B-
E00807,S0819,C031,SEM002,B+
E00808,S0835,C091,SEM003,B
E00809,S0040,C046,SEM003,C+
E00810,S0649,C034,SEM003,C
E00811,S0080,C112,SEM001,D
E00812,S0326,C089,SEM007,B+
E00813,S0982,C107,SEM001,A
E00814,S0757,C030,SEM004,C+
E00815,S0740,C057,SEM005,D
E00816,S0908,C066,SEM004,B
E00817,S0868,C007,SEM006,B-
E00818,S0560,C054,SEM006,B
E00819,S0373,C001,SEM003,B
E00820,S0440,C088,SEM001,D
E00821,S0571,C027,SEM003,A-
E00822,S0552,C008,SEM001,B-
E00823,S0877,C064,SEM006,B-
E00824,S0499,C107,SEM005,B
E00825,S0658,C120,SEM001,B-
E00826,S0550,C116,SEM002,B+
E00827,S0289,C079,SEM006,B+
E00828,S0251,C015,SEM002,C+
E00829,S0487,C014,SEM008,B-
E00830,S0965,C030,SEM003,C-
E00831,S0827,C024,SEM001,A
E00832,S0446,C129,SEM005,B-
E00833,S0906,C017,SEM003,B
E00834,S0323,C020,SEM008,B
E00835,S0158,C005,SEM006,C
E00836,S1000,C086,SEM002,B+
E00837,S0226,C023,SEM001,C+
E00838,S0468,C058,SEM008,B
E00839,S0580,C031,SEM005,A
E00840,S0075,C031,SEM002,C
E00841,S0276,C014,SEM004,A
E00842,S0532,C044,SEM001,F
E00843,S0809,C001,SEM001,C+
E00844,S0033,C045,SEM008,B-
E00845,S0716,C040,SEM006,B
E00846,S0680,C071,SEM004,C-
E00847,S0125,C015,SEM008,F
E00848,S0191,C035,SEM008,C
E00849,S0096,C036,SEM001,C+
E00850,S0814,C041,SEM008,B
E00851,S0092,C022,SEM005,A-
E00852,S0503,C120,SEM002,B
E00853,S0846,C097,SEM004,A
E00854,S0535,C048,SEM006,B-
E00855,S0721,C115,SEM008,C
E00856,S0470,C004,SEM003,B-
E00857,S0138,C039,SEM005,C-
E00858,S0645,C072,SEM003,D
E00859,S0837,C070,SEM004,F
E00860,S0343,C011,SEM002,B-
E00861,S0955,C012,SEM005,B-
E00862,S0057,C108,SEM006,B
E00863,S0634,C029,SEM007,C-
E00864,S0510,C059,SEM008,B+
E00865,S0539,C106,SEM001,B+
E00866,S0848,C037,SEM003,C
E00867,S0518,C025,SEM003,A
E00868,S0150,C072,SEM005,B
E00869,S0702,C071,SEM006,C-
E00870,S0641,C133,SEM006,A-
E00871,S0987,C008,SEM007,B+
E00872,S0827,C037,SEM002,A
E00873,S0272,C032,SEM008,B+
E00874,S0387,C014,SEM008,A
E00875,S0792,C091,SEM001,A-
E00876,S0763,C009,SEM003,A-
E00877,S0782,C090,SEM007,B-
E00878,S0820,C057,SEM007,B
E00879,S0444,C070,SEM007,B
E00880,S0772,C034,SEM003,B+
E00881,S0194,C027,SEM002,F
E00882,S0286,C145,SEM002,C
E00883,S0909,C044,SEM007,B+
E00884,S0013,C027,SEM008,A-
E00885,S0711,C004,SEM002,C+
E00886,S0500,C067,SEM003,A-
E00887,S0553,C129,SEM008,B
E00888,S0274,C005,SEM007,B
E00889,S0009,C008,SEM007,A-
E00890,S0471,C017,SEM008,B+
E00891,S0798,C069,SEM004,B-
E00892,S0785,C020,SEM001,B-
E00893,S0506,C017,SEM005,B+
E00894,S0129,C042,SEM007,B+
E00895,S0678,C050,SEM001,A
E00896,S0737,C038,SEM005,D
E00897,S0390,C054,SEM005,B+
E00898,S0651,C022,SEM004,B+
E00899,S0109,C015,SEM001,C+
E00900,S0860,C023,SEM001,D
E00901,S0438,C136,SEM006,C-
E00902,S0900,C050,SEM002,B
E00903,S0308,C132,SEM004,B
E00904,S0343,C121,SEM004,A-
E00905,S0291,C107,SEM006,B+
E00906,S0554,C063,SEM004,A-
E00907,S0822,C034,SEM004,B
E00908,S0103,C052,SEM008,B-
E00909,S0424,C109,SEM007,B+
E00910,S0219,C031,SEM007,F
E00911,S0637,C124,SEM005,C-
E00912,S0402,C001,SEM001,C+
E00913,S0325,C011,SEM003,B+
E00914,S0683,C012,SEM001,B
E00915,S0009,C029,SEM008,B+
E00916,S0870,C011,SEM002,B
E00917,S0676,C032,SEM004,A-
E00918,S0237,C018,SEM006,B
E00919,S0345,C108,SEM002,C+
E00920,S0757,C001,SEM003,A-
E00921,S0865,C036,SEM007,C
E00922,S0941,C015,SEM008,B-
E00923,S0153,C111,SEM004,C+
E00924,S0336,C096,SEM008,B+
E00925,S0730,C020,SEM005,B
E00926,S0179,C022,SEM006,B
E00927,S0808,C037,SEM002,A-
E00928,S0868,C057,SEM006,B-
E00929,S0777,C020,SEM002,B
E00930,S0520,C133,SEM007,A
E00931,S0265,C081,SEM004,B+
E00932,S0870,C033,SEM003,B-
E00933,S0896,C148,SEM004,A-
E00934,S0512,C075,SEM006,C+
E00935,S0825,C068,SEM002,B+
E00936,S0473,C123,SEM008,A-
E00937,S0248,C098,SEM001,A
E00938,S0296,C095,SEM005,D
E00939,S0191,C038,SEM004,A-
E00940,S0893,C113,SEM005,B
E00941,S0303,C053,SEM003,B-
E00942,S0016,C076,SEM005,B+
E00943,S0680,C043,SEM005,B
E00944,S0800,C030,SEM001,B
E00945,S0009,C086,SEM008,B+
E00946,S0388,C039,SEM004,D
E00947,S0019,C018,SEM003,D
E00948,S0259,C071,SEM002,C
E00949,S0855,C009,SEM002,B
E00950,S0347,C059,SEM006,B+
E00951,S0390,C064,SEM003,B-
E00952,S0429,C105,SEM008,A
E00953,S0632,C135,SEM007,B-
E00954,S0554,C073,SEM007,B
E00955,S0505,C119,SEM007,C+
E00956,S0329,C011,SEM004,B-
E00957,S0862,C053,SEM005,A
E00958,S0130,C122,SEM004,C
E00959,S0622,C054,SEM005,C+
E00960,S0383,C044,SEM001,D
E00961,S0801,C086,SEM001,D
E00962,S0380,C068,SEM007,B-
E00963,S0610,C078,SEM002,B-
E00964,S0416,C041,SEM007,B+
E00965,S0459,C047,SEM003,F
E00966,S0117,C004,SEM005,B
E00967,S0718,C018,SEM003,B
E00968,S0891,C049,SEM001,A-
E00969,S0789,C003,SEM001,B
E00970,S0366,C064,SEM002,A
E00971,S0354,C102,SEM005,C
E00972,S0666,C069,SEM006,B+
E00973,S0793,C090,SEM002,B
E00974,S0100,C022,SEM002,B-
E00975,S0723,C020,SEM005,B-
E00976,S0728,C082,SEM004,C+
E00977,S0445,C110,SEM004,B-
E00978,S0369,C038,SEM005,B+
E00979,S0340,C055,SEM002,B
E00980,S0233,C001,SEM006,C
E00981,S0872,C094,SEM001,B
E00982,S0662,C037,SEM006,B
E00983,S0293,C031,SEM006,A
E00984,S0279,C044,SEM003,A
E00985,S0620,C046,SEM006,A
E00986,S0480,C046,SEM005,A
E00987,S0112,C041,SEM004,A-
E00988,S0476,C008,SEM004,B+
E00989,S0203,C018,SEM006,B+
E00990,S0673,C123,SEM007,C-
E00991,S1000,C006,SEM008,C+
E00992,S0786,C088,SEM001,C-
E00993,S0021,C032,SEM005,C+
E00994,S0270,C027,SEM007,B+
E00995,S0580,C068,SEM006,A-
E00996,S0482,C084,SEM008,B
E00997,S0322,C055,SEM006,B+
E00998,S0956,C114,SEM008,B
E00999,S0443,C008,SEM003,A-
E01000,S0252,C106,SEM003,A-
E01001,S0160,C019,SEM001,B
E01002,S0104,C019,SEM003,A
E01003,S0340,C001,SEM008,B
E01004,S0106,C033,SEM002,A-
E01005,S0379,C073,SEM004,C
E01006,S0589,C014,SEM008,C
E01007,S0082,C016,SEM008,B
E01008,S0613,C017,SEM002,B-
E01009,S0767,C008,SEM007,C-
E01010,S0135,C002,SEM004,A-
E01011,S0349,C064,SEM007,C-
E01012,S0161,C007,SEM001,C+
E01013,S0974,C115,SEM001,B
E01014,S0574,C020,SEM004,C
E01015,S0644,C103,SEM004,B-
E01016,S0002,C012,SEM008,A-
E01017,S0409,C024,SEM003,B
E01018,S0758,C014,SEM002,B-
E01019,S0176,C061,SEM001,A-
E01020,S0843,C087,SEM004,B
E01021,S0263,C032,SEM001,A-
E01022,S0942,C091,SEM001,B
E01023,S0701,C091,SEM004,C
E01024,S0537,C016,SEM003,B-
E01025,S0040,C028,SEM001,C-
E01026,S0592,C100,SEM003,B-
E01027,S0960,C005,SEM008,C+
E01028,S0544,C070,SEM001,B-
E01029,S0063,C101,SEM007,B
E01030,S0032,C105,SEM006,B
E01031,S0272,C035,SEM005,C-
E01032,S0999,C084,SEM003,B
E01033,S0173,C046,SEM007,B-
E01034,S0201,C005,SEM006,B+
E01035,S0734,C065,SEM003,C-
E01036,S0549,C009,SEM003,D
E01037,S0525,C066,SEM002,A-
E01038,S0390,C019,SEM006,B+
E01039,S0276,C138,SEM007,A-
E01040,S0765,C106,SEM004,B
E01041,S0366,C009,SEM008,B-
E01042,S0198,C020,SEM008,A
E01043,S0407,C023,SEM007,B
E01044,S0403,C130,SEM003,B
E01045,S0038,C044,SEM003,C
E01046,S0234,C029,SEM001,B+
E01047,S0292,C036,SEM005,B-
E01048,S0311,C023,SEM008,B
E01049,S0634,C037,SEM005,A
E01050,S0491,C045,SEM006,B+
E01051,S0358,C001,SEM004,B+
E01052,S0437,C004,SEM008,B
E01053,S0894,C065,SEM007,C
E01054,S0780,C101,SEM003,C+
E01055,S0237,C031,SEM005,B
E01056,S0222,C036,SEM007,B
E01057,S0505,C058,SEM007,B
E01058,S0162,C046,SEM006,C+
E01059,S0044,C034,SEM003,A-
E01060,S0455,C105,SEM003,B-
E01061,S0989,C051,SEM006,B-
E01062,S0876,C085,SEM008,D
E01063,S0019,C062,SEM006,B
E01064,S0788,C027,SEM002,A-
E01065,S0694,C007,SEM003,B+
E01066,S0726,C088,SEM003,B+
E01067,S0253,C018,SEM008,B
E01068,S0034,C002,SEM008,C-
E01069,S0559,C050,SEM007,C
E01070,S0671,C056,SEM006,A-
E01071,S0696,C044,SEM005,D
E01072,S0017,C103,SEM003,C+
E01073,S0958,C069,SEM008,D
E01074,S0383,C039,SEM001,A
E01075,S0577,C085,SEM004,B
E01076,S0573,C020,SEM007,B
E01077,S0436,C022,SEM004,C-
E01078,S0395,C034,SEM004,A-
E01079,S0927,C091,SEM007,C+
E01080,S0191,C005,SEM003,B+
E01081,S0058,C052,SEM006,A
E01082,S0679,C025,SEM001,B
E01083,S0353,C015,SEM002,B
E01084,S0549,C003,SEM006,B
E01085,S0369,C075,SEM008,B
E01086,S0807,C073,SEM004,B
E01087,S0584,C038,SEM002,B+
E01088,S0320,C093,SEM004,C-
E01089,S0232,C044,SEM004,B-
E01090,S0614,C115,SEM008,B-
E01091,S0129,C061,SEM001,A-
E01092,S0657,C068,SEM003,D
E01093,S0555,C121,SEM003,B
E01094,S0235,C021,SEM008,B-
E01095,S0342,C122,SEM006,A
E01096,S0698,C085,SEM005,C+
E01097,S0545,C025,SEM001,B+
E01098,S0174,C065,SEM001,A-
E01099,S0726,C079,SEM004,B
E01100,S0643,C020,SEM008,C
E01101,S0228,C028,SEM007,A-
E01102,S0746,C088,SEM001,B
E01103,S0258,C141,SEM001,B-
E01104,S0812,C049,SEM007,C-
E01105,S0271,C040,SEM004,B+
E01106,S0004,C033,SEM003,B
E01107,S0820,C098,SEM006,C
E01108,S0819,C061,SEM003,B
E01109,S0025,C084,SEM004,B-
E01110,S0913,C076,SEM006,B+
E01111,S0891,C003,SEM003,C+
E01112,S0203,C007,SEM008,B
E01113,S0302,C001,SEM007,B
E01114,S0406,C046,SEM002,B+
E01115,S0787,C040,SEM001,B+
E01116,S0112,C010,SEM007,F
E01117,S0955,C138,SEM007,B+
E01118,S0044,C053,SEM006,B-
E01119,S0048,C007,SEM006,B
E01120,S0615,C017,SEM002,B+
E01121,S0692,C033,SEM002,C-
E01122,S0025,C033,SEM008,B+
E01123,S0469,C022,SEM008,B
E01124,S0034,C043,SEM008,B
E01125,S0339,C116,SEM004,B+
E01126,S0059,C037,SEM007,A-
E01127,S0600,C002,SEM006,B-
E01128,S0547,C095,SEM008,B-
E01129,S0862,C071,SEM003,B-
E01130,S0464,C046,SEM005,C+
E01131,S0937,C073,SEM008,C-
E01132,S0978,C113,SEM001,C+
E01133,S0441,C058,SEM005,B
E01134,S0951,C037,SEM006,A-
E01135,S0024,C136,SEM005,B+
E01136,S0501,C032,SEM005,D
E01137,S0079,C035,SEM005,A
E01138,S0212,C014,SEM004,A-
E01139,S0965,C041,SEM002,B+
E01140,S0301,C111,SEM005,B
E01141,S0697,C026,SEM007,B+
E01142,S0009,C105,SEM003,A-
E01143,S0144,C012,SEM008,B-
E01144,S0674,C052,SEM008,C
E01145,S0351,C020,SEM002,B+
E01146,S0895,C107,SEM003,A
E01147,S0175,C147,SEM005,C+
E01148,S0518,C015,SEM006,B
E01149,S0189,C073,SEM008,A-
E01150,S0364,C056,SEM002,C
E01151,S0353,C065,SEM004,A-
E01152,S0754,C023,SEM001,A-
E01153,S0075,C061,SEM008,B-
E01154,S0362,C132,SEM006,C+
E01155,S0003,C017,SEM002,F
E01156,S0468,C032,SEM007,B
E01157,S0704,C126,SEM003,C+
E01158,S0959,C037,SEM003,B-
E01159,S0385,C015,SEM001,B-
E01160,S0568,C014,SEM001,B-
E01161,S0765,C064,SEM006,C
E01162,S0581,C119,SEM007,C+
E01163,S0631,C073,SEM002,B+
E01164,S0285,C077,SEM005,B-
E01165,S0827,C044,SEM006,B
E01166,S0326,C069,SEM003,C+
E01167,S0789,C107,SEM008,A-
E01168,S0639,C058,SEM006,A
E01169,S0037,C018,SEM001,B+
E01170,S0259,C045,SEM004,D
E01171,S0560,C134,SEM001,B-
E01172,S0977,C085,SEM008,A
E01173,S0967,C030,SEM002,A-
E01174,S0573,C024,SEM002,B-
E01175,S0761,C023,SEM006,B
E01176,S0185,C040,SEM003,A-
E01177,S0833,C049,SEM002,B
E01178,S0309,C031,SEM008,C+
E01179,S0060,C012,SEM002,C+
E01180,S0598,C032,SEM005,B
E01181,S0991,C035,SEM004,F
E01182,S0184,C012,SEM005,A
E01183,S0514,C071,SEM006,C+
E01184,S0226,C013,SEM002,B
E01185,S0453,C002,SEM006,C-
E01186,S0433,C023,SEM007,F
E01187,S0828,C028,SEM008,B
E01188,S0094,C027,SEM003,A-
E01189,S0514,C027,SEM003,B
E01190,S0291,C008,SEM003,A-
E01191,S0370,C021,SEM008,A
E01192,S0977,C049,SEM008,C+
E01193,S0572,C118,SEM007,C+
E01194,S0088,C036,SEM003,B
E01195,S0649,C060,SEM008,A
E01196,S0279,C073,SEM001,B
E01197,S0962,C004,SEM005,B
E01198,S0961,C073,SEM003,B
E01199,S0801,C115,SEM008,C+
E01200,S0300,C056,SEM008,B-
E01201,S0491,C093,SEM005,B-
E01202,S0881,C009,SEM003,B+
E01203,S0907,C028,SEM004,B+
E01204,S0258,C006,SEM003,A-
E01205,S0023,C050,SEM007,B
E01206,S0273,C038,SEM001,B+
E01207,S0333,C011,SEM005,A
E01208,S0215,C121,SEM001,B+
E01209,S0796,C101,SEM007,B+
E01210,S0252,C138,SEM008,B-
E01211,S0532,C122,SEM004,A
E01212,S0347,C015,SEM003,C-
E01213,S0583,C041,SEM001,A-
E01214,S0130,C025,SEM006,B-
E01215,S0364,C088,SEM004,B+
E01216,S0483,C099,SEM001,C
E01217,S0127,C080,SEM006,B+
E01218,S0368,C001,SEM005,B-
E01219,S0944,C011,SEM003,B+
E01220,S0102,C065,SEM008,B
E01221,S0892,C019,SEM007,B+
E01222,S0148,C039,SEM007,C-
E01223,S0459,C041,SEM008,C
E01224,S0267,C048,SEM008,C
E01225,S0362,C023,SEM001,A-
E01226,S0501,C079,SEM001,D
E01227,S0056,C091,SEM005,A-
E01228,S0132,C029,SEM001,C+
E01229,S0866,C133,SEM008,A-
E01230,S0945,C003,SEM006,B
E01231,S0690,C014,SEM006,B+
E01232,S0327,C002,SEM004,B
E01233,S0565,C053,SEM001,C+
E01234,S0250,C060,SEM003,B
E01235,S0459,C012,SEM001,B
E01236,S0307,C058,SEM008,A-
E01237,S0148,C065,SEM006,F
E01238,S0467,C086,SEM007,C-
E01239,S0891,C091,SEM007,C+
E01240,S0813,C042,SEM004,B
E01241,S0110,C053,SEM007,B
E01242,S0929,C131,SEM005,C+
E01243,S0970,C003,SEM007,C+
E01244,S0137,C090,SEM003,A-
E01245,S0711,C086,SEM007,C+
E01246,S0959,C036,SEM002,B-
E01247,S0042,C015,SEM005,B
E01248,S0584,C072,SEM004,A
E01249,S0594,C018,SEM002,B
E01250,S0101,C009,SEM005,A
E01251,S0142,C008,SEM008,C+
E01252,S0252,C130,SEM008,B+
E01253,S0241,C030,SEM001,C+
E01254,S0639,C050,SEM006,B+
E01255,S0284,C005,SEM004,B+
E01256,S0780,C017,SEM003,C-
E01257,S0962,C053,SEM005,C+
E01258,S0522,C043,SEM003,A-
E01259,S0773,C100,SEM004,C
E01260,S0708,C098,SEM004,C
E01261,S0685,C062,SEM008,D
E01262,S0009,C091,SEM005,F
E01263,S0258,C121,SEM005,C+
E01264,S0569,C011,SEM006,A
E01265,S0857,C112,SEM002,B
E01266,S0997,C031,SEM003,B
E01267,S0982,C075,SEM001,A-
E01268,S0411,C018,SEM001,A-
E01269,S0834,C043,SEM007,A-
E01270,S0367,C010,SEM002,A
E01271,S0363,C139,SEM001,B-
E01272,S0570,C024,SEM006,B
E01273,S0531,C055,SEM006,B+
E01274,S0353,C028,SEM002,B-
E01275,S0441,C072,SEM006,B
E01276,S0921,C078,SEM003,B+
E01277,S0973,C040,SEM002,C+
E01278,S0457,C108,SEM006,D
E01279,S0959,C028,SEM003,C
E01280,S0219,C022,SEM006,B
E01281,S0594,C113,SEM002,B-
E01282,S0196,C101,SEM006,C
E01283,S0246,C057,SEM003,B-
E01284,S0543,C027,SEM002,D
E01285,S0988,C013,SEM005,C
E01286,S0672,C060,SEM006,B
E01287,S0936,C112,SEM003,B-
E01288,S0036,C005,SEM008,A-
E01289,S0791,C022,SEM003,C+
E01290,S0862,C088,SEM001,B
E01291,S0404,C057,SEM005,B
E01292,S0219,C008,SEM006,A-
E01293,S0587,C027,SEM001,A-
E01294,S0548,C091,SEM005,A
E01295,S0920,C025,SEM006,B
E01296,S0061,C081,SEM004,B
E01297,S0300,C034,SEM001,B+
E01298,S0528,C131,SEM005,C-
E01299,S0483,C128,SEM003,D
E01300,S0527,C048,SEM001,B
E01301,S0699,C077,SEM005,B
E01302,S0978,C096,SEM007,B-
E01303,S0504,C015,SEM001,C-
E01304,S0125,C092,SEM008,B
E01305,S0465,C068,SEM007,C
E01306,S0024,C121,SEM006,A-
E01307,S0644,C082,SEM001,C+
E01308,S0972,C080,SEM004,A
E01309,S0559,C007,SEM002,A
E01310,S0892,C018,SEM006,B+
E01311,S0238,C043,SEM002,B+
E01312,S0377,C057,SEM008,A
E01313,S0952,C033,SEM005,B-
E01314,S0599,C078,SEM004,C+
E01315,S0875,C050,SEM005,C+
E01316,S0885,C007,SEM001,C-
E01317,S0503,C033,SEM007,C-
E01318,S0410,C108,SEM008,B
E01319,S0879,C013,SEM004,B
E01320,S0371,C008,SEM004,A-
E01321,S0136,C116,SEM007,C+
E01322,S0960,C107,SEM008,A-
E01323,S0508,C041,SEM003,B
E01324,S0595,C092,SEM006,B-
E01325,S0056,C070,SEM002,F
E01326,S0543,C076,SEM007,B
E01327,S0739,C059,SEM002,C-
E01328,S0208,C072,SEM001,B+
E01329,S0290,C082,SEM003,B+
E01330,S0600,C017,SEM008,C
E01331,S0061,C015,SEM003,B+
E01332,S0614,C115,SEM003,D
E01333,S0035,C021,SEM002,D
E01334,S0804,C005,SEM003,C-
E01335,S0005,C095,SEM004,B
E01336,S0396,C036,SEM003,C+
E01337,S0945,C062,SEM005,C+
E01338,S0898,C046,SEM007,B-
E01339,S0938,C002,SEM003,C
E01340,S0237,C104,SEM002,B+
E01341,S0124,C066,SEM002,A
E01342,S0082,C008,SEM003,C-
E01343,S0373,C081,SEM003,B
E01344,S0888,C013,SEM001,B
E01345,S0535,C015,SEM005,B-
E01346,S0664,C045,SEM007,B
E01347,S0993,C107,SEM007,A
E01348,S0364,C132,SEM004,C
E01349,S0277,C050,SEM005,A
E01350,S0071,C065,SEM005,F
E01351,S0861,C034,SEM005,A
E01352,S0668,C066,SEM001,A
E01353,S0949,C020,SEM007,B
E01354,S0377,C033,SEM008,B+
E01355,S0490,C072,SEM004,A
E01356,S0146,C083,SEM005,B
E01357,S0226,C058,SEM001,B-
E01358,S0270,C015,SEM005,A
E01359,S0031,C094,SEM007,B+
E01360,S0782,C106,SEM005,B+
E01361,S0862,C071,SEM004,B+
E01362,S0711,C043,SEM008,C-
E01363,S0438,C087,SEM005,B+
E01364,S0749,C024,SEM004,C+
E01365,S0241,C001,SEM007,D
E01366,S0555,C065,SEM006,A-
E01367,S0787,C044,SEM003,B+
E01368,S0123,C016,SEM005,B-
E01369,S0773,C065,SEM004,B-
E01370,S0703,C104,SEM001,C-
E01371,S0607,C144,SEM008,B
E01372,S0787,C010,SEM008,B
E01373,S0544,C016,SEM001,B+
E01374,S0382,C014,SEM002,B
E01375,S0186,C041,SEM006,B-
E01376,S0522,C141,SEM003,B+
E01377,S0354,C043,SEM001,B+
E01378,S0354,C072,SEM007,B-
E01379,S0953,C023,SEM002,C+
E01380,S0268,C074,SEM005,B-
E01381,S0218,C032,SEM004,B-
E01382,S0833,C016,SEM008,C+
E01383,S0941,C049,SEM005,A-
E01384,S0867,C007,SEM007,B+
E01385,S0886,C017,SEM001,B
E01386,S0791,C050,SEM004,B+
E01387,S0755,C021,SEM006,B+
E01388,S0073,C106,SEM006,B
E01389,S0516,C133,SEM002,B
E01390,S0941,C133,SEM008,B
E01391,S0782,C038,SEM001,B+
E01392,S0919,C114,SEM007,C+
E01393,S0630,C017,SEM007,B
E01394,S0760,C018,SEM003,C+
E01395,S0713,C052,SEM003,F
E01396,S0700,C004,SEM004,C+
E01397,S0071,C004,SEM006,B-
E01398,S0226,C050,SEM005,B
E01399,S0635,C101,SEM008,A-
E01400,S0722,C032,SEM002,B-
E01401,S0233,C055,SEM001,A
E01402,S0660,C068,SEM007,C+
E01403,S0253,C038,SEM001,B+
E01404,S0012,C005,SEM007,C
E01405,S0597,C093,SEM002,B+
E01406,S0020,C117,SEM002,D
E01407,S0507,C126,SEM006,B
E01408,S0094,C025,SEM003,B+
E01409,S0703,C069,SEM006,C+
E01410,S0149,C020,SEM006,A-
E01411,S0529,C087,SEM006,B
E01412,S0683,C031,SEM005,C+
E01413,S0364,C022,SEM002,B
E01414,S0576,C141,SEM001,B+
E01415,S0150,C056,SEM005,B
E01416,S0551,C046,SEM006,B+
E01417,S0653,C014,SEM002,B-
E01418,S0765,C034,SEM002,C
E01419,S0981,C020,SEM004,C+
E01420,S0143,C107,SEM006,B+
E01421,S0741,C042,SEM001,B
E01422,S0363,C097,SEM003,C+
E01423,S0890,C146,SEM005,B
E01424,S0674,C029,SEM003,C+
E01425,S0665,C068,SEM008,A-
E01426,S0425,C077,SEM006,C
E01427,S0201,C080,SEM008,C+
E01428,S0350,C038,SEM004,B+
E01429,S0028,C036,SEM005,B
E01430,S0101,C038,SEM002,C+
E01431,S0230,C140,SEM001,B
E01432,S0368,C067,SEM002,B
E01433,S0120,C087,SEM002,A
E01434,S0073,C086,SEM002,B
E01435,S0781,C023,SEM005,A-
E01436,S0265,C017,SEM003,C+
E01437,S0653,C010,SEM008,B+
E01438,S0266,C022,SEM002,B+
E01439,S0564,C019,SEM004,A-
E01440,S0580,C106,SEM007,A-
E01441,S0106,C126,SEM001,C
E01442,S0488,C036,SEM002,A-
E01443,S0148,C057,SEM006,F
E01444,S0169,C020,SEM001,C+
E01445,S0894,C020,SEM003,B+
E01446,S0882,C139,SEM007,A-
E01447,S0520,C050,SEM002,B
E01448,S0515,C013,SEM001,A
E01449,S0280,C016,SEM005,B+
E01450,S0802,C002,SEM003,C+
E01451,S0432,C067,SEM004,B
E01452,S0988,C010,SEM002,B+
E01453,S0088,C008,SEM004,B
E01454,S0713,C101,SEM003,F
E01455,S0056,C006,SEM003,B+
E01456,S0879,C062,SEM002,A-
E01457,S0228,C029,SEM001,B
E01458,S0424,C012,SEM004,C
E01459,S0762,C091,SEM001,B
E01460,S0120,C010,SEM002,B-
E01461,S0660,C015,SEM006,B+
E01462,S0474,C149,SEM002,B
E01463,S0224,C090,SEM005,A
E01464,S0822,C029,SEM004,B
E01465,S0641,C009,SEM003,A
E01466,S0314,C099,SEM003,B-
E01467,S0268,C055,SEM007,C-
E01468,S0890,C035,SEM007,A-
E01469,S0139,C038,SEM001,B-
E01470,S0441,C080,SEM004,B
E01471,S0767,C135,SEM004,B
E01472,S0315,C112,SEM002,F
E01473,S0480,C034,SEM001,B+
E01474,S0660,C053,SEM008,B+
E01475,S0322,C050,SEM007,A
E01476,S0903,C038,SEM002,B-
E01477,S0560,C054,SEM008,C-
E01478,S0259,C066,SEM005,A
E01479,S0028,C072,SEM005,B-
E01480,S0744,C093,SEM006,B-
E01481,S0211,C050,SEM004,A-
E01482,S0022,C128,SEM001,B-
E01483,S0538,C022,SEM003,B
E01484,S0932,C081,SEM001,C+
E01485,S0445,C022,SEM003,A
E01486,S0210,C059,SEM008,C
E01487,S0946,C033,SEM004,C
E01488,S0863,C064,SEM003,C+
E01489,S0275,C019,SEM008,B+
E01490,S0347,C004,SEM004,B
E01491,S0163,C070,SEM007,C+
E01492,S0539,C044,SEM001,B
E01493,S0381,C067,SEM002,B
E01494,S0912,C036,SEM003,C+
E01495,S0904,C007,SEM007,B
E01496,S0029,C029,SEM005,C-
E01497,S0798,C020,SEM001,B
E01498,S0069,C118,SEM002,C-
E01499,S0498,C113,SEM004,B-
E01500,S0411,C097,SEM006,C-
E01501,S0840,C099,SEM002,B-
E01502,S0110,C016,SEM005,B
E01503,S0581,C078,SEM008,C+
E01504,S0541,C061,SEM008,C+
E01505,S0440,C117,SEM002,C+
E01506,S0390,C055,SEM008,A
E01507,S0555,C026,SEM002,B
E01508,S0228,C010,SEM008,B
E01509,S0583,C041,SEM007,B
E01510,S0878,C011,SEM003,B-
E01511,S0412,C034,SEM004,A-
E01512,S0889,C014,SEM004,A-
E01513,S0055,C118,SEM004,D
E01514,S0634,C034,SEM002,D
E01515,S0743,C031,SEM008,B
E01516,S0337,C025,SEM004,B
E01517,S0143,C092,SEM002,C+
E01518,S0070,C012,SEM007,B+
E01519,S0379,C003,SEM006,C+
E01520,S0864,C020,SEM003,C+
E01521,S0918,C056,SEM001,B-
E01522,S0244,C145,SEM006,B-
E01523,S0181,C077,SEM002,B+
E01524,S0582,C040,SEM006,B-
E01525,S0935,C118,SEM008,C+
E01526,S0206,C073,SEM008,B-
E01527,S0368,C052,SEM008,C+
E01528,S0924,C020,SEM008,B-
E01529,S0688,C061,SEM004,B
E01530,S0803,C061,SEM001,B
E01531,S0697,C021,SEM007,B+
E01532,S0845,C019,SEM008,B
E01533,S0145,C050,SEM003,B-
E01534,S0709,C016,SEM003,B+
E01535,S0712,C115,SEM004,C
E01536,S0177,C005,SEM008,B-
E01537,S0184,C011,SEM005,B
E01538,S0584,C062,SEM006,D
E01539,S0671,C057,SEM006,C-
E01540,S0920,C080,SEM004,C-
E01541,S0736,C021,SEM002,B+
E01542,S0080,C009,SEM001,C+
E01543,S0987,C066,SEM008,B
E01544,S0890,C095,SEM001,A
E01545,S0296,C003,SEM001,B
E01546,S0932,C114,SEM007,F
E01547,S0512,C007,SEM005,B
E01548,S0594,C043,SEM003,B
E01549,S0816,C073,SEM002,D
E01550,S0452,C005,SEM006,C
E01551,S0229,C043,SEM005,B
E01552,S0984,C019,SEM002,B
E01553,S0573,C123,SEM008,C+
E01554,S0237,C029,SEM002,C+
E01555,S0264,C064,SEM007,C+
E01556,S0710,C034,SEM001,B-
E01557,S0814,C029,SEM004,B
E01558,S0132,C042,SEM005,B+
E01559,S0369,C012,SEM008,C+
E01560,S0694,C059,SEM008,C-
E01561,S0695,C029,SEM008,C+
E01562,S0384,C076,SEM002,B
E01563,S0405,C017,SEM004,B-
E01564,S0370,C018,SEM006,C+
E01565,S0754,C112,SEM005,C+
E01566,S0010,C029,SEM006,A
E01567,S0723,C017,SEM002,A
E01568,S0635,C087,SEM005,C+
E01569,S0777,C056,SEM006,A-
E01570,S0929,C030,SEM005,C+
E01571,S0431,C036,SEM006,C
E01572,S0425,C003,SEM003,B+
E01573,S0730,C088,SEM004,B
E01574,S0069,C050,SEM007,C+
E01575,S0319,C011,SEM008,C+
E01576,S0174,C091,SEM002,C
E01577,S0152,C006,SEM005,D
E01578,S0609,C066,SEM003,B-
E01579,S0300,C025,SEM005,C-
E01580,S0176,C004,SEM008,B+
E01581,S0410,C020,SEM001,B-
E01582,S0308,C015,SEM003,B
E01583,S0498,C091,SEM006,F
E01584,S0100,C080,SEM002,B
E01585,S0402,C060,SEM005,B+
E01586,S0698,C002,SEM008,B-
E01587,S0615,C034,SEM002,A-
E01588,S0513,C025,SEM008,B-
E01589,S0868,C035,SEM007,A
E01590,S0741,C041,SEM005,C+
E01591,S0351,C083,SEM006,C
E01592,S0758,C010,SEM003,B-
E01593,S0566,C068,SEM002,C-
E01594,S0894,C039,SEM002,B
E01595,S0615,C044,SEM008,C-
E01596,S0242,C015,SEM003,A
E01597,S0005,C129,SEM004,B-
E01598,S0718,C027,SEM005,A
E01599,S0606,C126,SEM003,B+
E01600,S0262,C006,SEM007,D
E01601,S0295,C046,SEM006,A
E01602,S0918,C046,SEM007,B-
E01603,S0433,C065,SEM003,C
E01604,S0201,C093,SEM001,C+
E01605,S0458,C014,SEM006,D
E01606,S0235,C115,SEM008,D
E01607,S0769,C015,SEM005,B-
E01608,S0898,C023,SEM006,B+
E01609,S0179,C053,SEM004,B
E01610,S0106,C005,SEM006,C-
E01611,S0366,C039,SEM003,A-
E01612,S0900,C086,SEM008,C-
E01613,S0714,C040,SEM008,B+
E01614,S0593,C020,SEM002,C+
E01615,S0818,C014,SEM002,B+
E01616,S0417,C035,SEM006,B
E01617,S0814,C053,SEM004,B+
E01618,S0197,C066,SEM006,B-
E01619,S0767,C049,SEM008,C
E01620,S0370,C026,SEM007,C
E01621,S0936,C066,SEM007,C-
E01622,S0284,C091,SEM003,A
E01623,S0273,C025,SEM002,B+
E01624,S0397,C066,SEM006,A
E01625,S0943,C042,SEM003,A
E01626,S0410,C072,SEM006,C+
E01627,S0995,C012,SEM007,C-
E01628,S0848,C051,SEM004,C-
E01629,S0282,C015,SEM006,F
E01630,S0087,C044,SEM003,B+
E01631,S0540,C032,SEM006,C-
E01632,S0428,C034,SEM004,B
E01633,S0505,C009,SEM001,A-
E01634,S0165,C030,SEM004,B
E01635,S0533,C106,SEM002,C
E01636,S0302,C062,SEM007,B-
E01637,S0857,C020,SEM008,B-
E01638,S0022,C037,SEM006,B
E01639,S0255,C060,SEM001,A-
E01640,S0044,C013,SEM007,A
E01641,S0987,C001,SEM006,D
E01642,S0451,C008,SEM003,B+
E01643,S0316,C123,SEM004,A-
E01644,S0683,C059,SEM005,A
E01645,S0271,C103,SEM003,C
E01646,S0572,C058,SEM007,B+
E01647,S0343,C002,SEM006,F
E01648,S0290,C065,SEM008,B
E01649,S0100,C119,SEM003,B-
E01650,S0208,C025,SEM008,A
E01651,S0755,C136,SEM004,B
E01652,S0951,C003,SEM007,B-
E01653,S0225,C090,SEM002,C+
E01654,S0468,C034,SEM008,C+
E01655,S0819,C081,SEM006,A
E01656,S0570,C131,SEM003,B
E01657,S0386,C047,SEM003,A
E01658,S0238,C046,SEM003,A-
E01659,S0790,C060,SEM001,C+
E01660,S0568,C083,SEM003,C-
E01661,S0485,C127,SEM006,C
E01662,S0195,C090,SEM005,D
E01663,S0427,C022,SEM002,B
E01664,S0132,C073,SEM002,F
E01665,S0167,C028,SEM003,B
E01666,S0511,C124,SEM003,D
E01667,S0994,C075,SEM003,C-
E01668,S0726,C086,SEM007,B
E01669,S0737,C010,SEM006,A
E01670,S0241,C010,SEM007,C+
E01671,S0807,C001,SEM003,A
E01672,S0552,C092,SEM001,C-
E01673,S0587,C118,SEM003,A-
E01674,S0495,C092,SEM001,B
E01675,S0083,C069,SEM004,B+
E01676,S0935,C054,SEM003,B
E01677,S0302,C131,SEM002,B-
E01678,S0156,C092,SEM001,C+
E01679,S0055,C015,SEM003,B
E01680,S0339,C056,SEM006,B-
E01681,S0330,C067,SEM003,B-
E01682,S0281,C084,SEM006,B
E01683,S0760,C021,SEM006,B+
E01684,S0283,C031,SEM003,C
E01685,S0147,C038,SEM001,C+
E01686,S0536,C096,SEM003,B
E01687,S0745,C041,SEM008,A-
E01688,S0749,C032,SEM002,B+
E01689,S0666,C035,SEM006,A-
E01690,S0726,C034,SEM004,C-
E01691,S0947,C004,SEM003,A-
E01692,S0927,C043,SEM003,B
E01693,S0130,C011,SEM001,B
E01694,S0562,C058,SEM003,B
E01695,S0423,C096,SEM006,A-
E01696,S0736,C057,SEM003,F
E01697,S0752,C074,SEM003,C+
E01698,S0356,C051,SEM001,B
E01699,S0514,C079,SEM002,B
E01700,S0422,C061,SEM007,B+
E01701,S0102,C008,SEM002,C+
E01702,S0267,C080,SEM003,C
E01703,S0678,C096,SEM006,B+
E01704,S0443,C078,SEM005,B-
E01705,S0599,C118,SEM004,B+
E01706,S0680,C063,SEM006,B+
E01707,S0916,C030,SEM005,B-
E01708,S0224,C013,SEM003,A-
E01709,S0312,C005,SEM007,C+
E01710,S0781,C054,SEM005,C
E01711,S0324,C080,SEM006,A-
E01712,S0468,C048,SEM001,C
E01713,S0115,C054,SEM004,B
E01714,S0673,C101,SEM002,C
E01715,S0023,C096,SEM006,B+
E01716,S0117,C025,SEM005,B-
E01717,S0487,C025,SEM005,B-
E01718,S0787,C072,SEM006,B+
E01719,S0697,C008,SEM008,A
E01720,S0104,C022,SEM002,B
E01721,S0006,C038,SEM008,B
E01722,S0596,C003,SEM004,B
E01723,S0466,C051,SEM008,B-
E01724,S0632,C138,SEM003,B
E01725,S0672,C086,SEM002,A
E01726,S0915,C038,SEM007,B
E01727,S0899,C116,SEM005,B
E01728,S0440,C055,SEM002,D
E01729,S0249,C002,SEM002,B+
E01730,S0890,C061,SEM008,A
E01731,S0418,C134,SEM001,A-
E01732,S0898,C034,SEM007,B-
E01733,S0933,C077,SEM007,B
E01734,S0114,C091,SEM001,B
E01735,S0418,C007,SEM004,B+
E01736,S0680,C090,SEM003,B
E01737,S0474,C023,SEM002,C+
E01738,S0763,C031,SEM006,C-
E01739,S0890,C002,SEM005,C+
E01740,S0853,C086,SEM007,B-
E01741,S0634,C058,SEM004,C-
E01742,S0095,C093,SEM007,D
E01743,S0841,C033,SEM005,C
E01744,S0516,C085,SEM004,C
E01745,S0179,C069,SEM001,A
E01746,S0332,C023,SEM004,B+
E01747,S0024,C032,SEM008,B
E01748,S0746,C041,SEM001,B+
E01749,S0093,C081,SEM002,B
E01750,S0633,C087,SEM004,C+
E01751,S0469,C058,SEM004,A-
E01752,S0322,C021,SEM006,A
E01753,S0971,C003,SEM001,D
E01754,S0656,C109,SEM005,B
E01755,S0583,C004,SEM005,B
E01756,S0209,C036,SEM004,C
E01757,S0536,C014,SEM001,B+
E01758,S0805,C037,SEM005,B
E01759,S0523,C020,SEM008,B-
E01760,S0166,C096,SEM002,A
E01761,S0451,C002,SEM004,B-
E01762,S0078,C010,SEM004,C+
E01763,S0099,C002,SEM006,A
E01764,S0980,C029,SEM001,A
E01765,S0555,C081,SEM004,B+
E01766,S0329,C004,SEM002,B
E01767,S0736,C007,SEM003,B
E01768,S0103,C082,SEM007,B
E01769,S0228,C108,SEM008,C
E01770,S0508,C120,SEM004,B
E01771,S0715,C026,SEM006,B
E01772,S0263,C064,SEM001,A-
E01773,S0802,C018,SEM005,A-
E01774,S0470,C106,SEM005,A-
E01775,S0464,C025,SEM006,B
E01776,S0465,C037,SEM005,C
E01777,S0531,C045,SEM005,F
E01778,S0588,C078,SEM008,F
E01779,S0012,C145,SEM008,C
E01780,S0945,C001,SEM008,F
E01781,S0324,C113,SEM002,B-
E01782,S0390,C052,SEM004,B-
E01783,S0756,C065,SEM008,B-
E01784,S0239,C014,SEM002,C+
E01785,S0081,C004,SEM006,F
E01786,S0588,C070,SEM003,A
E01787,S0989,C109,SEM002,C
E01788,S0795,C094,SEM001,B+
E01789,S0180,C021,SEM005,F
E01790,S0140,C060,SEM001,B+
E01791,S0432,C004,SEM007,C+
E01792,S0141,C011,SEM001,B+
E01793,S0009,C048,SEM003,C
E01794,S0327,C060,SEM001,B+
E01795,S0350,C038,SEM003,A
E01796,S0567,C028,SEM008,D
E01797,S0066,C034,SEM007,C+
E01798,S0746,C128,SEM005,A-
E01799,S0337,C019,SEM008,D
E01800,S0932,C022,SEM007,D
E01801,S0714,C055,SEM002,B-
E01802,S0847,C079,SEM001,C-
E01803,S0243,C035,SEM002,B+
E01804,S0209,C071,SEM002,A-
E01805,S0100,C043,SEM006,B
E01806,S0465,C041,SEM004,B
E01807,S0462,C089,SEM007,B
E01808,S0992,C014,SEM006,B-
E01809,S0168,C006,SEM008,C-
E01810,S0225,C004,SEM001,A-
E01811,S0828,C068,SEM002,B
E01812,S0628,C001,SEM007,B
E01813,S0156,C048,SEM002,C-
E01814,S0776,C013,SEM003,A-
E01815,S0054,C002,SEM006,B+
E01816,S0673,C113,SEM006,B-
E01817,S0912,C070,SEM008,C
E01818,S0306,C002,SEM002,A
E01819,S0956,C089,SEM008,B
E01820,S0525,C071,SEM003,C+
E01821,S0023,C019,SEM006,B+
E01822,S0991,C017,SEM007,B-
E01823,S0239,C065,SEM004,B+
E01824,S0749,C059,SEM001,C+
E01825,S0271,C148,SEM007,B-
E01826,S0883,C030,SEM006,B+
E01827,S0426,C056,SEM008,C-
E01828,S0457,C048,SEM006,B
E01829,S0130,C049,SEM005,B+
E01830,S0047,C035,SEM008,B+
E01831,S0869,C093,SEM008,B
E01832,S0124,C119,SEM008,B-
E01833,S0102,C044,SEM008,C-
E01834,S0780,C048,SEM005,B-
E01835,S0604,C127,SEM003,C+
E01836,S0119,C001,SEM007,B
E01837,S0122,C011,SEM008,A
E01838,S0757,C090,SEM004,B
E01839,S0288,C007,SEM006,A-
E01840,S0266,C063,SEM003,B
E01841,S0037,C024,SEM003,B
E01842,S0115,C033,SEM006,D
E01843,S0295,C033,SEM007,B-
E01844,S0156,C052,SEM007,B
E01845,S0136,C043,SEM002,A-
E01846,S0547,C077,SEM008,B+
E01847,S0561,C011,SEM005,C+
E01848,S0359,C050,SEM005,B-
E01849,S0747,C001,SEM002,C+
E01850,S0463,C126,SEM007,A
E01851,S0022,C040,SEM008,A-
E01852,S0214,C034,SEM005,A
E01853,S0752,C106,SEM004,B+
E01854,S0348,C033,SEM006,B
E01855,S0175,C030,SEM001,B-
E01856,S0668,C044,SEM002,B
E01857,S0506,C111,SEM005,B-
E01858,S0258,C061,SEM007,B+
E01859,S0469,C064,SEM002,B
E01860,S0653,C067,SEM002,C-
E01861,S0872,C055,SEM001,B-
E01862,S0618,C021,SEM003,B
E01863,S0109,C001,SEM008,D
E01864,S0322,C074,SEM008,C
E01865,S0322,C014,SEM003,B-
E01866,S0542,C054,SEM002,B-
E01867,S0440,C040,SEM005,B+
E01868,S0246,C029,SEM006,C+
E01869,S0333,C022,SEM002,B
E01870,S0849,C094,SEM005,A-
E01871,S0619,C076,SEM005,C+
E01872,S0884,C020,SEM005,B-
E01873,S0920,C071,SEM008,C+
E01874,S0270,C082,SEM005,F
E01875,S0633,C058,SEM006,C-
E01876,S0883,C051,SEM002,C-
E01877,S0261,C040,SEM004,C-
E01878,S0566,C035,SEM003,F
E01879,S0288,C011,SEM006,C-
E01880,S0147,C068,SEM004,B+
E01881,S0509,C023,SEM001,B
E01882,S0125,C025,SEM004,B-
E01883,S0324,C006,SEM001,B
E01884,S0877,C010,SEM003,C+
E01885,S0800,C070,SEM003,B+
E01886,S0255,C055,SEM004,B-
E01887,S0226,C098,SEM002,B+
E01888,S0100,C068,SEM003,B
E01889,S0168,C044,SEM002,A-
E01890,S0926,C026,SEM005,C-
E01891,S0153,C018,SEM006,A-
E01892,S0293,C009,SEM006,B+
E01893,S0326,C003,SEM003,B
E01894,S0486,C002,SEM003,B
E01895,S0974,C050,SEM004,B+
E01896,S0072,C023,SEM003,C
E01897,S0145,C118,SEM002,A-
E01898,S0339,C048,SEM008,C-
E01899,S0607,C067,SEM005,B-
E01900,S0277,C062,SEM003,B
E01901,S0739,C087,SEM002,A-
E01902,S0477,C011,SEM008,B
E01903,S0925,C051,SEM002,C+
E01904,S0615,C082,SEM002,B-
E01905,S0517,C049,SEM003,B
E01906,S0700,C014,SEM008,B+
E01907,S0205,C005,SEM001,B
E01908,S0148,C023,SEM005,C
E01909,S0146,C033,SEM002,C+
E01910,S0610,C101,SEM008,B
E01911,S0604,C041,SEM002,A-
E01912,S0458,C096,SEM006,B-
E01913,S0838,C044,SEM006,A
E01914,S0754,C043,SEM006,A-
E01915,S0605,C019,SEM002,B
E01916,S0026,C043,SEM005,B+
E01917,S0599,C110,SEM008,B
E01918,S0316,C015,SEM002,B
E01919,S0551,C003,SEM007,A-
E01920,S0587,C040,SEM003,C+
E01921,S0344,C006,SEM001,C
E01922,S0307,C021,SEM005,C+
E01923,S0993,C026,SEM004,C+
E01924,S0065,C013,SEM008,B
E01925,S0521,C057,SEM007,B+
E01926,S0441,C031,SEM003,C-
E01927,S0947,C009,SEM008,A
E01928,S0698,C071,SEM003,A-
E01929,S0669,C117,SEM004,B+
E01930,S0048,C061,SEM008,F
E01931,S0423,C071,SEM006,C+
E01932,S0730,C035,SEM002,C+
E01933,S0235,C078,SEM007,A
E01934,S0650,C040,SEM008,B
E01935,S0522,C140,SEM005,D
E01936,S0657,C030,SEM008,A-
E01937,S0396,C034,SEM007,A
E01938,S0500,C116,SEM007,B+
E01939,S0696,C125,SEM006,A-
E01940,S0040,C057,SEM005,B+
E01941,S0109,C109,SEM002,A-
E01942,S0143,C112,SEM008,C
E01943,S0250,C061,SEM003,B+
E01944,S0758,C044,SEM003,A-
E01945,S0583,C080,SEM008,D
E01946,S0494,C023,SEM008,A
E01947,S0520,C071,SEM002,A
E01948,S0496,C080,SEM004,B
E01949,S0275,C105,SEM008,B
E01950,S0626,C115,SEM008,A
E01951,S0013,C056,SEM006,C
E01952,S0597,C079,SEM006,C
E01953,S0893,C050,SEM007,D
E01954,S0611,C089,SEM004,B+
E01955,S0454,C002,SEM001,C+
E01956,S0206,C013,SEM004,B
E01957,S0177,C101,SEM006,B-
E01958,S0438,C058,SEM003,C
E01959,S0876,C031,SEM006,C
E01960,S0992,C005,SEM008,B
E01961,S0923,C119,SEM005,C+
E01962,S0641,C130,SEM003,B
E01963,S0735,C004,SEM006,B
E01964,S0591,C063,SEM007,B
E01965,S0119,C102,SEM004,B-
E01966,S0743,C064,SEM006,D
E01967,S0229,C025,SEM001,A
E01968,S0922,C082,SEM006,B+
E01969,S0304,C039,SEM002,C+
E01970,S0635,C123,SEM007,B
E01971,S0161,C083,SEM006,B
E01972,S0576,C081,SEM005,A
E01973,S0563,C074,SEM007,B+
E01974,S0996,C055,SEM004,B
E01975,S0173,C077,SEM005,A-
E01976,S0573,C121,SEM002,B+
E01977,S0639,C018,SEM005,B
E01978,S0384,C033,SEM002,B
E01979,S0279,C110,SEM005,A-
E01980,S0309,C036,SEM004,C-
E01981,S0856,C004,SEM002,B-
E01982,S0674,C036,SEM003,C+
E01983,S0861,C041,SEM004,C-
E01984,S0301,C048,SEM002,B-
E01985,S0251,C026,SEM003,C
E01986,S0527,C055,SEM003,A-
E01987,S0826,C066,SEM002,B
E01988,S0589,C043,SEM004,C-
E01989,S0621,C005,SEM001,B+
E01990,S0726,C012,SEM004,A-
E01991,S0150,C116,SEM003,B+
E01992,S0236,C085,SEM006,B
E01993,S0815,C053,SEM005,A-
E01994,S0161,C059,SEM004,C
E01995,S0131,C060,SEM003,C-
E01996,S0376,C061,SEM004,C
E01997,S0144,C033,SEM006,B
E01998,S0203,C044,SEM008,B-
E01999,S0242,C058,SEM008,C+
E02000,S0163,C040,SEM005,B
E02001,S0844,C107,SEM002,B
E02002,S0604,C031,SEM007,A-
E02003,S0394,C072,SEM003,C
E02004,S0547,C091,SEM001,B-
E02005,S0597,C052,SEM002,A
E02006,S0197,C030,SEM003,C+
E02007,S0260,C035,SEM006,B-
E02008,S0337,C064,SEM006,B-
E02009,S0869,C119,SEM003,A
E02010,S0166,C029,SEM001,B-
E02011,S0794,C045,SEM001,B-
E02012,S0122,C010,SEM008,A-
E02013,S0355,C014,SEM007,B
E02014,S0220,C027,SEM002,B-
E02015,S0884,C028,SEM008,A
E02016,S0042,C056,SEM004,A-
E02017,S0412,C004,SEM003,B-
E02018,S0769,C078,SEM005,A
E02019,S0202,C043,SEM003,B
E02020,S0047,C028,SEM005,A
E02021,S0937,C050,SEM002,B+
E02022,S0626,C120,SEM003,B-
E02023,S0736,C014,SEM002,A
E02024,S0695,C084,SEM007,C
E02025,S0740,C029,SEM002,A
E02026,S0723,C073,SEM003,B
E02027,S0253,C011,SEM008,A-
E02028,S0357,C069,SEM007,B
E02029,S0853,C063,SEM007,B+
E02030,S0649,C007,SEM008,A
E02031,S0707,C026,SEM006,D
E02032,S0124,C032,SEM003,B
E02033,S0790,C068,SEM006,B
E02034,S0339,C015,SEM006,B-
E02035,S0554,C010,SEM004,A-
E02036,S0952,C062,SEM006,C
E02037,S0165,C018,SEM007,A-
E02038,S0243,C091,SEM001,D
E02039,S0832,C011,SEM005,A-
E02040,S0096,C066,SEM001,B-
E02041,S0771,C097,SEM004,C+
E02042,S0830,C030,SEM003,A-
E02043,S0463,C061,SEM003,C+
E02044,S0285,C108,SEM001,C+
E02045,S0010,C016,SEM004,B+
E02046,S0351,C034,SEM002,D
E02047,S0358,C022,SEM005,C-
E02048,S0958,C023,SEM002,C+
E02049,S0497,C089,SEM007,B+
E02050,S0409,C055,SEM005,A
E02051,S0923,C103,SEM003,B
E02052,S0619,C014,SEM005,C+
E02053,S0690,C079,SEM003,A
E02054,S0982,C013,SEM001,B
E02055,S0036,C040,SEM004,B
E02056,S0916,C104,SEM002,B+
E02057,S0069,C100,SEM001,B+
E02058,S0894,C083,SEM001,B
E02059,S0200,C110,SEM001,B+
E02060,S0465,C083,SEM007,A-
E02061,S0036,C014,SEM008,C+
E02062,S0706,C024,SEM001,C
E02063,S0397,C007,SEM005,A-
E02064,S0004,C025,SEM003,C
E02065,S0806,C032,SEM004,C+
E02066,S0628,C052,SEM003,A-
E02067,S0373,C001,SEM002,B+
E02068,S0847,C070,SEM001,A-
E02069,S0263,C023,SEM003,A
E02070,S0607,C025,SEM001,B-
E02071,S0234,C130,SEM002,B-
E02072,S0751,C026,SEM003,A-
E02073,S0048,C093,SEM008,B
E02074,S0501,C035,SEM008,C
E02075,S0826,C035,SEM004,D
E02076,S0527,C128,SEM005,B-
E02077,S0348,C013,SEM003,C+
E02078,S0590,C074,SEM002,B+
E02079,S0965,C033,SEM003,A
E02080,S0170,C051,SEM002,B
E02081,S0357,C083,SEM007,B
E02082,S0557,C089,SEM001,A-
E02083,S0269,C050,SEM005,A-
E02084,S0513,C020,SEM004,A
E02085,S0675,C007,SEM004,C+
E02086,S0080,C012,SEM005,B
E02087,S0864,C033,SEM006,C
E02088,S0450,C060,SEM002,B
E02089,S0873,C131,SEM002,B-
E02090,S0115,C130,SEM005,B
E02091,S0541,C070,SEM002,B-
E02092,S0459,C079,SEM005,A
E02093,S0735,C019,SEM001,B+
E02094,S0846,C005,SEM002,B+
E02095,S0615,C095,SEM001,A-
E02096,S0727,C129,SEM004,C-
E02097,S0553,C065,SEM005,B
E02098,S0149,C018,SEM008,C-
E02099,S0683,C029,SEM002,B-
E02100,S0896,C052,SEM003,C+
E02101,S0524,C048,SEM001,B
E02102,S0528,C107,SEM003,B-
E02103,S0405,C038,SEM006,B-
E02104,S0564,C006,SEM004,D
E02105,S0589,C039,SEM006,B
E02106,S0247,C082,SEM001,B-
E02107,S0118,C009,SEM005,B-
E02108,S0240,C010,SEM006,A-
E02109,S0048,C089,SEM002,B
E02110,S0994,C005,SEM003,C-
E02111,S0734,C061,SEM005,B
E02112,S0879,C022,SEM006,C+
E02113,S0630,C053,SEM005,B
E02114,S0534,C073,SEM003,B
E02115,S0345,C007,SEM001,A-
E02116,S0226,C020,SEM002,C+
E02117,S0505,C034,SEM007,B
E02118,S0507,C063,SEM007,C+
E02119,S0972,C032,SEM005,D
E02120,S0066,C018,SEM001,B
E02121,S0617,C055,SEM002,B-
E02122,S0352,C006,SEM008,B-
E02123,S0381,C050,SEM002,C
E02124,S0728,C051,SEM006,B-
E02125,S0704,C090,SEM007,C+
E02126,S0133,C027,SEM007,C
E02127,S0370,C008,SEM002,C-
E02128,S0354,C003,SEM003,B-
E02129,S0667,C058,SEM003,C
E02130,S0583,C045,SEM001,C-
E02131,S0429,C069,SEM008,B+
E02132,S0116,C017,SEM008,B
E02133,S0541,C026,SEM003,C+
E02134,S0147,C011,SEM008,C
E02135,S0425,C003,SEM006,C
E02136,S0817,C116,SEM008,B
E02137,S0957,C082,SEM006,A
E02138,S0847,C009,SEM003,B+
E02139,S0695,C042,SEM007,F
E02140,S0419,C060,SEM001,A
E02141,S0142,C065,SEM001,A
E02142,S0390,C104,SEM001,A
E02143,S0669,C055,SEM007,A
E02144,S0027,C035,SEM004,B+
E02145,S0891,C076,SEM007,A
E02146,S0227,C099,SEM006,B
E02147,S0766,C032,SEM003,B
E02148,S0551,C009,SEM001,B-
E02149,S0306,C140,SEM008,C-
E02150,S0089,C110,SEM003,B+
E02151,S0820,C103,SEM005,B-
E02152,S0921,C085,SEM003,B+
E02153,S0309,C062,SEM005,B
E02154,S0882,C020,SEM002,B-
E02155,S0735,C003,SEM007,C
E02156,S0200,C048,SEM003,C-
E02157,S0127,C145,SEM007,B+
E02158,S0582,C065,SEM005,C-
E02159,S0389,C082,SEM001,B-
E02160,S0862,C008,SEM002,C
E02161,S0333,C079,SEM003,C-
E02162,S0120,C040,SEM006,B
E02163,S0788,C082,SEM003,B+
E02164,S0179,C002,SEM002,A-
E02165,S0195,C079,SEM001,B
E02166,S0193,C008,SEM001,B
E02167,S0381,C034,SEM007,B-
E02168,S0935,C102,SEM007,B
E02169,S0499,C027,SEM008,B+
E02170,S0895,C024,SEM006,B-
E02171,S0773,C021,SEM001,D
E02172,S0276,C102,SEM007,C+
E02173,S0805,C030,SEM003,B+
E02174,S0825,C002,SEM008,D
E02175,S0733,C060,SEM008,A-
E02176,S0020,C045,SEM003,B-
E02177,S0457,C093,SEM002,B+
E02178,S0367,C004,SEM008,C-
E02179,S0340,C102,SEM008,D
E02180,S0826,C014,SEM008,C
E02181,S0365,C066,SEM003,A-
E02182,S0667,C001,SEM002,D
E02183,S0370,C079,SEM002,B+
E02184,S0961,C026,SEM001,A
E02185,S0920,C029,SEM005,C+
E02186,S0941,C026,SEM008,A-
E02187,S0672,C081,SEM004,C
E02188,S0341,C116,SEM005,B
E02189,S0565,C084,SEM005,C+
E02190,S0324,C042,SEM007,B-
E02191,S0003,C009,SEM006,C
E02192,S0044,C030,SEM006,B
E02193,S0762,C047,SEM008,B+
E02194,S0795,C093,SEM002,A
E02195,S0324,C068,SEM005,C-
E02196,S0565,C027,SEM006,B-
E02197,S0251,C132,SEM001,B-
E02198,S0991,C054,SEM003,D
E02199,S0240,C004,SEM001,B-
E02200,S0328,C021,SEM007,B
E02201,S0882,C022,SEM007,B+
E02202,S0868,C126,SEM006,D
E02203,S0215,C049,SEM005,B-
E02204,S0628,C102,SEM007,B+
E02205,S0732,C137,SEM001,C-
E02206,S0658,C077,SEM006,B+
E02207,S0940,C034,SEM001,B-
E02208,S0125,C013,SEM005,A
E02209,S0393,C046,SEM007,B-
E02210,S0564,C061,SEM007,A
E02211,S0505,C065,SEM006,B
E02212,S0460,C111,SEM003,B-
E02213,S0872,C053,SEM006,B+
E02214,S0626,C135,SEM008,B-
E02215,S0128,C065,SEM005,C
E02216,S0611,C018,SEM007,C-
E02217,S0851,C050,SEM003,D
E02218,S0117,C045,SEM007,B
E02219,S0337,C008,SEM003,B+
E02220,S0705,C092,SEM002,A-
E02221,S0948,C096,SEM005,B
E02222,S0815,C094,SEM003,B+
E02223,S0598,C003,SEM007,B+
E02224,S0200,C058,SEM001,B-
E02225,S0277,C060,SEM003,D
E02226,S0268,C090,SEM003,C+
E02227,S0795,C067,SEM006,B
E02228,S0633,C019,SEM003,B
E02229,S0626,C076,SEM007,C+
E02230,S0793,C005,SEM006,B
E02231,S0538,C034,SEM006,B
E02232,S0562,C070,SEM002,C
E02233,S0603,C072,SEM003,B+
E02234,S0581,C023,SEM006,C+
E02235,S0585,C008,SEM003,B+
E02236,S0764,C007,SEM001,B
E02237,S0155,C115,SEM003,B
E02238,S0304,C030,SEM004,B+
E02239,S0364,C093,SEM003,B
E02240,S0463,C057,SEM008,F
E02241,S0959,C003,SEM008,A-
E02242,S0552,C040,SEM002,A-
E02243,S0839,C027,SEM002,B
E02244,S0683,C092,SEM004,B-
E02245,S0719,C128,SEM001,C+
E02246,S0939,C100,SEM006,B-
E02247,S0429,C098,SEM002,B
E02248,S0403,C091,SEM001,C
E02249,S0176,C013,SEM006,B
E02250,S1000,C070,SEM006,B+
E02251,S0957,C062,SEM003,A-
E02252,S0120,C038,SEM006,B-
E02253,S0991,C134,SEM006,B+
E02254,S0082,C112,SEM006,B-
E02255,S0745,C035,SEM007,B-
E02256,S0554,C016,SEM005,A-
E02257,S0323,C001,SEM007,B
E02258,S0922,C047,SEM003,D
E02259,S0294,C082,SEM008,A
E02260,S0133,C085,SEM005,C+
E02261,S0698,C087,SEM002,C
E02262,S0140,C027,SEM005,B
E02263,S0848,C056,SEM006,B
E02264,S0865,C017,SEM007,C
E02265,S0980,C053,SEM005,C-
E02266,S0407,C096,SEM003,B+
E02267,S0381,C095,SEM001,B+
E02268,S0478,C005,SEM001,C+
E02269,S0026,C126,SEM008,A
E02270,S0623,C001,SEM005,B+
E02271,S0651,C019,SEM008,B+
E02272,S0369,C095,SEM005,B-
E02273,S0729,C007,SEM008,A
E02274,S0020,C037,SEM005,D
E02275,S0758,C116,SEM006,B+
E02276,S0387,C006,SEM003,B
E02277,S0362,C117,SEM005,B
E02278,S0940,C096,SEM005,A
E02279,S0856,C020,SEM006,F
E02280,S0832,C027,SEM003,C
E02281,S0059,C050,SEM003,B
E02282,S0056,C078,SEM001,A
E02283,S0764,C033,SEM002,C+
E02284,S0566,C074,SEM007,B
E02285,S0698,C032,SEM002,F
E02286,S0003,C004,SEM004,F
E02287,S0625,C024,SEM002,B
E02288,S0929,C008,SEM001,B-
E02289,S0257,C040,SEM008,B
E02290,S0174,C059,SEM008,F
E02291,S0061,C062,SEM006,B+
E02292,S0412,C066,SEM008,C
E02293,S0141,C011,SEM005,B
E02294,S0013,C138,SEM005,B+
E02295,S0579,C051,SEM005,A-
E02296,S0452,C091,SEM001,B
E02297,S0317,C041,SEM002,B+
E02298,S0777,C149,SEM004,C+
E02299,S0727,C059,SEM008,C-
E02300,S0906,C031,SEM004,C
E02301,S0590,C020,SEM001,C
E02302,S0365,C059,SEM008,B+
E02303,S0878,C075,SEM004,B+
E02304,S0242,C107,SEM006,B
E02305,S0113,C090,SEM008,B+
E02306,S0178,C017,SEM001,B+
E02307,S0976,C043,SEM005,B-
E02308,S0495,C017,SEM005,B+
E02309,S0201,C075,SEM001,B
E02310,S0696,C038,SEM006,C-
E02311,S0510,C033,SEM007,B-
E02312,S0277,C034,SEM002,C+
E02313,S0838,C061,SEM002,B-
E02314,S0276,C065,SEM003,B
E02315,S0552,C047,SEM006,A
E02316,S0573,C039,SEM008,C-
E02317,S0239,C109,SEM006,B+
E02318,S0756,C051,SEM007,A
E02319,S0291,C004,SEM007,B+
E02320,S0942,C087,SEM005,B-
E02321,S0280,C003,SEM003,B
E02322,S0091,C049,SEM008,C-
E02323,S0453,C070,SEM003,C
E02324,S0658,C009,SEM008,C+
E02325,S0299,C001,SEM008,B
E02326,S0819,C020,SEM006,B+
E02327,S0347,C013,SEM006,C
E02328,S0580,C059,SEM008,B
E02329,S0798,C034,SEM001,B
E02330,S0575,C121,SEM005,F
E02331,S0720,C056,SEM001,C+
E02332,S0113,C062,SEM002,B
E02333,S0352,C042,SEM003,C-
E02334,S0607,C042,SEM003,A-
E02335,S0056,C098,SEM004,B-
E02336,S0134,C027,SEM001,B
E02337,S0987,C069,SEM002,B
E02338,S0845,C105,SEM003,A-
E02339,S0352,C058,SEM004,C+
E02340,S0375,C067,SEM003,B-
E02341,S0223,C033,SEM001,F
E02342,S0433,C021,SEM001,B+
E02343,S0498,C077,SEM004,A
E02344,S0652,C008,SEM006,C+
E02345,S0885,C100,SEM005,C
E02346,S0328,C008,SEM007,B-
E02347,S0634,C132,SEM002,A-
E02348,S0722,C087,SEM006,B+
E02349,S0985,C024,SEM006,C+
E02350,S0207,C080,SEM007,A-
E02351,S0213,C036,SEM001,C+
E02352,S0492,C056,SEM008,C-
E02353,S0273,C066,SEM005,B+
E02354,S0923,C040,SEM007,A-
E02355,S0780,C036,SEM007,B-
E02356,S0071,C076,SEM006,B+
E02357,S0542,C050,SEM004,D
E02358,S0328,C014,SEM008,B
E02359,S0687,C034,SEM002,B
E02360,S0730,C082,SEM001,B-
E02361,S0075,C092,SEM007,A-
E02362,S0734,C041,SEM005,B
E02363,S0305,C114,SEM003,B
E02364,S0086,C073,SEM007,C
E02365,S0229,C005,SEM002,B+
E02366,S0957,C069,SEM008,B+
E02367,S0541,C024,SEM001,B+
E02368,S0779,C073,SEM001,C+
E02369,S0240,C109,SEM005,A
E02370,S0306,C084,SEM006,B-
E02371,S0765,C022,SEM001,B
E02372,S0325,C022,SEM001,D
E02373,S0831,C070,SEM005,C
E02374,S0530,C136,SEM008,C
E02375,S0096,C043,SEM005,A
E02376,S0484,C034,SEM007,B+
E02377,S0360,C009,SEM004,C+
E02378,S0398,C027,SEM001,B-
E02379,S0821,C008,SEM004,B+
E02380,S0668,C006,SEM005,B+
E02381,S0808,C063,SEM003,B
E02382,S0208,C016,SEM001,B-
E02383,S0953,C029,SEM007,A
E02384,S0295,C027,SEM008,B+
E02385,S0537,C075,SEM002,A-
E02386,S0942,C102,SEM007,C-
E02387,S0911,C024,SEM001,C-
E02388,S0869,C110,SEM003,B+
E02389,S0101,C063,SEM006,C+
E02390,S0844,C069,SEM005,B-
E02391,S0877,C029,SEM001,B+
E02392,S0332,C082,SEM008,A-
E02393,S0291,C034,SEM002,B
E02394,S0378,C011,SEM007,B
E02395,S0293,C072,SEM007,B+
E02396,S0582,C039,SEM003,A-
E02397,S0323,C011,SEM006,A-
E02398,S0742,C025,SEM004,A-
E02399,S0538,C077,SEM008,B
E02400,S0139,C033,SEM006,B
E02401,S0683,C042,SEM008,B
E02402,S0766,C105,SEM004,B-
E02403,S0202,C085,SEM008,C+
E02404,S0955,C049,SEM001,A-
E02405,S0292,C099,SEM004,C
E02406,S0270,C009,SEM003,B+
E02407,S0520,C054,SEM008,C
E02408,S0352,C082,SEM007,B+
E02409,S0288,C070,SEM002,A
E02410,S0586,C008,SEM005,C
E02411,S0560,C086,SEM003,B-
E02412,S0543,C050,SEM004,B
E02413,S0011,C046,SEM007,B-
E02414,S0461,C028,SEM008,B
E02415,S0483,C059,SEM004,B
E02416,S0617,C021,SEM002,A
E02417,S0789,C040,SEM001,B
E02418,S0186,C003,SEM006,B
E02419,S0671,C073,SEM006,B
E02420,S0427,C003,SEM004,C+
E02421,S0515,C022,SEM008,B
E02422,S0575,C014,SEM006,C+
E02423,S0539,C050,SEM008,B
E02424,S0496,C013,SEM005,B+
E02425,S0274,C045,SEM001,B
E02426,S0676,C098,SEM007,C+
E02427,S0691,C082,SEM008,C-
E02428,S0774,C050,SEM008,B-
E02429,S0451,C025,SEM001,C
E02430,S0812,C046,SEM004,B-
E02431,S0102,C022,SEM008,C+
E02432,S0997,C005,SEM003,C
E02433,S0249,C094,SEM008,B
E02434,S0678,C042,SEM004,A
E02435,S0356,C096,SEM006,B
E02436,S0300,C079,SEM008,C
E02437,S0369,C070,SEM003,B+
E02438,S0693,C005,SEM004,D
E02439,S0214,C086,SEM007,B
E02440,S0974,C100,SEM005,C+
E02441,S0105,C005,SEM007,B
E02442,S0051,C078,SEM008,F
E02443,S0144,C003,SEM002,B+
E02444,S0215,C011,SEM005,C+
E02445,S0436,C050,SEM005,A-
E02446,S0142,C103,SEM005,A-
E02447,S0287,C031,SEM005,B
E02448,S0825,C059,SEM002,C
E02449,S0960,C091,SEM004,F
E02450,S0482,C024,SEM005,A
E02451,S0338,C073,SEM005,B+
E02452,S0827,C045,SEM001,F
E02453,S0306,C027,SEM001,B
E02454,S0522,C088,SEM008,A
E02455,S0514,C094,SEM008,B
E02456,S0896,C026,SEM008,C
E02457,S0738,C114,SEM003,B
E02458,S0619,C057,SEM004,A-
E02459,S0388,C032,SEM001,B
E02460,S0945,C087,SEM001,B-
E02461,S0731,C011,SEM003,A-
E02462,S0516,C069,SEM004,C+
E02463,S0060,C138,SEM005,A-
E02464,S0641,C100,SEM001,A
E02465,S0901,C004,SEM004,D
E02466,S0661,C007,SEM003,C-
E02467,S0051,C029,SEM006,B
E02468,S0311,C022,SEM005,B+
E02469,S0479,C011,SEM002,B
E02470,S0340,C032,SEM006,B+
E02471,S0960,C029,SEM008,B
E02472,S0018,C096,SEM003,A-
E02473,S0333,C036,SEM004,D
E02474,S0373,C120,SEM002,C-
E02475,S0904,C078,SEM007,D
E02476,S0418,C011,SEM005,B+
E02477,S0493,C066,SEM008,B
E02478,S0652,C110,SEM001,B+
E02479,S0122,C021,SEM008,D
E02480,S0379,C067,SEM002,B
E02481,S0233,C064,SEM005,B-
E02482,S0518,C054,SEM002,C
E02483,S0998,C032,SEM005,B
E02484,S0972,C022,SEM008,B
E02485,S0964,C104,SEM003,A
E02486,S0186,C032,SEM002,B+
E02487,S0410,C070,SEM006,B-
E02488,S0326,C003,SEM005,D
E02489,S0263,C012,SEM004,C
E02490,S0017,C096,SEM001,A-
E02491,S0613,C048,SEM003,A-
E02492,S0669,C116,SEM001,B
E02493,S0784,C015,SEM003,C+
E02494,S0769,C009,SEM002,B+
E02495,S0974,C073,SEM001,C+
E02496,S0300,C086,SEM007,B+
E02497,S0145,C034,SEM003,B+
E02498,S0103,C037,SEM007,C-
E02499,S0710,C015,SEM005,B
E02500,S0729,C006,SEM008,B+
E02501,S0999,C012,SEM002,C-
E02502,S0917,C096,SEM002,B-
E02503,S0403,C021,SEM001,B+
E02504,S0481,C046,SEM006,B-
E02505,S0152,C068,SEM008,C+
E02506,S0727,C110,SEM002,C
E02507,S0481,C053,SEM005,B+
E02508,S0236,C029,SEM007,C+
E02509,S0260,C055,SEM004,B
E02510,S0757,C063,SEM004,B-
E02511,S0912,C091,SEM004,B
E02512,S0623,C055,SEM002,A-
E02513,S0400,C032,SEM006,C-
E02514,S0831,C033,SEM008,B-
E02515,S0922,C027,SEM003,B+
E02516,S0641,C021,SEM007,B-
E02517,S0106,C069,SEM003,B+
E02518,S0732,C104,SEM004,D
E02519,S0680,C135,SEM008,B+
E02520,S0421,C021,SEM007,B+
E02521,S0859,C097,SEM001,F
E02522,S0590,C127,SEM008,B-
E02523,S0910,C107,SEM007,B+
E02524,S0253,C001,SEM001,B
E02525,S0917,C060,SEM007,B
E02526,S0671,C060,SEM001,B
E02527,S0825,C039,SEM002,A
E02528,S0163,C060,SEM003,A
E02529,S0733,C011,SEM001,B
E02530,S0800,C080,SEM008,B
E02531,S0021,C001,SEM005,B+
E02532,S0160,C002,SEM002,B+
E02533,S0400,C020,SEM003,C+
E02534,S0630,C004,SEM003,B-
E02535,S0305,C011,SEM006,C-
E02536,S0600,C003,SEM002,B
E02537,S0852,C068,SEM006,C+
E02538,S0279,C073,SEM004,F
E02539,S0541,C049,SEM008,C+
E02540,S0194,C008,SEM005,B
E02541,S0969,C001,SEM008,B
E02542,S0166,C078,SEM007,B
E02543,S0523,C033,SEM006,B-
E02544,S0197,C080,SEM002,C+
E02545,S0548,C063,SEM001,C
E02546,S0832,C002,SEM002,B-
E02547,S0392,C024,SEM008,B+
E02548,S0263,C094,SEM008,C-
E02549,S0092,C031,SEM002,F
E02550,S0116,C009,SEM001,B+
E02551,S0730,C099,SEM005,B+
E02552,S0971,C003,SEM002,A
E02553,S0373,C080,SEM005,B+
E02554,S0258,C039,SEM007,A-
E02555,S0480,C001,SEM002,F
E02556,S0727,C017,SEM003,B-
E02557,S0678,C066,SEM002,B
E02558,S0462,C035,SEM008,B
E02559,S0868,C046,SEM007,F
E02560,S0426,C023,SEM005,A-
E02561,S0324,C083,SEM003,B-
E02562,S0415,C084,SEM002,C-
E02563,S0135,C039,SEM005,B-
E02564,S0622,C032,SEM004,B+
E02565,S0901,C036,SEM002,B
E02566,S0158,C102,SEM004,B+
E02567,S0343,C017,SEM005,C
E02568,S0266,C051,SEM001,C
E02569,S0052,C077,SEM003,B
E02570,S0255,C009,SEM008,C-
E02571,S0768,C146,SEM007,B
E02572,S0394,C023,SEM002,A-
E02573,S0826,C008,SEM001,B-
E02574,S0442,C028,SEM007,D
E02575,S0398,C005,SEM005,B
E02576,S0022,C022,SEM002,A-
E02577,S0720,C039,SEM007,C
E02578,S0371,C056,SEM008,A-
E02579,S0033,C094,SEM008,A
E02580,S0612,C068,SEM002,A-
E02581,S0562,C126,SEM002,A-
E02582,S0255,C030,SEM005,B+
E02583,S0620,C006,SEM007,B+
E02584,S0536,C098,SEM007,A-
E02585,S0012,C005,SEM008,B-
E02586,S0623,C036,SEM002,C-
E02587,S0208,C052,SEM005,B-
E02588,S0157,C064,SEM006,B
E02589,S0840,C033,SEM003,A
E02590,S0631,C056,SEM005,C-
E02591,S0502,C026,SEM004,B
E02592,S0879,C068,SEM008,C
E02593,S0857,C058,SEM003,B
E02594,S0962,C063,SEM001,B
E02595,S0706,C097,SEM005,F
E02596,S0967,C003,SEM001,C+
E02597,S0530,C059,SEM001,C
E02598,S0824,C035,SEM004,B+
E02599,S0078,C018,SEM005,B-
E02600,S0585,C124,SEM006,B
E02601,S0172,C080,SEM005,B
E02602,S0885,C039,SEM006,C
E02603,S0894,C034,SEM002,D
E02604,S0522,C052,SEM008,B-
E02605,S0502,C003,SEM003,B
E02606,S0652,C015,SEM007,C+
E02607,S0896,C020,SEM008,C
E02608,S0160,C012,SEM004,B+
E02609,S0352,C061,SEM002,B-
E02610,S0756,C075,SEM003,A-
E02611,S0619,C062,SEM007,C-
E02612,S0575,C004,SEM001,B
E02613,S0999,C114,SEM008,B+
E02614,S0111,C075,SEM007,D
E02615,S0297,C132,SEM007,B
E02616,S0848,C037,SEM006,B-
E02617,S0010,C029,SEM003,B+
E02618,S0437,C106,SEM007,B
E02619,S0273,C011,SEM002,C+
E02620,S0455,C043,SEM002,B+
E02621,S0271,C090,SEM004,A-
E02622,S0334,C027,SEM005,B
E02623,S0962,C059,SEM001,B+
E02624,S0323,C030,SEM005,B+
E02625,S0961,C080,SEM004,B-
E02626,S0846,C054,SEM003,B-
E02627,S0716,C041,SEM005,B
E02628,S0521,C064,SEM003,B
E02629,S0020,C109,SEM002,C+
E02630,S0905,C024,SEM008,D
E02631,S0487,C004,SEM002,A-
E02632,S0179,C006,SEM005,B+
E02633,S0975,C117,SEM004,B
E02634,S0476,C001,SEM005,B
E02635,S0590,C021,SEM004,A-
E02636,S0640,C049,SEM004,B
E02637,S0970,C044,SEM008,A
E02638,S0568,C112,SEM001,B+
E02639,S0925,C042,SEM007,B-
E02640,S0193,C042,SEM005,B-
E02641,S0739,C083,SEM001,B
E02642,S0095,C032,SEM003,B
E02643,S0724,C004,SEM005,C+
E02644,S0212,C062,SEM006,C
E02645,S0320,C060,SEM002,C-
E02646,S0788,C091,SEM006,B
E02647,S0692,C045,SEM001,A-
E02648,S0910,C003,SEM007,B+
E02649,S0500,C011,SEM003,A-
E02650,S0146,C126,SEM007,A-
E02651,S0234,C046,SEM004,C
E02652,S0804,C070,SEM004,C
E02653,S0279,C030,SEM008,B-
E02654,S0354,C047,SEM001,C+
E02655,S0451,C004,SEM008,C+
E02656,S0829,C102,SEM003,A
E02657,S0644,C052,SEM005,C
E02658,S0996,C020,SEM005,B-
E02659,S0199,C023,SEM004,B
E02660,S0173,C033,SEM003,B+
E02661,S0348,C038,SEM001,A-
E02662,S0096,C026,SEM003,B-
E02663,S0508,C083,SEM002,B-
E02664,S0792,C048,SEM001,C
E02665,S0725,C010,SEM007,C
E02666,S0211,C041,SEM002,B
E02667,S0788,C015,SEM004,A
E02668,S0058,C024,SEM001,D
E02669,S0129,C089,SEM001,B-
E02670,S0078,C087,SEM004,C-
E02671,S0608,C109,SEM001,A-
E02672,S0309,C063,SEM007,B+
E02673,S0281,C043,SEM002,B+
E02674,S0036,C027,SEM001,B-
E02675,S0577,C050,SEM007,A-
E02676,S0751,C120,SEM004,B+
E02677,S0835,C008,SEM003,B
E02678,S0796,C088,SEM003,C
E02679,S0611,C011,SEM008,B
E02680,S0316,C034,SEM008,A
E02681,S0753,C003,SEM005,B+
E02682,S0945,C070,SEM008,C
E02683,S0400,C090,SEM007,C
E02684,S0321,C015,SEM001,F
E02685,S0278,C049,SEM002,B+
E02686,S0091,C003,SEM002,B
E02687,S0143,C146,SEM007,B
E02688,S0381,C071,SEM008,D
E02689,S0782,C001,SEM005,C-
E02690,S0498,C059,SEM005,A-
E02691,S0092,C076,SEM002,A-
E02692,S0125,C137,SEM004,B
E02693,S0740,C053,SEM001,A-
E02694,S0807,C120,SEM004,B-
E02695,S0433,C088,SEM003,B-
E02696,S0614,C088,SEM004,A
E02697,S0826,C032,SEM001,D
E02698,S0701,C071,SEM003,A
E02699,S0730,C143,SEM001,B+
E02700,S0930,C032,SEM008,C-
E02701,S0119,C051,SEM005,A-
E02702,S0056,C026,SEM004,B-
E02703,S0257,C103,SEM004,B+
E02704,S0117,C063,SEM008,A
E02705,S0190,C016,SEM006,A-
E02706,S0658,C092,SEM002,B
E02707,S0269,C012,SEM005,C
E02708,S0713,C036,SEM007,B+
E02709,S0286,C056,SEM003,C
E02710,S0637,C082,SEM005,B+
E02711,S0316,C108,SEM006,A-
E02712,S0706,C055,SEM001,B-
E02713,S0044,C058,SEM007,B
E02714,S0962,C008,SEM007,B+
E02715,S0687,C073,SEM003,B
E02716,S0855,C090,SEM001,B-
E02717,S0358,C050,SEM004,B+
E02718,S0011,C065,SEM007,B
E02719,S0499,C111,SEM005,A-
E02720,S0462,C082,SEM006,C+
E02721,S0162,C072,SEM005,B
E02722,S0351,C058,SEM003,C+
E02723,S0903,C028,SEM007,B-
E02724,S0910,C015,SEM002,A-
E02725,S0633,C127,SEM004,F
E02726,S0292,C102,SEM005,A-
E02727,S0634,C001,SEM007,B+
E02728,S0283,C032,SEM003,B+
E02729,S0555,C005,SEM007,B
E02730,S0207,C028,SEM001,B
E02731,S0860,C012,SEM007,B-
E02732,S0573,C042,SEM003,B
E02733,S0371,C140,SEM001,C+
E02734,S0119,C145,SEM006,A
E02735,S0589,C003,SEM005,B-
E02736,S0333,C106,SEM008,B
E02737,S0900,C062,SEM006,B
E02738,S0083,C001,SEM001,B
E02739,S0455,C109,SEM007,C
E02740,S0335,C076,SEM008,B
E02741,S0718,C003,SEM007,B
E02742,S0534,C040,SEM005,C
E02743,S0024,C026,SEM005,B+
E02744,S0842,C082,SEM008,A
E02745,S0914,C055,SEM006,A
E02746,S0962,C030,SEM007,B-
E02747,S0287,C017,SEM003,B
E02748,S0952,C097,SEM004,F
E02749,S0147,C033,SEM007,B+
E02750,S0238,C064,SEM004,B-
E02751,S0654,C043,SEM001,B+
E02752,S0036,C060,SEM002,B
E02753,S0230,C030,SEM007,B+
E02754,S0784,C055,SEM007,C
E02755,S0711,C120,SEM006,C+
E02756,S0392,C124,SEM002,F
E02757,S0241,C043,SEM007,B
E02758,S0135,C019,SEM002,B
E02759,S0896,C062,SEM004,B-
E02760,S0692,C014,SEM008,B-
E02761,S0791,C106,SEM006,B-
E02762,S0489,C112,SEM008,A-
E02763,S0178,C045,SEM003,B
E02764,S0776,C083,SEM001,B+
E02765,S0687,C086,SEM006,C
E02766,S0045,C044,SEM004,F
E02767,S0226,C010,SEM004,A
E02768,S0436,C075,SEM002,B-
E02769,S0886,C058,SEM001,A-
E02770,S0149,C094,SEM005,A-
E02771,S0285,C117,SEM006,B+
E02772,S0469,C108,SEM002,C
E02773,S0366,C002,SEM003,A-
E02774,S0690,C028,SEM004,B+
E02775,S0335,C015,SEM003,A-
E02776,S0642,C051,SEM005,B+
E02777,S0238,C060,SEM002,A-
E02778,S0806,C025,SEM007,C+
E02779,S0946,C095,SEM004,C
E02780,S0743,C014,SEM002,C
E02781,S0513,C095,SEM003,C+
E02782,S0887,C009,SEM002,C
E02783,S0675,C013,SEM007,B
E02784,S0206,C026,SEM004,B+
E02785,S0208,C050,SEM005,B
E02786,S0688,C061,SEM002,C
E02787,S0613,C067,SEM002,B
E02788,S0468,C100,SEM003,A
E02789,S0305,C101,SEM001,A
E02790,S0404,C025,SEM002,C
E02791,S0665,C055,SEM002,C+
E02792,S0825,C066,SEM001,B-
E02793,S0989,C130,SEM004,D
E02794,S0671,C017,SEM006,A
E02795,S0104,C125,SEM005,A-
E02796,S0881,C113,SEM004,B
E02797,S0106,C004,SEM004,B-
E02798,S0519,C136,SEM003,B+
E02799,S0042,C042,SEM006,D
E02800,S0820,C120,SEM007,B
E02801,S0272,C077,SEM006,D
E02802,S0834,C028,SEM006,B
E02803,S0983,C062,SEM006,A
E02804,S0870,C007,SEM005,C
E02805,S0542,C141,SEM006,B
E02806,S0730,C053,SEM004,B+
E02807,S0520,C007,SEM007,B+
E02808,S0127,C029,SEM002,C+
E02809,S0997,C092,SEM005,B+
E02810,S0296,C091,SEM001,B+
E02811,S0110,C092,SEM001,C
E02812,S0986,C113,SEM002,B+
E02813,S0593,C127,SEM001,B-
E02814,S0356,C042,SEM004,A-
E02815,S0749,C074,SEM003,A
E02816,S0571,C059,SEM003,C+
E02817,S0760,C041,SEM008,B
E02818,S0257,C063,SEM006,A-
E02819,S0621,C024,SEM003,C
E02820,S0684,C008,SEM004,B-
E02821,S0028,C049,SEM007,C-
E02822,S0304,C012,SEM006,A-
E02823,S0935,C037,SEM007,B-
E02824,S0148,C035,SEM005,B+
E02825,S0564,C011,SEM008,F
E02826,S0928,C097,SEM007,C
E02827,S0916,C054,SEM003,C-
E02828,S0060,C014,SEM003,A-
E02829,S0294,C090,SEM002,B-
E02830,S0316,C052,SEM007,C
E02831,S0008,C087,SEM002,B
E02832,S0888,C100,SEM007,B
E02833,S0793,C074,SEM007,C-
E02834,S0941,C008,SEM007,C-
E02835,S0403,C047,SEM008,B+
E02836,S0089,C015,SEM008,B+
E02837,S0275,C066,SEM005,B
E02838,S0485,C053,SEM004,B+
E02839,S0105,C081,SEM006,B
E02840,S0770,C031,SEM006,B+
E02841,S0511,C017,SEM004,B+
E02842,S0664,C073,SEM006,A
E02843,S0959,C037,SEM002,B-
E02844,S0055,C150,SEM006,A-
E02845,S0879,C080,SEM004,B
E02846,S0370,C022,SEM004,C-
E02847,S0745,C088,SEM003,C
E02848,S0982,C132,SEM003,C+
E02849,S0474,C091,SEM006,C
E02850,S0427,C082,SEM002,B-
E02851,S0583,C016,SEM005,B
E02852,S0133,C011,SEM007,F
E02853,S0819,C022,SEM003,B+
E02854,S0801,C101,SEM005,A-
E02855,S0697,C085,SEM004,B+
E02856,S0227,C080,SEM001,B
E02857,S0317,C011,SEM005,B+
E02858,S0246,C095,SEM004,B+
E02859,S0987,C003,SEM003,B-
E02860,S0585,C063,SEM001,B
E02861,S0825,C068,SEM007,A-
E02862,S0952,C020,SEM001,C+
E02863,S0090,C020,SEM007,B
E02864,S0341,C044,SEM005,B
E02865,S0322,C067,SEM001,C+
E02866,S0983,C053,SEM006,F
E02867,S0593,C007,SEM001,A-
E02868,S0137,C004,SEM003,B+
E02869,S0159,C029,SEM008,C+
E02870,S0672,C016,SEM004,B
E02871,S0439,C012,SEM008,B+
E02872,S0939,C008,SEM006,A
E02873,S0044,C024,SEM004,B-
E02874,S0422,C066,SEM004,C+
E02875,S0073,C005,SEM003,B+
E02876,S0256,C020,SEM002,B-
E02877,S0855,C104,SEM002,B+
E02878,S0466,C023,SEM002,C+
E02879,S0226,C050,SEM005,B
E02880,S0889,C050,SEM003,A
E02881,S0826,C015,SEM008,C+
E02882,S0833,C070,SEM007,A-
E02883,S0635,C073,SEM004,B
E02884,S0146,C086,SEM002,B+
E02885,S0776,C066,SEM004,B
E02886,S0616,C001,SEM008,B-
E02887,S0350,C013,SEM003,B
E02888,S0968,C030,SEM008,B-
E02889,S0688,C106,SEM007,B-
E02890,S0797,C016,SEM001,C-
E02891,S0676,C071,SEM001,B+
E02892,S0897,C073,SEM007,B-
E02893,S0001,C106,SEM004,C+
E02894,S0339,C083,SEM008,B-
E02895,S0524,C088,SEM002,B-
E02896,S0595,C083,SEM005,C
E02897,S0690,C011,SEM005,C+
E02898,S0807,C053,SEM002,B-
E02899,S0976,C149,SEM006,B
E02900,S0538,C032,SEM005,F
E02901,S0152,C053,SEM003,B
E02902,S0231,C097,SEM005,B-
E02903,S0293,C039,SEM007,B+
E02904,S0719,C056,SEM001,B+
E02905,S0106,C066,SEM003,C+
E02906,S0904,C041,SEM004,B-
E02907,S0241,C145,SEM006,C-
E02908,S0931,C076,SEM006,B
E02909,S0477,C094,SEM003,C+
E02910,S0264,C098,SEM002,B
E02911,S0330,C031,SEM002,B+
E02912,S0817,C052,SEM002,B
E02913,S0959,C013,SEM006,A-
E02914,S0085,C054,SEM004,B
E02915,S0186,C072,SEM005,A-
E02916,S0616,C071,SEM005,D
E02917,S0625,C002,SEM001,B-
E02918,S0185,C037,SEM003,B+
E02919,S0056,C050,SEM003,C
E02920,S0677,C001,SEM001,B+
E02921,S0439,C043,SEM001,A-
E02922,S0981,C078,SEM005,B-
E02923,S0769,C017,SEM006,C-
E02924,S0315,C082,SEM006,C+
E02925,S0176,C007,SEM003,B+
E02926,S0244,C020,SEM005,A-
E02927,S0775,C008,SEM007,C
E02928,S0155,C014,SEM003,B
E02929,S0510,C056,SEM002,C
E02930,S0582,C144,SEM004,B-
E02931,S0714,C035,SEM004,B-
E02932,S0752,C081,SEM006,B-
E02933,S0928,C034,SEM004,A-
E02934,S0860,C017,SEM007,C+
E02935,S0617,C001,SEM004,B
E02936,S0601,C095,SEM006,B+
E02937,S0429,C040,SEM006,A-
E02938,S0886,C058,SEM003,B+
E02939,S0121,C112,SEM007,B+
E02940,S0027,C001,SEM004,D
E02941,S0301,C113,SEM004,C+
E02942,S0674,C138,SEM002,B
E02943,S0685,C068,SEM006,C+
E02944,S0784,C069,SEM002,B-
E02945,S0612,C012,SEM004,A-
E02946,S0973,C086,SEM004,D
E02947,S0794,C088,SEM008,A-
E02948,S0506,C010,SEM004,C+
E02949,S0720,C130,SEM003,C
E02950,S0208,C058,SEM007,C-
E02951,S0735,C004,SEM004,A
E02952,S0117,C042,SEM006,B
E02953,S0796,C038,SEM006,B-
E02954,S0348,C059,SEM008,C+
E02955,S0260,C034,SEM008,C+
E02956,S0488,C003,SEM008,B-
E02957,S0829,C036,SEM003,C+
E02958,S0475,C074,SEM001,A-
E02959,S0987,C057,SEM008,B
E02960,S0818,C099,SEM007,B-
E02961,S0154,C040,SEM007,B
E02962,S0710,C034,SEM002,C+
E02963,S0833,C008,SEM002,B-
E02964,S0789,C146,SEM005,A-
E02965,S0410,C021,SEM001,C+
E02966,S0797,C046,SEM001,B+
E02967,S0286,C012,SEM007,B+
E02968,S0845,C031,SEM004,B+
E02969,S0069,C052,SEM002,B-
E02970,S0270,C019,SEM003,C
E02971,S0705,C032,SEM004,A
E02972,S0136,C104,SEM002,B+
E02973,S0833,C025,SEM006,C-
E02974,S0311,C115,SEM003,B
E02975,S0927,C035,SEM006,A-
E02976,S0523,C031,SEM005,B
E02977,S0339,C129,SEM002,A-
E02978,S0311,C005,SEM006,B+
E02979,S0567,C066,SEM004,B
E02980,S0648,C055,SEM004,C+
E02981,S0871,C042,SEM007,B
E02982,S0187,C064,SEM005,B
E02983,S0062,C047,SEM003,C+
E02984,S0159,C049,SEM008,B+
E02985,S0329,C057,SEM006,B
E02986,S0955,C052,SEM001,B+
E02987,S0521,C034,SEM006,B-
E02988,S0678,C020,SEM002,C+
E02989,S0266,C004,SEM006,B
E02990,S0467,C114,SEM007,F
E02991,S0064,C019,SEM001,B+
E02992,S0812,C071,SEM001,A
E02993,S0503,C060,SEM002,B-
E02994,S0180,C076,SEM004,B+
E02995,S0261,C004,SEM002,C+
E02996,S0907,C028,SEM002,A-
E02997,S0193,C057,SEM002,B
E02998,S0770,C109,SEM002,C
E02999,S0944,C014,SEM005,B-
E03000,S0461,C085,SEM005,C
E03001,S0386,C032,SEM002,B+
E03002,S0920,C109,SEM003,B-
E03003,S0801,C010,SEM001,F
E03004,S0189,C084,SEM007,B
E03005,S0609,C034,SEM003,A-
E03006,S0087,C032,SEM004,A-
E03007,S0229,C092,SEM006,B+
E03008,S0077,C064,SEM001,A-
E03009,S0071,C135,SEM007,C
E03010,S0601,C038,SEM004,B+
E03011,S0510,C061,SEM008,F
E03012,S0205,C138,SEM008,A
E03013,S0024,C039,SEM001,C-
E03014,S0424,C071,SEM003,A-
E03015,S0038,C064,SEM007,F
E03016,S0339,C002,SEM002,C+
E03017,S0162,C091,SEM007,B
E03018,S0357,C126,SEM004,B-
E03019,S0256,C003,SEM006,B
E03020,S0972,C009,SEM002,A-
E03021,S0163,C018,SEM005,B
E03022,S0657,C015,SEM003,C+
E03023,S0417,C150,SEM005,C+
E03024,S0134,C032,SEM002,D
E03025,S0705,C038,SEM008,C
E03026,S0993,C054,SEM001,B+
E03027,S0755,C003,SEM006,B
E03028,S0107,C106,SEM005,A
E03029,S0473,C104,SEM006,F
E03030,S0456,C023,SEM005,B+
E03031,S0169,C066,SEM004,A
E03032,S0680,C003,SEM006,A-
E03033,S0679,C063,SEM004,B+
E03034,S0784,C065,SEM004,B+
E03035,S0722,C046,SEM008,B
E03036,S0458,C044,SEM005,A-
E03037,S0294,C086,SEM003,B-
E03038,S0316,C007,SEM002,C-
E03039,S0634,C024,SEM007,C
E03040,S0917,C046,SEM005,A
E03041,S0382,C026,SEM003,B-
E03042,S0089,C041,SEM005,A
E03043,S0584,C034,SEM005,B+
E03044,S0067,C093,SEM003,C
E03045,S0389,C111,SEM008,B-
E03046,S0139,C101,SEM003,B
E03047,S0339,C023,SEM003,C
E03048,S0527,C010,SEM006,C-
E03049,S0916,C067,SEM002,B-
E03050,S0916,C027,SEM003,B
E03051,S0741,C150,SEM003,C
E03052,S0215,C086,SEM008,B+
E03053,S0669,C111,SEM002,A-
E03054,S0869,C105,SEM007,B+
E03055,S0584,C004,SEM006,B-
E03056,S0727,C086,SEM003,B
E03057,S0028,C053,SEM003,C+
E03058,S0019,C059,SEM008,F
E03059,S0265,C050,SEM008,A
E03060,S0550,C005,SEM005,C+
E03061,S0740,C026,SEM007,C
E03062,S0215,C061,SEM008,A
E03063,S0947,C136,SEM007,A-
E03064,S0047,C051,SEM008,A
E03065,S0869,C073,SEM005,C+
E03066,S0969,C114,SEM003,B+
E03067,S0631,C020,SEM003,C
E03068,S0323,C031,SEM004,C+
E03069,S0522,C058,SEM001,A-
E03070,S0443,C031,SEM002,A
E03071,S0568,C058,SEM006,B-
E03072,S0674,C016,SEM004,F
E03073,S0338,C101,SEM003,B-
E03074,S0030,C001,SEM008,B
E03075,S0135,C057,SEM005,A-
E03076,S0820,C069,SEM008,B
E03077,S0225,C036,SEM003,B+
E03078,S0611,C047,SEM004,C+
E03079,S0687,C010,SEM002,B
E03080,S0397,C051,SEM008,A
E03081,S0347,C073,SEM008,B-
E03082,S0106,C033,SEM001,D
E03083,S0069,C041,SEM001,C+
E03084,S0267,C050,SEM005,B-
E03085,S0995,C068,SEM001,B
E03086,S0588,C085,SEM008,A-
E03087,S0307,C018,SEM005,B+
E03088,S0787,C024,SEM004,A-
E03089,S0601,C102,SEM008,B+
E03090,S0482,C055,SEM002,B
E03091,S0279,C004,SEM006,C+
E03092,S0443,C053,SEM003,B-
E03093,S0324,C123,SEM005,C
E03094,S0939,C083,SEM004,A
E03095,S0425,C068,SEM007,B
E03096,S0468,C093,SEM001,C+
E03097,S0478,C031,SEM001,C-
E03098,S0907,C128,SEM008,B
E03099,S0054,C077,SEM002,B
E03100,S0683,C080,SEM001,A-
E03101,S0810,C026,SEM004,B-
E03102,S0182,C069,SEM006,B-
E03103,S0435,C039,SEM001,C+
E03104,S0776,C040,SEM008,B
E03105,S0151,C038,SEM004,B+
E03106,S0334,C029,SEM006,B
E03107,S0085,C005,SEM002,A
E03108,S0933,C016,SEM003,B+
E03109,S0088,C040,SEM005,B+
E03110,S0197,C002,SEM002,A
E03111,S0562,C082,SEM003,B
E03112,S0121,C089,SEM002,C
E03113,S0925,C013,SEM007,B+
E03114,S0163,C026,SEM001,A
E03115,S0262,C048,SEM004,A-
E03116,S0046,C032,SEM002,B-
E03117,S0463,C124,SEM004,B
E03118,S0971,C029,SEM007,B
E03119,S0032,C017,SEM005,F
E03120,S0427,C115,SEM006,B+
E03121,S0226,C049,SEM008,A-
E03122,S0104,C061,SEM003,B+
E03123,S0894,C034,SEM008,F
E03124,S0766,C092,SEM002,C+
E03125,S0793,C027,SEM006,B
E03126,S0119,C017,SEM006,B+
E03127,S0080,C032,SEM003,A-
E03128,S0496,C015,SEM003,B
E03129,S0545,C040,SEM006,B+
E03130,S0647,C002,SEM003,C-
E03131,S0752,C020,SEM002,B
E03132,S0609,C063,SEM005,B-
E03133,S0905,C017,SEM004,B
E03134,S0135,C039,SEM001,C+
E03135,S0710,C059,SEM008,B+
E03136,S0481,C052,SEM006,B-
E03137,S0163,C073,SEM003,D
E03138,S0387,C069,SEM008,A-
E03139,S0235,C038,SEM006,C+
E03140,S0380,C094,SEM008,B
E03141,S0792,C024,SEM003,D
E03142,S0939,C036,SEM006,B
E03143,S0491,C018,SEM005,B
E03144,S0725,C105,SEM006,C-
E03145,S0257,C050,SEM005,A-
E03146,S0430,C055,SEM008,F
E03147,S0473,C031,SEM006,C-
E03148,S0521,C039,SEM003,A
E03149,S0252,C020,SEM004,A
E03150,S0054,C055,SEM006,B
E03151,S0559,C026,SEM003,C-
E03152,S0028,C103,SEM001,B-
E03153,S0927,C064,SEM001,A
E03154,S0609,C106,SEM001,B
E03155,S0118,C023,SEM003,B
E03156,S0732,C014,SEM003,C-
E03157,S0472,C066,SEM004,B+
E03158,S0096,C114,SEM008,B+
E03159,S0734,C011,SEM002,B+
E03160,S0428,C039,SEM005,C
E03161,S0626,C077,SEM003,B
E03162,S0792,C030,SEM002,A-
E03163,S0711,C053,SEM001,B
E03164,S0646,C016,SEM004,B-
E03165,S0034,C093,SEM005,B
E03166,S0857,C104,SEM001,C-
E03167,S0742,C125,SEM006,C-
E03168,S0234,C024,SEM001,C+
E03169,S0088,C129,SEM004,B
E03170,S0199,C075,SEM008,B
E03171,S0326,C077,SEM002,C
E03172,S0999,C039,SEM008,C
E03173,S0951,C054,SEM003,D
E03174,S0942,C034,SEM001,A
E03175,S0147,C110,SEM004,F
E03176,S0438,C097,SEM001,F
E03177,S0210,C017,SEM002,F
E03178,S0408,C099,SEM004,C
E03179,S0507,C040,SEM006,B
E03180,S0111,C039,SEM007,C-
E03181,S0478,C042,SEM008,A-
E03182,S0578,C019,SEM008,B+
E03183,S0752,C085,SEM003,C+
E03184,S0252,C052,SEM001,B+
E03185,S0029,C058,SEM007,C+
E03186,S0340,C001,SEM001,B
E03187,S0186,C045,SEM008,B
E03188,S0374,C058,SEM006,C+
E03189,S0789,C001,SEM002,D
E03190,S0437,C048,SEM002,B
E03191,S0017,C026,SEM006,B-
E03192,S0030,C115,SEM006,A
E03193,S0501,C010,SEM007,C
E03194,S0186,C028,SEM002,B
E03195,S0090,C002,SEM001,C+
E03196,S0792,C017,SEM007,B+
E03197,S0293,C106,SEM004,A
E03198,S0586,C009,SEM003,B
E03199,S0340,C021,SEM002,B-
E03200,S0082,C001,SEM001,B-
E03201,S0670,C029,SEM002,F
E03202,S0832,C136,SEM002,B+
E03203,S0739,C150,SEM004,B
E03204,S0948,C058,SEM007,B-
E03205,S0885,C025,SEM003,B+
E03206,S0887,C033,SEM006,B
E03207,S0862,C024,SEM003,A-
E03208,S0814,C002,SEM003,A-
E03209,S0712,C094,SEM005,B-
E03210,S0297,C068,SEM006,B+
E03211,S0969,C052,SEM006,D
E03212,S0864,C022,SEM003,B-
E03213,S0163,C139,SEM003,A
E03214,S0214,C026,SEM001,C+
E03215,S0748,C115,SEM002,C
E03216,S0777,C015,SEM003,C
E03217,S0097,C033,SEM001,C
E03218,S0967,C012,SEM006,C+
E03219,S0192,C036,SEM008,F
E03220,S0935,C004,SEM001,B
E03221,S0837,C032,SEM003,A-
E03222,S0794,C033,SEM006,B
E03223,S0542,C132,SEM002,C-
E03224,S0875,C106,SEM005,C+
E03225,S0758,C004,SEM004,B-
E03226,S0913,C016,SEM001,A-
E03227,S0128,C038,SEM001,B+
E03228,S0009,C029,SEM002,C+
E03229,S0671,C091,SEM005,C
E03230,S0065,C147,SEM007,B
E03231,S0421,C052,SEM003,B+
E03232,S0873,C094,SEM008,A
E03233,S0299,C062,SEM006,B-
E03234,S0064,C090,SEM006,A
E03235,S0707,C043,SEM002,B
E03236,S0179,C078,SEM004,B
E03237,S0373,C011,SEM006,C+
E03238,S0428,C063,SEM004,C-
E03239,S0122,C033,SEM003,A-
E03240,S0719,C035,SEM001,B
E03241,S0405,C047,SEM007,B-
E03242,S0736,C004,SEM001,A-
E03243,S0400,C075,SEM006,B+
E03244,S0739,C039,SEM001,B
E03245,S0614,C103,SEM004,B
E03246,S0220,C009,SEM002,B+
E03247,S0852,C045,SEM004,C+
E03248,S0443,C057,SEM006,A-
E03249,S0198,C022,SEM007,C+
E03250,S0493,C014,SEM008,C+
E03251,S0451,C001,SEM005,A-
E03252,S0161,C006,SEM006,C-
E03253,S0259,C081,SEM007,B
E03254,S0803,C109,SEM004,B
E03255,S0208,C132,SEM002,F
E03256,S0526,C034,SEM002,C-
E03257,S0144,C025,SEM007,A-
E03258,S0534,C030,SEM008,B+
E03259,S0571,C076,SEM008,A
E03260,S0158,C032,SEM005,C
E03261,S0242,C044,SEM004,A-
E03262,S0581,C070,SEM003,B-
E03263,S0531,C131,SEM004,D
E03264,S0293,C082,SEM006,C+
E03265,S0140,C064,SEM002,B
E03266,S0970,C052,SEM003,B+
E03267,S0940,C048,SEM006,B+
E03268,S0358,C084,SEM004,B-
E03269,S0475,C020,SEM002,C
E03270,S0127,C009,SEM006,B-
E03271,S0920,C046,SEM005,B-
E03272,S0217,C039,SEM001,C-
E03273,S0235,C035,SEM006,A
E03274,S0698,C068,SEM007,B-
E03275,S0968,C070,SEM005,D
E03276,S0800,C121,SEM005,D
E03277,S0200,C048,SEM001,B
E03278,S0168,C053,SEM008,A-
E03279,S0388,C075,SEM001,B+
E03280,S0250,C028,SEM001,D
E03281,S0302,C037,SEM007,B
E03282,S0445,C125,SEM004,B
E03283,S0145,C008,SEM004,B+
E03284,S0719,C037,SEM006,B
E03285,S0918,C070,SEM004,C+
E03286,S0818,C048,SEM008,D
E03287,S0970,C099,SEM006,B-
E03288,S0119,C007,SEM005,B
E03289,S0121,C080,SEM001,C
E03290,S0525,C001,SEM005,B
E03291,S0643,C124,SEM005,C
E03292,S0386,C060,SEM004,C
E03293,S0205,C013,SEM004,B
E03294,S0483,C085,SEM004,B
E03295,S0881,C006,SEM001,C
E03296,S0721,C068,SEM001,D
E03297,S0158,C143,SEM004,B+
E03298,S0151,C100,SEM007,C
E03299,S0346,C045,SEM003,B+
E03300,S0585,C047,SEM008,A-
E03301,S0445,C023,SEM004,B
E03302,S0037,C072,SEM004,B-
E03303,S0612,C031,SEM003,B+
E03304,S0140,C140,SEM006,B-
E03305,S0054,C013,SEM004,B
E03306,S0052,C093,SEM003,C
E03307,S0438,C086,SEM002,C-
E03308,S0400,C055,SEM002,A
E03309,S0534,C097,SEM001,C
E03310,S0809,C016,SEM004,C+
E03311,S0390,C070,SEM001,B-
E03312,S0980,C040,SEM008,A-
E03313,S0044,C025,SEM001,B
E03314,S0885,C081,SEM007,F
E03315,S0363,C081,SEM003,C+
E03316,S0028,C054,SEM003,C+
E03317,S0121,C001,SEM006,A
E03318,S0075,C069,SEM007,C-
E03319,S0098,C079,SEM003,B+
E03320,S0489,C086,SEM007,C
E03321,S0267,C124,SEM001,B
E03322,S0170,C092,SEM004,C+
E03323,S0109,C010,SEM008,B+
E03324,S0701,C055,SEM002,A
E03325,S0272,C044,SEM006,B+
E03326,S0740,C017,SEM006,A
E03327,S0622,C046,SEM001,C+
E03328,S0572,C096,SEM005,D
E03329,S0932,C109,SEM003,C
E03330,S0536,C018,SEM002,B-
E03331,S0972,C045,SEM002,A-
E03332,S0946,C036,SEM007,C
E03333,S0450,C031,SEM004,B
E03334,S0635,C048,SEM004,A-
E03335,S0875,C034,SEM006,B-
E03336,S0501,C012,SEM002,B-
E03337,S0073,C037,SEM006,C-
E03338,S0062,C127,SEM007,C-
E03339,S0253,C016,SEM003,C+
E03340,S0405,C072,SEM005,B
E03341,S0622,C040,SEM008,B+
E03342,S0496,C118,SEM003,B+
E03343,S0880,C028,SEM004,B-
E03344,S0622,C080,SEM005,B+
E03345,S0309,C029,SEM008,B
E03346,S0848,C036,SEM007,B-
E03347,S0812,C040,SEM008,C
E03348,S0483,C093,SEM004,B+
E03349,S0650,C088,SEM006,B+
E03350,S0354,C028,SEM007,A
E03351,S0528,C079,SEM003,C+
E03352,S0839,C052,SEM003,C
E03353,S0810,C047,SEM003,B
E03354,S0718,C070,SEM007,B-
E03355,S0340,C107,SEM001,B
E03356,S0300,C019,SEM008,B+
E03357,S0626,C021,SEM001,B
E03358,S0018,C037,SEM006,B+
E03359,S0027,C009,SEM007,C+
E03360,S0533,C093,SEM006,B
E03361,S0923,C149,SEM005,B
E03362,S0760,C040,SEM008,B
E03363,S0048,C094,SEM006,C
E03364,S0478,C019,SEM004,B+
E03365,S0525,C031,SEM002,C-
E03366,S0613,C023,SEM008,B-
E03367,S0838,C063,SEM004,C+
E03368,S0968,C127,SEM006,B
E03369,S0860,C042,SEM005,C+
E03370,S0685,C112,SEM003,B-
E03371,S0802,C045,SEM008,B+
E03372,S0883,C127,SEM006,B+
E03373,S0202,C002,SEM004,B-
E03374,S0115,C018,SEM006,B-
E03375,S0205,C094,SEM001,B+
E03376,S0940,C002,SEM007,B
E03377,S0574,C045,SEM007,B
E03378,S0996,C044,SEM003,A
E03379,S0939,C016,SEM005,A
E03380,S0974,C069,SEM006,C
E03381,S0379,C054,SEM006,B-
E03382,S0455,C006,SEM007,B
E03383,S0464,C072,SEM001,C
E03384,S0308,C107,SEM004,B+
E03385,S0916,C065,SEM001,C+
E03386,S0195,C092,SEM008,D
E03387,S0266,C045,SEM001,C-
E03388,S0085,C090,SEM008,A-
E03389,S0352,C109,SEM006,B+
E03390,S0601,C064,SEM003,B
E03391,S0912,C067,SEM005,C-
E03392,S0547,C070,SEM007,B-
E03393,S0245,C118,SEM005,B
E03394,S0511,C027,SEM004,D
E03395,S0719,C064,SEM001,B-
E03396,S0360,C130,SEM008,A
E03397,S0102,C083,SEM002,C+
E03398,S0905,C089,SEM008,B-
E03399,S0102,C027,SEM005,B-
E03400,S0088,C008,SEM007,A-
E03401,S0376,C050,SEM001,A
E03402,S0152,C120,SEM003,B-
E03403,S0652,C083,SEM006,B+
E03404,S0559,C088,SEM001,B
E03405,S0033,C066,SEM006,A-
E03406,S0088,C068,SEM005,B-
E03407,S0237,C090,SEM005,A
E03408,S0050,C030,SEM003,C-
E03409,S0171,C014,SEM004,A
E03410,S0645,C002,SEM003,B+
E03411,S0728,C055,SEM001,A
E03412,S0450,C054,SEM002,C-
E03413,S0267,C090,SEM008,C+
E03414,S0488,C034,SEM003,C+
E03415,S0165,C002,SEM001,B+
E03416,S0678,C011,SEM006,B
E03417,S0226,C083,SEM002,B
E03418,S0475,C033,SEM007,B-
E03419,S0229,C071,SEM005,C
E03420,S0331,C034,SEM005,C
E03421,S0999,C029,SEM007,C-
E03422,S0670,C005,SEM004,B
E03423,S0191,C019,SEM005,B+
E03424,S0998,C042,SEM002,D
E03425,S0373,C017,SEM001,F
E03426,S0588,C133,SEM006,C+
E03427,S0866,C001,SEM001,C
E03428,S0378,C073,SEM006,B
E03429,S0466,C010,SEM003,B+
E03430,S0325,C040,SEM006,B
E03431,S0608,C017,SEM005,B-
E03432,S0184,C050,SEM003,B-
E03433,S0266,C001,SEM006,A
E03434,S0145,C056,SEM008,A-
E03435,S0740,C012,SEM008,B
E03436,S0886,C002,SEM005,B+
E03437,S0623,C048,SEM002,B
E03438,S0126,C125,SEM003,B
E03439,S0193,C008,SEM006,C+
E03440,S0336,C063,SEM002,C
E03441,S0116,C058,SEM004,B-
E03442,S0039,C028,SEM002,A-
E03443,S0026,C026,SEM004,D
E03444,S0168,C089,SEM006,B-
E03445,S0132,C063,SEM007,B+
E03446,S0601,C031,SEM005,A
E03447,S0913,C097,SEM006,B
E03448,S0124,C003,SEM006,A
E03449,S0695,C098,SEM002,A-
E03450,S0363,C041,SEM005,B
E03451,S0252,C031,SEM001,A
E03452,S0853,C010,SEM007,B
E03453,S0793,C023,SEM004,A-
E03454,S0043,C033,SEM007,A-
E03455,S0200,C029,SEM001,A
E03456,S0965,C007,SEM006,D
E03457,S0969,C011,SEM008,B+
E03458,S0499,C070,SEM003,B
E03459,S0220,C040,SEM005,D
E03460,S0705,C123,SEM005,A
E03461,S0139,C012,SEM001,B
E03462,S0669,C042,SEM003,B+
E03463,S0991,C034,SEM001,B
E03464,S0006,C029,SEM005,F
E03465,S0088,C002,SEM007,B
E03466,S0774,C087,SEM008,B-
E03467,S0277,C065,SEM001,A-
E03468,S0709,C095,SEM002,A-
E03469,S0845,C060,SEM006,C
E03470,S0795,C048,SEM003,C+
E03471,S0989,C047,SEM004,C
E03472,S0335,C107,SEM007,A-
E03473,S0963,C027,SEM003,B-
E03474,S0862,C094,SEM006,B-
E03475,S0623,C085,SEM005,C
E03476,S0468,C007,SEM007,B-
E03477,S0591,C078,SEM002,F
E03478,S0375,C025,SEM001,C
E03479,S0467,C058,SEM008,C
E03480,S0238,C020,SEM003,C
E03481,S0321,C015,SEM007,B
E03482,S0262,C018,SEM006,A
E03483,S0613,C038,SEM003,C+
E03484,S0324,C028,SEM007,C
E03485,S0940,C059,SEM005,A
E03486,S0585,C132,SEM002,A-
E03487,S0074,C055,SEM003,B
E03488,S0918,C022,SEM008,C
E03489,S0800,C094,SEM006,C+
E03490,S0164,C050,SEM006,A
E03491,S0989,C102,SEM006,C
E03492,S0430,C005,SEM002,C
E03493,S0203,C035,SEM003,B+
E03494,S0423,C019,SEM003,B-
E03495,S0758,C041,SEM007,B+
E03496,S0627,C080,SEM006,B
E03497,S0320,C076,SEM004,C+
E03498,S0491,C003,SEM001,B-
E03499,S0886,C085,SEM005,A
E03500,S0328,C062,SEM003,C-
E03501,S0011,C015,SEM004,C-
E03502,S0129,C008,SEM001,B-
E03503,S0478,C030,SEM005,C
E03504,S0304,C132,SEM005,C
E03505,S0774,C055,SEM001,D
E03506,S0608,C053,SEM004,C+
E03507,S0795,C058,SEM006,A-
E03508,S0085,C064,SEM008,C
E03509,S0778,C025,SEM007,B+
E03510,S0556,C005,SEM004,D
E03511,S0991,C005,SEM008,C+
E03512,S0402,C018,SEM004,B
E03513,S0807,C001,SEM002,A-
E03514,S0395,C138,SEM008,B
E03515,S0451,C097,SEM002,A
E03516,S0371,C095,SEM006,B-
E03517,S0989,C040,SEM006,A
E03518,S0652,C027,SEM007,B+
E03519,S0338,C135,SEM001,B+
E03520,S0315,C022,SEM004,B-
E03521,S0306,C118,SEM008,A
E03522,S0812,C069,SEM008,B+
E03523,S0650,C069,SEM007,A
E03524,S0927,C082,SEM006,B-
E03525,S0790,C092,SEM003,B+
E03526,S0141,C058,SEM004,B+
E03527,S0921,C016,SEM004,A-
E03528,S0926,C141,SEM007,C-
E03529,S0526,C043,SEM005,B+
E03530,S0872,C021,SEM005,C-
E03531,S0001,C060,SEM007,A
E03532,S0068,C073,SEM008,B+
E03533,S0520,C050,SEM001,B+
E03534,S0231,C088,SEM007,A-
E03535,S0008,C122,SEM004,A-
E03536,S0530,C070,SEM006,B+
E03537,S0274,C078,SEM001,B+
E03538,S0507,C030,SEM001,A-
E03539,S0798,C041,SEM007,A
E03540,S0461,C051,SEM008,A-
E03541,S0010,C013,SEM002,A
E03542,S0999,C107,SEM007,C+
E03543,S0430,C022,SEM002,C
E03544,S0944,C083,SEM002,C
E03545,S0901,C057,SEM008,C
E03546,S0450,C098,SEM001,F
E03547,S0657,C138,SEM005,B+
E03548,S0974,C115,SEM008,B-
E03549,S1000,C001,SEM002,B-
E03550,S0822,C015,SEM001,C
E03551,S0108,C086,SEM004,C+
E03552,S0617,C037,SEM006,B+
E03553,S0558,C075,SEM004,C
E03554,S0438,C014,SEM005,B
E03555,S0880,C055,SEM001,A-
E03556,S0615,C109,SEM002,B
E03557,S0197,C052,SEM008,A
E03558,S0205,C057,SEM008,B-
E03559,S0797,C068,SEM005,C+
E03560,S0590,C081,SEM008,D
E03561,S0092,C024,SEM001,B-
E03562,S0444,C069,SEM001,B
E03563,S0284,C014,SEM001,B+
E03564,S0210,C020,SEM007,C+
E03565,S0656,C041,SEM006,C
E03566,S0807,C093,SEM005,B-
E03567,S0968,C003,SEM003,C
E03568,S0289,C024,SEM006,B-
E03569,S0547,C102,SEM006,B-
E03570,S0071,C070,SEM005,C-
E03571,S0360,C013,SEM001,B+
E03572,S0997,C012,SEM005,B+
E03573,S0826,C060,SEM001,F
E03574,S0401,C014,SEM005,A-
E03575,S0823,C033,SEM002,A
E03576,S0370,C085,SEM006,B+
E03577,S0773,C074,SEM002,F
E03578,S0484,C135,SEM001,A-
E03579,S0919,C001,SEM008,C+
E03580,S0503,C018,SEM008,A-
E03581,S0092,C018,SEM001,C-
E03582,S0418,C051,SEM006,C-
E03583,S0616,C035,SEM002,C
E03584,S0778,C004,SEM002,B-
E03585,S0378,C020,SEM002,C
E03586,S0132,C083,SEM006,B+
E03587,S0091,C091,SEM003,C+
E03588,S0655,C026,SEM008,C-
E03589,S0713,C016,SEM003,B
E03590,S0350,C039,SEM005,A-
E03591,S0971,C015,SEM005,B+
E03592,S0819,C075,SEM007,B
E03593,S0557,C039,SEM008,B
E03594,S0109,C038,SEM008,C
E03595,S0892,C035,SEM001,B
E03596,S0938,C001,SEM004,B
E03597,S0109,C095,SEM007,F
E03598,S0878,C123,SEM007,B
E03599,S0514,C056,SEM006,B
E03600,S0933,C113,SEM007,B-
E03601,S0909,C071,SEM002,B+
E03602,S0108,C080,SEM008,B
E03603,S0584,C044,SEM002,B+
E03604,S0376,C110,SEM006,A-
E03605,S0851,C024,SEM003,B
E03606,S0029,C066,SEM002,B
E03607,S0409,C059,SEM002,A
E03608,S0230,C090,SEM008,B+
E03609,S0478,C016,SEM004,C-
E03610,S0861,C014,SEM008,C+
E03611,S0253,C100,SEM002,B
E03612,S0158,C050,SEM003,B-
E03613,S0094,C029,SEM008,B+
E03614,S0394,C011,SEM006,B+
E03615,S0108,C017,SEM006,B
E03616,S0200,C022,SEM004,A-
E03617,S0323,C040,SEM002,B-
E03618,S0946,C069,SEM008,C+
E03619,S0212,C041,SEM008,B+
E03620,S0061,C057,SEM006,B-
E03621,S0799,C017,SEM005,B
E03622,S0064,C074,SEM001,C-
E03623,S0549,C036,SEM007,B
E03624,S0660,C006,SEM001,A
E03625,S0564,C090,SEM001,B+
E03626,S0998,C113,SEM001,B
E03627,S0944,C111,SEM004,D
E03628,S0721,C062,SEM006,C-
E03629,S0484,C085,SEM007,B+
E03630,S0316,C007,SEM004,B
E03631,S0415,C023,SEM004,B
E03632,S0960,C126,SEM007,C+
E03633,S0372,C004,SEM007,B-
E03634,S0306,C018,SEM003,B-
E03635,S0516,C010,SEM006,B+
E03636,S0298,C053,SEM008,C+
E03637,S0619,C040,SEM006,C+
E03638,S0339,C008,SEM006,B-
E03639,S0919,C053,SEM001,B
E03640,S0072,C055,SEM004,A
E03641,S0275,C087,SEM004,B
E03642,S0683,C044,SEM006,B
E03643,S0099,C062,SEM002,C
E03644,S0564,C137,SEM005,F
E03645,S0851,C009,SEM008,C+
E03646,S0258,C046,SEM008,D
E03647,S0968,C065,SEM005,B
E03648,S0433,C118,SEM006,B-
E03649,S0868,C033,SEM003,B
E03650,S0601,C120,SEM005,B+
E03651,S0024,C060,SEM005,C+
E03652,S0049,C054,SEM007,C
E03653,S0982,C022,SEM003,A
E03654,S0593,C051,SEM004,A-
E03655,S0545,C021,SEM002,A-
E03656,S0895,C063,SEM006,D
E03657,S0546,C036,SEM007,B
E03658,S0582,C004,SEM007,B+
E03659,S0766,C005,SEM004,B+
E03660,S0540,C049,SEM003,B
E03661,S0752,C133,SEM003,B-
E03662,S0567,C069,SEM002,B-
E03663,S0849,C011,SEM001,B
E03664,S0172,C053,SEM008,C+
E03665,S0894,C004,SEM007,B+
E03666,S0351,C015,SEM004,C+
E03667,S0049,C070,SEM007,C+
E03668,S0485,C061,SEM006,B+
E03669,S0102,C006,SEM002,A-
E03670,S0063,C026,SEM007,C+
E03671,S0643,C037,SEM004,A-
E03672,S0512,C026,SEM008,B-
E03673,S0881,C086,SEM006,B+
E03674,S0385,C091,SEM007,A-
E03675,S0375,C010,SEM002,D
E03676,S0195,C031,SEM001,B
E03677,S0684,C027,SEM001,C
E03678,S0309,C007,SEM005,B
E03679,S0859,C080,SEM002,A-
E03680,S0410,C013,SEM005,B-
E03681,S0419,C070,SEM005,A-
E03682,S0290,C107,SEM002,B-
E03683,S0930,C017,SEM007,A
E03684,S0338,C009,SEM005,A-
E03685,S0900,C011,SEM005,B+
E03686,S0452,C010,SEM003,B
E03687,S0706,C014,SEM006,D
E03688,S0025,C050,SEM005,A-
E03689,S0631,C016,SEM002,D
E03690,S0988,C080,SEM003,B+
E03691,S0821,C111,SEM006,A-
E03692,S0815,C024,SEM003,B-
E03693,S0579,C097,SEM005,C
E03694,S0949,C035,SEM004,B
E03695,S0132,C020,SEM002,B-
E03696,S0047,C125,SEM005,C
E03697,S0416,C024,SEM001,B
E03698,S0731,C032,SEM008,C-
E03699,S0312,C024,SEM003,F
E03700,S0398,C038,SEM002,A-
E03701,S0040,C044,SEM005,B-
E03702,S0224,C109,SEM004,B-
E03703,S0902,C097,SEM003,B
E03704,S0509,C085,SEM006,B+
E03705,S0101,C049,SEM004,B
E03706,S0988,C068,SEM006,F
E03707,S0974,C082,SEM003,C-
E03708,S0093,C043,SEM004,C+
E03709,S0438,C096,SEM002,A-
E03710,S0283,C064,SEM008,B+
E03711,S0883,C024,SEM001,B
E03712,S0747,C014,SEM007,C
E03713,S0723,C109,SEM005,B+
E03714,S0194,C035,SEM002,B
E03715,S0535,C074,SEM008,C+
E03716,S0789,C054,SEM005,C-
E03717,S0486,C031,SEM005,B
E03718,S0404,C032,SEM008,B+
E03719,S0915,C038,SEM002,F
E03720,S0338,C058,SEM001,C+
E03721,S0548,C107,SEM002,C
E03722,S0101,C036,SEM007,B
E03723,S0215,C012,SEM004,C
E03724,S0381,C052,SEM002,A-
E03725,S0020,C019,SEM008,B
E03726,S0301,C139,SEM007,B-
E03727,S0035,C033,SEM006,C
E03728,S0686,C015,SEM006,B+
E03729,S0512,C001,SEM006,C+
E03730,S0894,C052,SEM006,C+
E03731,S0090,C023,SEM004,C+
E03732,S0642,C102,SEM008,B-
E03733,S0814,C047,SEM003,C
E03734,S0579,C009,SEM005,B+
E03735,S0262,C090,SEM006,B+
E03736,S0217,C007,SEM004,C+
E03737,S0425,C025,SEM003,B+
E03738,S0595,C024,SEM003,B+
E03739,S0645,C108,SEM003,A
E03740,S0726,C018,SEM001,B+
E03741,S0356,C002,SEM008,B
E03742,S0997,C067,SEM007,C-
E03743,S0643,C054,SEM007,B-
E03744,S0874,C055,SEM005,A
E03745,S0719,C016,SEM007,C-
E03746,S0216,C110,SEM004,F
E03747,S0331,C080,SEM003,B+
E03748,S0914,C063,SEM006,A
E03749,S0465,C008,SEM008,B-
E03750,S0628,C094,SEM004,A-
E03751,S0849,C050,SEM004,D
E03752,S0260,C079,SEM001,C
E03753,S0922,C117,SEM005,A
E03754,S0997,C040,SEM008,B+
E03755,S0569,C094,SEM005,C+
E03756,S0491,C070,SEM002,B
E03757,S0812,C008,SEM007,C-
E03758,S0448,C019,SEM001,B-
E03759,S0379,C040,SEM007,B
E03760,S0528,C032,SEM008,F
E03761,S0604,C062,SEM005,C+
E03762,S0837,C045,SEM005,B-
E03763,S0227,C015,SEM002,C
E03764,S0705,C059,SEM001,B
E03765,S0908,C136,SEM007,A-
E03766,S0128,C045,SEM006,C
E03767,S0637,C006,SEM003,B+
E03768,S0177,C053,SEM003,B
E03769,S0574,C021,SEM002,B
E03770,S0683,C033,SEM001,B
E03771,S0377,C077,SEM003,C+
E03772,S0737,C149,SEM001,B
E03773,S0291,C061,SEM003,B+
E03774,S0530,C007,SEM006,B
E03775,S0490,C018,SEM008,B
E03776,S0570,C015,SEM001,B+
E03777,S0099,C051,SEM003,A
E03778,S0603,C006,SEM003,B+
E03779,S0750,C071,SEM004,B+
E03780,S0975,C035,SEM002,A
E03781,S0636,C139,SEM008,C+
E03782,S0538,C041,SEM002,C-
E03783,S0848,C013,SEM007,B-
E03784,S0794,C085,SEM002,B
E03785,S0739,C125,SEM002,C
E03786,S0530,C047,SEM003,B
E03787,S0934,C123,SEM005,A-
E03788,S0744,C130,SEM005,B+
E03789,S0623,C060,SEM002,B+
E03790,S0276,C020,SEM001,C
E03791,S0895,C042,SEM008,C
E03792,S0409,C123,SEM004,A-
E03793,S0562,C001,SEM006,B-
E03794,S0736,C006,SEM004,C-
E03795,S0086,C065,SEM004,B
E03796,S0240,C014,SEM007,B-
E03797,S0074,C059,SEM007,B+
E03798,S0357,C009,SEM002,B+
E03799,S0646,C049,SEM006,B
E03800,S0394,C105,SEM003,B-
E03801,S0291,C051,SEM002,B+
E03802,S0621,C105,SEM008,B-
E03803,S0540,C069,SEM007,A
E03804,S0529,C091,SEM002,B+
E03805,S0039,C116,SEM008,A-
E03806,S0332,C027,SEM008,F
E03807,S0295,C080,SEM003,B
E03808,S0710,C029,SEM005,B-
E03809,S0520,C038,SEM008,B-
E03810,S0433,C142,SEM004,C+
E03811,S0854,C114,SEM005,B-
E03812,S0131,C056,SEM005,B+
E03813,S0473,C042,SEM002,A
E03814,S0154,C028,SEM005,B-
E03815,S0718,C020,SEM002,B
E03816,S0267,C118,SEM008,A
E03817,S0460,C075,SEM008,C-
E03818,S0455,C038,SEM001,B-
E03819,S0335,C049,SEM003,B+
E03820,S0166,C112,SEM007,B
E03821,S0111,C043,SEM007,C
E03822,S0912,C098,SEM007,B
E03823,S0971,C105,SEM001,C+
E03824,S0826,C057,SEM008,C
E03825,S0861,C074,SEM004,C+
E03826,S0517,C036,SEM006,F
E03827,S0631,C036,SEM008,A-
E03828,S0577,C105,SEM006,B+
E03829,S0362,C023,SEM003,C+
E03830,S0796,C077,SEM005,B
E03831,S0886,C110,SEM002,A-
E03832,S0377,C051,SEM001,D
E03833,S0997,C021,SEM007,C+
E03834,S0784,C085,SEM006,B+
E03835,S0811,C099,SEM007,C+
E03836,S0285,C029,SEM008,A-
E03837,S0434,C100,SEM003,C-
E03838,S0358,C004,SEM001,A-
E03839,S0668,C002,SEM004,B
E03840,S0793,C029,SEM003,A-
E03841,S0705,C051,SEM002,B
E03842,S0025,C056,SEM003,B-
E03843,S0242,C036,SEM002,B
E03844,S0285,C009,SEM001,B-
E03845,S0669,C112,SEM005,C+
E03846,S0650,C025,SEM008,A
E03847,S0311,C034,SEM008,B-
E03848,S0681,C122,SEM003,D
E03849,S0309,C087,SEM002,C+
E03850,S0947,C107,SEM002,C+
E03851,S0843,C028,SEM005,C-
E03852,S0234,C017,SEM007,B+
E03853,S0158,C002,SEM007,C
E03854,S0766,C115,SEM003,B+
E03855,S0379,C112,SEM005,B
E03856,S0917,C079,SEM003,C-
E03857,S0794,C023,SEM008,B-
E03858,S0335,C067,SEM003,B
E03859,S0665,C001,SEM008,B
E03860,S0407,C014,SEM005,C+
E03861,S0781,C013,SEM001,C
E03862,S0852,C026,SEM008,C+
E03863,S0284,C047,SEM004,B
E03864,S0703,C005,SEM006,B+
E03865,S0580,C012,SEM008,D
E03866,S0194,C071,SEM004,C-
E03867,S0980,C084,SEM007,C
E03868,S0567,C002,SEM006,F
E03869,S0022,C072,SEM006,D
E03870,S0255,C020,SEM006,B+
E03871,S0349,C126,SEM004,C+
E03872,S0317,C007,SEM007,B+
E03873,S0395,C082,SEM004,C
E03874,S0294,C023,SEM001,B-
E03875,S0432,C097,SEM007,B+
E03876,S0610,C020,SEM005,C-
E03877,S0128,C113,SEM007,B+
E03878,S0197,C067,SEM003,D
E03879,S0229,C004,SEM008,B+
E03880,S0825,C069,SEM008,A-
E03881,S0086,C057,SEM003,C
E03882,S0096,C125,SEM008,C
E03883,S0477,C142,SEM008,B
E03884,S0903,C068,SEM005,B+
E03885,S0095,C066,SEM002,B
E03886,S0365,C145,SEM002,B+
E03887,S0345,C003,SEM008,C+
E03888,S0033,C038,SEM004,A
E03889,S0567,C094,SEM001,A
E03890,S0868,C010,SEM001,B-
E03891,S0912,C027,SEM006,B
E03892,S0484,C056,SEM001,B+
E03893,S0420,C035,SEM001,A-
E03894,S0305,C015,SEM008,C
E03895,S0755,C055,SEM008,C-
E03896,S0013,C094,SEM004,C+
E03897,S0370,C053,SEM001,F
E03898,S0817,C126,SEM003,B-
E03899,S0687,C012,SEM003,B+
E03900,S0768,C025,SEM006,C-
E03901,S0104,C018,SEM007,C+
E03902,S0794,C055,SEM003,D
E03903,S0294,C136,SEM008,C+
E03904,S0393,C016,SEM006,B
E03905,S0881,C078,SEM002,B
E03906,S0471,C103,SEM007,B
E03907,S0108,C001,SEM008,C+
E03908,S0816,C002,SEM006,A-
E03909,S0025,C105,SEM002,C
E03910,S0367,C040,SEM002,D
E03911,S0438,C048,SEM005,C
E03912,S0699,C007,SEM002,C+
E03913,S0758,C061,SEM001,C+
E03914,S0218,C048,SEM008,C+
E03915,S0348,C085,SEM001,B+
E03916,S0610,C063,SEM002,C+
E03917,S0511,C028,SEM002,C-
E03918,S0697,C085,SEM001,D
E03919,S0714,C016,SEM002,B+
E03920,S0178,C015,SEM001,B+
E03921,S0717,C051,SEM006,B
E03922,S0439,C092,SEM005,A
E03923,S0906,C023,SEM006,B
E03924,S0738,C081,SEM005,B+
E03925,S0369,C015,SEM002,F
E03926,S0331,C005,SEM008,A-
E03927,S0258,C110,SEM003,A
E03928,S0118,C123,SEM001,B
E03929,S0939,C041,SEM008,B-
E03930,S0527,C097,SEM006,A-
E03931,S0268,C109,SEM005,A
E03932,S0128,C006,SEM002,B
E03933,S0979,C029,SEM004,B
E03934,S0469,C122,SEM004,B-
E03935,S0782,C022,SEM006,C
E03936,S0415,C111,SEM001,C
E03937,S0156,C097,SEM003,B-
E03938,S0541,C011,SEM003,A-
E03939,S0901,C003,SEM008,C
E03940,S0649,C045,SEM001,D
E03941,S0521,C106,SEM005,C+
E03942,S0598,C024,SEM003,A
E03943,S0042,C132,SEM007,F
E03944,S0859,C020,SEM002,A-
E03945,S0320,C073,SEM004,C
E03946,S0710,C094,SEM005,D
E03947,S0688,C074,SEM001,A-
E03948,S0821,C014,SEM003,C
E03949,S0904,C103,SEM006,C-
E03950,S0456,C089,SEM003,C-
E03951,S0386,C074,SEM001,A
E03952,S0347,C039,SEM007,B
E03953,S0140,C128,SEM001,F
E03954,S0123,C124,SEM007,A-
E03955,S0203,C031,SEM007,A
E03956,S0531,C077,SEM005,B+
E03957,S0798,C058,SEM007,B+
E03958,S0238,C092,SEM007,B+
E03959,S0908,C037,SEM004,B-
E03960,S0339,C048,SEM004,A-
E03961,S0178,C021,SEM002,B
E03962,S0628,C019,SEM001,B
E03963,S0208,C067,SEM008,B-
E03964,S0725,C047,SEM004,D
E03965,S0485,C040,SEM002,B-
E03966,S0708,C020,SEM003,A
E03967,S0915,C108,SEM006,C
E03968,S1000,C013,SEM006,A
E03969,S0837,C138,SEM008,A-
E03970,S0093,C001,SEM003,B
E03971,S0934,C049,SEM008,B-
E03972,S0556,C048,SEM008,A-
E03973,S0708,C054,SEM001,C
E03974,S0353,C025,SEM007,B
E03975,S0889,C064,SEM002,C-
E03976,S0372,C011,SEM007,A-
E03977,S0542,C053,SEM004,B-
E03978,S0822,C050,SEM003,B-
E03979,S0570,C078,SEM002,B-
E03980,S0568,C104,SEM002,C
E03981,S0526,C063,SEM006,B+
E03982,S0337,C057,SEM001,F
E03983,S0915,C009,SEM008,A-
E03984,S0095,C031,SEM002,B+
E03985,S0310,C030,SEM004,B
E03986,S0210,C020,SEM008,F
E03987,S0451,C114,SEM001,B
E03988,S0940,C108,SEM007,B-
E03989,S0671,C032,SEM008,C+
E03990,S0539,C140,SEM003,C+
E03991,S0183,C047,SEM005,B
E03992,S0095,C036,SEM007,A-
E03993,S0484,C034,SEM007,B+
E03994,S0701,C131,SEM004,C+
E03995,S0226,C077,SEM006,B
E03996,S0647,C030,SEM008,B-
E03997,S0006,C029,SEM003,D
E03998,S0527,C012,SEM003,B
E03999,S0962,C057,SEM008,A-
E04000,S0615,C077,SEM003,B-
E04001,S0484,C064,SEM008,A-
E04002,S0471,C045,SEM005,B
E04003,S0514,C045,SEM005,A
E04004,S0534,C055,SEM006,A-
E04005,S0702,C065,SEM005,A-
E04006,S0371,C081,SEM005,B-
E04007,S0281,C018,SEM007,B
E04008,S0635,C022,SEM005,B-
E04009,S0980,C061,SEM006,B-
E04010,S0476,C023,SEM008,C
E04011,S0234,C017,SEM007,B+
E04012,S0948,C130,SEM008,A-
E04013,S0992,C002,SEM003,B-
E04014,S0133,C047,SEM003,B+
E04015,S0002,C017,SEM004,A-
E04016,S0970,C070,SEM007,A
E04017,S0215,C070,SEM005,C
E04018,S0155,C058,SEM005,F
E04019,S0082,C029,SEM008,C+
E04020,S0048,C031,SEM008,B-
E04021,S0473,C017,SEM004,C+
E04022,S0934,C003,SEM008,B
E04023,S0825,C001,SEM008,C+
E04024,S0564,C018,SEM003,A-
E04025,S0273,C085,SEM005,A
E04026,S0456,C048,SEM001,A-
E04027,S0107,C015,SEM005,B-
E04028,S0230,C009,SEM003,B-
E04029,S0578,C055,SEM006,C+
E04030,S0762,C001,SEM007,B
E04031,S0798,C111,SEM003,B
E04032,S0795,C022,SEM006,B+
E04033,S0750,C090,SEM003,B+
E04034,S0817,C024,SEM006,C-
E04035,S0209,C006,SEM008,B
E04036,S0544,C049,SEM007,B+
E04037,S0541,C004,SEM006,C-
E04038,S0222,C002,SEM002,B+
E04039,S0738,C063,SEM003,B
E04040,S0686,C020,SEM006,B
E04041,S0006,C046,SEM002,B
E04042,S0627,C017,SEM001,A-
E04043,S0995,C020,SEM005,A-
E04044,S0232,C107,SEM006,B+
E04045,S0450,C040,SEM005,A
E04046,S0342,C058,SEM005,B-
E04047,S0010,C008,SEM004,A
E04048,S0800,C081,SEM005,A-
E04049,S0491,C035,SEM002,B-
E04050,S0594,C057,SEM005,F
E04051,S0750,C020,SEM001,B
E04052,S0584,C053,SEM002,B+
E04053,S0521,C124,SEM004,C+
E04054,S0376,C098,SEM006,B+
E04055,S0923,C040,SEM005,C+
E04056,S0041,C043,SEM001,C
E04057,S0425,C040,SEM007,B-
E04058,S0546,C033,SEM002,F
E04059,S0848,C047,SEM002,B
E04060,S0907,C135,SEM005,A-
E04061,S0077,C060,SEM002,B
E04062,S0002,C064,SEM005,A-
E04063,S0713,C022,SEM002,A-
E04064,S0628,C110,SEM004,B-
E04065,S0657,C096,SEM007,B-
E04066,S0410,C001,SEM003,B
E04067,S0185,C009,SEM003,F
E04068,S0578,C119,SEM003,A-
E04069,S0431,C071,SEM007,B-
E04070,S0026,C073,SEM008,A
E04071,S0947,C035,SEM003,F
E04072,S0996,C060,SEM005,B
E04073,S0773,C080,SEM004,B+
E04074,S0135,C130,SEM003,B+
E04075,S0888,C096,SEM005,B
E04076,S0724,C111,SEM008,B-
E04077,S0977,C102,SEM003,B
E04078,S0014,C060,SEM008,A-
E04079,S0160,C093,SEM008,B+
E04080,S0040,C015,SEM008,A-
E04081,S0204,C053,SEM008,B-
E04082,S0398,C089,SEM002,B
E04083,S0350,C036,SEM007,B
E04084,S0940,C039,SEM007,D
E04085,S0525,C071,SEM004,C+
E04086,S0948,C002,SEM008,C+
E04087,S0883,C093,SEM008,A-
E04088,S0225,C038,SEM004,B
E04089,S0852,C017,SEM002,C
E04090,S0640,C018,SEM004,A
E04091,S0381,C011,SEM002,A-
E04092,S0695,C058,SEM001,A-
E04093,S0571,C121,SEM003,D
E04094,S0156,C034,SEM003,B-
E04095,S0858,C024,SEM002,C+
E04096,S0514,C052,SEM005,A
E04097,S0485,C034,SEM004,F
E04098,S0406,C077,SEM007,B-
E04099,S0868,C045,SEM008,C
E04100,S0325,C105,SEM006,B+
E04101,S0854,C099,SEM004,C
E04102,S0864,C102,SEM001,A-
E04103,S0881,C074,SEM003,B+
E04104,S0250,C057,SEM007,D
E04105,S0399,C063,SEM002,A
E04106,S0741,C064,SEM004,B+
E04107,S0944,C056,SEM005,C
E04108,S0830,C107,SEM001,F
E04109,S0705,C071,SEM001,B
E04110,S0752,C123,SEM006,B
E04111,S0274,C094,SEM003,C+
E04112,S0965,C069,SEM006,B-
E04113,S0133,C116,SEM007,B
E04114,S0428,C027,SEM003,A
E04115,S0612,C047,SEM007,B
E04116,S0011,C045,SEM003,B
E04117,S0047,C046,SEM003,D
E04118,S0116,C086,SEM002,B-
E04119,S0945,C034,SEM006,C
E04120,S0426,C111,SEM002,A
E04121,S0985,C012,SEM006,F
E04122,S0232,C020,SEM001,C
E04123,S0113,C079,SEM008,A-
E04124,S0790,C116,SEM005,B
E04125,S0016,C041,SEM002,C-
E04126,S0835,C013,SEM001,A
E04127,S0120,C011,SEM006,B+
E04128,S0471,C146,SEM003,C+
E04129,S0564,C059,SEM005,C-
E04130,S0739,C097,SEM001,B-
E04131,S0918,C027,SEM006,A
E04132,S0959,C078,SEM003,B-
E04133,S0865,C016,SEM007,B+
E04134,S0349,C064,SEM006,B
E04135,S0727,C049,SEM003,B
E04136,S0069,C024,SEM008,D
E04137,S0084,C090,SEM006,B-
E04138,S0760,C029,SEM001,B+
E04139,S0771,C066,SEM001,A-
E04140,S0638,C089,SEM003,B
E04141,S0859,C080,SEM007,A-
E04142,S0834,C070,SEM008,B+
E04143,S0724,C088,SEM003,B
E04144,S0586,C039,SEM001,C+
E04145,S0153,C114,SEM008,B
E04146,S0335,C053,SEM007,B+
E04147,S0537,C022,SEM008,C
E04148,S0880,C013,SEM003,B
E04149,S0341,C061,SEM002,B-
E04150,S0694,C008,SEM007,C+
E04151,S0154,C069,SEM006,B
E04152,S0745,C104,SEM006,C
E04153,S0338,C052,SEM008,B-
E04154,S0362,C136,SEM006,B-
E04155,S0707,C077,SEM008,B+
E04156,S0740,C030,SEM007,B
E04157,S0223,C079,SEM004,C
E04158,S0058,C023,SEM004,C+
E04159,S0495,C091,SEM002,C
E04160,S0415,C114,SEM006,B+
E04161,S0948,C097,SEM006,C
E04162,S0311,C119,SEM005,C-
E04163,S0307,C025,SEM005,B-
E04164,S0574,C029,SEM001,B
E04165,S0095,C057,SEM008,B-
E04166,S0376,C048,SEM007,B
E04167,S0703,C070,SEM007,B
E04168,S0211,C050,SEM007,B-
E04169,S0052,C040,SEM006,A
E04170,S0270,C053,SEM003,C
E04171,S0464,C037,SEM002,B
E04172,S0059,C032,SEM003,C+
E04173,S0460,C043,SEM005,A
E04174,S0490,C050,SEM005,A-
E04175,S0260,C132,SEM003,B+
E04176,S0995,C047,SEM003,B+
E04177,S0954,C074,SEM004,C+
E04178,S0620,C021,SEM007,C-
E04179,S0887,C049,SEM007,B+
E04180,S0833,C074,SEM008,B
E04181,S0465,C108,SEM003,B
E04182,S0391,C029,SEM006,F
E04183,S0955,C036,SEM004,B+
E04184,S0714,C053,SEM008,C-
E04185,S0569,C077,SEM006,A-
E04186,S0528,C063,SEM003,B
E04187,S0213,C015,SEM004,B
E04188,S0835,C064,SEM004,B
E04189,S0197,C098,SEM005,C
E04190,S0017,C010,SEM002,C
E04191,S0573,C115,SEM003,C+
E04192,S0758,C093,SEM004,A-
E04193,S0566,C055,SEM002,A-
E04194,S0532,C104,SEM005,A-
E04195,S0132,C015,SEM004,B+
E04196,S0805,C082,SEM007,A-
E04197,S0718,C002,SEM006,A-
E04198,S0436,C076,SEM001,C
E04199,S0134,C018,SEM003,B
E04200,S0248,C002,SEM005,C
E04201,S0985,C049,SEM003,B+
E04202,S0753,C043,SEM007,B+
E04203,S0656,C125,SEM005,A
E04204,S0732,C043,SEM008,C+
E04205,S0292,C106,SEM004,B
E04206,S0654,C019,SEM004,B+
E04207,S0080,C030,SEM002,C-
E04208,S0535,C076,SEM004,C-
E04209,S0025,C074,SEM005,A-
E04210,S0841,C063,SEM008,F
E04211,S0145,C033,SEM002,C+
E04212,S0897,C133,SEM003,B
E04213,S0881,C023,SEM001,C+
E04214,S0885,C016,SEM005,B+
E04215,S0230,C070,SEM001,B-
E04216,S0843,C003,SEM006,B+
E04217,S0566,C003,SEM001,A-
E04218,S0653,C095,SEM003,A
E04219,S0904,C018,SEM006,B
E04220,S0934,C131,SEM007,C
E04221,S0699,C008,SEM005,B-
E04222,S0919,C074,SEM001,B+
E04223,S0538,C088,SEM006,C+
E04224,S0010,C061,SEM001,C+
E04225,S0308,C011,SEM004,A
E04226,S0976,C060,SEM005,B+
E04227,S0097,C037,SEM006,B-
E04228,S0800,C092,SEM001,A-
E04229,S0804,C031,SEM002,B+
E04230,S0836,C119,SEM001,A
E04231,S0880,C062,SEM005,B-
E04232,S0920,C062,SEM008,B
E04233,S0114,C034,SEM006,B
E04234,S0038,C003,SEM003,C
E04235,S0154,C005,SEM008,C
E04236,S0504,C128,SEM003,A
E04237,S0253,C021,SEM007,B-
E04238,S0305,C098,SEM004,F
E04239,S0151,C071,SEM001,A
E04240,S0790,C016,SEM008,B+
E04241,S0816,C093,SEM007,B
E04242,S0255,C062,SEM002,B-
E04243,S0610,C024,SEM006,C+
E04244,S0454,C025,SEM008,B
E04245,S0094,C130,SEM002,C
E04246,S0439,C084,SEM004,F
E04247,S0554,C037,SEM002,B-
E04248,S0782,C043,SEM007,F
E04249,S0325,C034,SEM007,B+
E04250,S0469,C072,SEM001,B
E04251,S0094,C043,SEM003,D
E04252,S0345,C059,SEM004,C
E04253,S0380,C046,SEM004,C+
E04254,S0812,C095,SEM005,B-
E04255,S0619,C025,SEM008,A
E04256,S0502,C074,SEM003,B
E04257,S0129,C042,SEM006,C+
E04258,S0897,C022,SEM008,C+
E04259,S0791,C014,SEM001,A-
E04260,S0844,C129,SEM001,C+
E04261,S0605,C082,SEM002,C
E04262,S0682,C063,SEM001,C-
E04263,S0975,C013,SEM006,B
E04264,S0227,C018,SEM007,C+
E04265,S0484,C038,SEM004,A
E04266,S0431,C082,SEM002,C
E04267,S0082,C030,SEM007,B+
E04268,S0315,C048,SEM001,D
E04269,S0980,C089,SEM003,B+
E04270,S0085,C014,SEM007,A
E04271,S0786,C083,SEM001,B
E04272,S0125,C027,SEM002,B+
E04273,S0001,C108,SEM003,A-
E04274,S0310,C063,SEM002,B
E04275,S0641,C150,SEM004,B
E04276,S0047,C007,SEM006,B+
E04277,S0374,C086,SEM005,A
E04278,S0680,C019,SEM001,C+
E04279,S0678,C064,SEM006,C-
E04280,S0136,C024,SEM003,B-
E04281,S0982,C054,SEM005,C+
E04282,S0154,C045,SEM003,C+
E04283,S0953,C032,SEM005,B+
E04284,S0339,C007,SEM005,C
E04285,S0558,C055,SEM008,A-
E04286,S0598,C104,SEM006,B
E04287,S0147,C069,SEM003,B+
E04288,S0881,C107,SEM004,B-
E04289,S0611,C001,SEM006,B
E04290,S0331,C074,SEM008,F
E04291,S0599,C007,SEM002,B+
E04292,S0494,C021,SEM002,C
E04293,S0714,C114,SEM008,F
E04294,S0488,C098,SEM006,B
E04295,S0058,C035,SEM008,B
E04296,S0358,C081,SEM005,A
E04297,S0130,C012,SEM005,B
E04298,S0802,C100,SEM005,C
E04299,S0116,C118,SEM005,B+
E04300,S0789,C079,SEM006,C-
E04301,S0297,C120,SEM003,B
E04302,S0248,C015,SEM005,B
E04303,S0019,C061,SEM002,B
E04304,S0347,C015,SEM005,D
E04305,S0023,C024,SEM001,A
E04306,S0534,C013,SEM006,A
E04307,S0200,C110,SEM004,B-
E04308,S0042,C021,SEM006,B
E04309,S0628,C003,SEM006,B
E04310,S0210,C082,SEM006,A
E04311,S0440,C114,SEM004,A-
E04312,S0161,C080,SEM003,B
E04313,S0499,C037,SEM003,C+
E04314,S0504,C097,SEM003,B
E04315,S0991,C037,SEM007,C
E04316,S0180,C023,SEM002,C+
E04317,S0784,C100,SEM007,A-
E04318,S0695,C122,SEM008,A
E04319,S0595,C128,SEM008,C-
E04320,S0672,C063,SEM008,A
E04321,S0970,C074,SEM007,C-
E04322,S0439,C100,SEM001,C+
E04323,S0042,C021,SEM006,F
E04324,S0719,C028,SEM008,A-
E04325,S0597,C135,SEM005,C
E04326,S0850,C061,SEM001,C
E04327,S0610,C074,SEM008,A-
E04328,S0007,C043,SEM006,C
E04329,S0189,C014,SEM001,B
E04330,S0987,C046,SEM002,B-
E04331,S0514,C042,SEM004,A-
E04332,S0685,C035,SEM006,C-
E04333,S0440,C071,SEM005,C+
E04334,S0913,C011,SEM001,B+
E04335,S0229,C025,SEM002,B
E04336,S0404,C009,SEM005,B
E04337,S0449,C036,SEM007,A-
E04338,S0005,C066,SEM002,C
E04339,S0914,C092,SEM008,B
E04340,S0136,C020,SEM004,B+
E04341,S0050,C071,SEM006,A
E04342,S0969,C014,SEM007,B
E04343,S0678,C034,SEM002,C
E04344,S0714,C033,SEM007,B-
E04345,S0449,C075,SEM005,C
E04346,S0301,C015,SEM005,C
E04347,S0616,C031,SEM005,F
E04348,S0713,C110,SEM006,C
E04349,S0874,C083,SEM002,C-
E04350,S0824,C077,SEM004,C+
E04351,S0029,C012,SEM006,B-
E04352,S0466,C057,SEM005,B-
E04353,S0578,C079,SEM003,D
E04354,S0615,C071,SEM008,A
E04355,S0341,C143,SEM005,B-
E04356,S0857,C105,SEM001,A-
E04357,S0247,C118,SEM006,B-
E04358,S0610,C014,SEM001,B
E04359,S0308,C052,SEM007,A-
E04360,S0610,C032,SEM006,B
E04361,S0195,C118,SEM004,C+
E04362,S0072,C057,SEM002,B+
E04363,S0919,C051,SEM005,B-
E04364,S0629,C003,SEM003,B
E04365,S0770,C062,SEM004,B
E04366,S0630,C113,SEM004,C+
E04367,S0140,C021,SEM002,C+
E04368,S0860,C067,SEM008,C
E04369,S0939,C057,SEM001,A-
E04370,S0123,C085,SEM008,B-
E04371,S0030,C062,SEM002,B-
E04372,S0081,C012,SEM002,B+
E04373,S0121,C127,SEM002,A
E04374,S0011,C061,SEM002,B-
E04375,S0269,C052,SEM005,B-
E04376,S0818,C032,SEM005,A
E04377,S0371,C064,SEM004,B
E04378,S0753,C034,SEM008,B
E04379,S0910,C012,SEM004,B+
E04380,S0469,C035,SEM005,B+
E04381,S0851,C083,SEM004,C-
E04382,S0533,C057,SEM002,B-
E04383,S0691,C035,SEM001,B+
E04384,S0286,C040,SEM002,B-
E04385,S0803,C033,SEM003,B
E04386,S0004,C144,SEM003,A
E04387,S0915,C094,SEM001,B+
E04388,S0149,C015,SEM005,C
E04389,S0492,C045,SEM007,C
E04390,S0921,C083,SEM007,D
E04391,S0238,C110,SEM003,B
E04392,S0571,C077,SEM002,B-
E04393,S0381,C082,SEM006,B
E04394,S0436,C095,SEM008,C
E04395,S0945,C135,SEM006,B+
E04396,S0667,C013,SEM004,A
E04397,S0401,C083,SEM003,B-
E04398,S0497,C023,SEM001,B-
E04399,S0424,C054,SEM003,B+
E04400,S0868,C046,SEM003,A-
E04401,S0908,C116,SEM007,C+
E04402,S0618,C003,SEM006,B+
E04403,S0669,C008,SEM006,B
E04404,S0611,C067,SEM001,B+
E04405,S0472,C068,SEM001,C+
E04406,S0351,C146,SEM005,B+
E04407,S0816,C005,SEM005,B+
E04408,S0236,C101,SEM008,B+
E04409,S0710,C028,SEM004,B
E04410,S0632,C006,SEM001,D
E04411,S0974,C002,SEM001,B-
E04412,S0539,C065,SEM003,A-
E04413,S0949,C089,SEM008,B
E04414,S0555,C022,SEM005,B+
E04415,S0508,C144,SEM004,B
E04416,S0512,C048,SEM005,B+
E04417,S0987,C016,SEM002,B-
E04418,S0533,C073,SEM002,A
E04419,S1000,C018,SEM003,B
E04420,S0527,C013,SEM007,A
E04421,S0104,C045,SEM005,D
E04422,S0607,C022,SEM001,C+
E04423,S0282,C035,SEM004,C
E04424,S0875,C115,SEM008,C+
E04425,S0944,C053,SEM001,B
E04426,S0502,C002,SEM004,B-
E04427,S0589,C044,SEM008,B+
E04428,S0522,C076,SEM008,A-
E04429,S0740,C106,SEM008,B
E04430,S0488,C147,SEM002,B
E04431,S0649,C019,SEM006,B+
E04432,S0643,C051,SEM006,B-
E04433,S0102,C029,SEM001,C
E04434,S0905,C058,SEM005,A-
E04435,S0620,C009,SEM001,B
E04436,S0735,C016,SEM006,B
E04437,S0082,C100,SEM006,D
E04438,S0566,C003,SEM003,B-
E04439,S0025,C024,SEM005,B
E04440,S0822,C028,SEM008,B
E04441,S1000,C047,SEM005,D
E04442,S0644,C108,SEM006,C-
E04443,S0957,C042,SEM002,C-
E04444,S0226,C029,SEM002,B
E04445,S0053,C068,SEM004,A
E04446,S0102,C096,SEM001,A
E04447,S0897,C080,SEM002,B-
E04448,S0090,C058,SEM005,C-
E04449,S0724,C022,SEM007,B+
E04450,S0310,C035,SEM004,B
E04451,S0683,C069,SEM007,B-
E04452,S0224,C071,SEM002,C
E04453,S0548,C058,SEM006,B+
E04454,S0259,C136,SEM008,B-
E04455,S0265,C022,SEM008,B
E04456,S0856,C013,SEM008,B+
E04457,S0676,C018,SEM004,D
E04458,S0663,C001,SEM003,D
E04459,S0396,C007,SEM001,B-
E04460,S0981,C014,SEM003,B+
E04461,S0312,C022,SEM003,A
E04462,S0722,C065,SEM001,B+
E04463,S0657,C050,SEM003,B-
E04464,S0428,C045,SEM006,B+
E04465,S0866,C016,SEM001,B-
E04466,S0692,C006,SEM005,B
E04467,S0505,C088,SEM005,A
E04468,S0671,C097,SEM001,A-
E04469,S0827,C033,SEM005,C
E04470,S0355,C022,SEM008,B-
E04471,S0496,C107,SEM005,C+
E04472,S0001,C052,SEM002,B-
E04473,S0324,C143,SEM001,A-
E04474,S0644,C039,SEM006,C-
E04475,S0011,C098,SEM005,C+
E04476,S0018,C014,SEM008,C
E04477,S0331,C085,SEM004,A
E04478,S0507,C009,SEM007,B
E04479,S0113,C029,SEM003,B-
E04480,S0542,C072,SEM008,A-
E04481,S0584,C014,SEM002,B+
E04482,S0411,C037,SEM001,B+
E04483,S0433,C088,SEM006,B
E04484,S0067,C081,SEM002,C+
E04485,S0494,C058,SEM008,C
E04486,S0282,C012,SEM004,B
E04487,S0345,C022,SEM001,B+
E04488,S0779,C050,SEM006,A-
E04489,S0760,C079,SEM006,B-
E04490,S0933,C033,SEM008,C-
E04491,S0990,C101,SEM007,A-
E04492,S0345,C029,SEM006,A
E04493,S0155,C054,SEM002,B
E04494,S0081,C077,SEM006,B
E04495,S0844,C100,SEM002,A-
E04496,S0913,C045,SEM004,A-
E04497,S0917,C063,SEM004,B+
E04498,S0380,C064,SEM006,B
E04499,S0628,C038,SEM005,B
E04500,S0290,C078,SEM002,B+
E04501,S0681,C064,SEM007,B
E04502,S0464,C041,SEM002,B-
E04503,S0668,C055,SEM001,A-
E04504,S0634,C018,SEM004,A-
E04505,S0409,C073,SEM008,C
E04506,S0954,C025,SEM007,A
E04507,S0836,C116,SEM004,B-
E04508,S0834,C052,SEM002,B+
E04509,S0481,C117,SEM005,B-
E04510,S0266,C028,SEM008,A
E04511,S0924,C077,SEM001,B-
E04512,S0865,C042,SEM005,A-
E04513,S0381,C087,SEM004,A
E04514,S0128,C026,SEM002,B
E04515,S0544,C028,SEM003,B
E04516,S0308,C016,SEM003,D
E04517,S0343,C074,SEM007,B
E04518,S0571,C089,SEM002,C+
E04519,S0232,C001,SEM001,A-
E04520,S0507,C061,SEM005,B-
E04521,S0849,C060,SEM002,B+
E04522,S0674,C095,SEM008,B+
E04523,S0849,C019,SEM005,B
E04524,S0902,C058,SEM008,B
E04525,S0537,C022,SEM008,B+
E04526,S0089,C105,SEM002,A-
E04527,S0832,C114,SEM008,A-
E04528,S0057,C026,SEM008,B+
E04529,S0674,C012,SEM003,B-
E04530,S0205,C113,SEM008,B
E04531,S0109,C005,SEM008,B
E04532,S0854,C102,SEM007,A
E04533,S0687,C017,SEM005,B-
E04534,S0358,C032,SEM008,A-
E04535,S0018,C137,SEM002,A-
E04536,S0094,C089,SEM007,B+
E04537,S0969,C033,SEM002,A-
E04538,S0495,C009,SEM007,B+
E04539,S0828,C010,SEM002,B
E04540,S0068,C005,SEM003,B
E04541,S0933,C031,SEM005,B
E04542,S0219,C142,SEM005,D
E04543,S0425,C028,SEM006,F
E04544,S0052,C004,SEM007,A
E04545,S0381,C021,SEM006,B
E04546,S0442,C114,SEM001,C
E04547,S0827,C099,SEM006,B-
E04548,S0684,C037,SEM007,B
E04549,S0579,C134,SEM007,C-
E04550,S0752,C016,SEM002,B-
E04551,S0417,C033,SEM005,B+
E04552,S0796,C128,SEM004,A-
E04553,S0419,C002,SEM004,B
E04554,S0594,C069,SEM004,B
E04555,S0966,C017,SEM003,B
E04556,S0316,C007,SEM003,B-
E04557,S0305,C074,SEM008,B
E04558,S0801,C001,SEM006,C
E04559,S0836,C024,SEM004,B-
E04560,S0794,C108,SEM001,C+
E04561,S0903,C090,SEM004,A
E04562,S0715,C017,SEM004,B
E04563,S0040,C013,SEM006,B+
E04564,S0585,C119,SEM008,D
E04565,S0078,C032,SEM004,A-
E04566,S0309,C022,SEM005,B+
E04567,S0361,C072,SEM002,A-
E04568,S0122,C022,SEM003,D
E04569,S0321,C096,SEM003,B
E04570,S0061,C029,SEM003,C
E04571,S0495,C060,SEM001,C-
E04572,S0952,C132,SEM008,B-
E04573,S0578,C054,SEM001,B-
E04574,S0179,C104,SEM006,B-
E04575,S0482,C043,SEM004,D
E04576,S0414,C044,SEM008,B+
E04577,S0718,C046,SEM008,B-
E04578,S0628,C100,SEM003,C
E04579,S0911,C098,SEM001,B-
E04580,S0313,C005,SEM004,A
E04581,S0809,C030,SEM008,B-
E04582,S0082,C071,SEM007,C
E04583,S0781,C056,SEM006,B
E04584,S0386,C049,SEM007,B+
E04585,S0111,C026,SEM008,C+
E04586,S0948,C049,SEM004,C
E04587,S0537,C042,SEM008,C
E04588,S0779,C114,SEM008,C+
E04589,S1000,C046,SEM001,B
E04590,S0638,C017,SEM002,B+
E04591,S0567,C034,SEM005,C
E04592,S0305,C063,SEM001,B
E04593,S0720,C068,SEM005,B
E04594,S0783,C044,SEM004,C-
E04595,S0657,C044,SEM003,A
E04596,S0548,C047,SEM008,B+
E04597,S0721,C009,SEM007,C+
E04598,S0812,C119,SEM003,B
E04599,S0004,C020,SEM004,B
E04600,S0347,C007,SEM008,D
E04601,S0533,C064,SEM008,C
E04602,S0906,C070,SEM002,C-
E04603,S0178,C124,SEM008,B-
E04604,S0087,C092,SEM006,B
E04605,S0584,C082,SEM002,B-
E04606,S0108,C049,SEM001,B-
E04607,S0618,C013,SEM004,A-
E04608,S0402,C013,SEM008,A
E04609,S0837,C135,SEM003,B
E04610,S0929,C031,SEM004,D
E04611,S0050,C024,SEM002,B
E04612,S0681,C022,SEM007,B+
E04613,S0225,C130,SEM008,B-
E04614,S0434,C022,SEM008,D
E04615,S0482,C075,SEM001,C
E04616,S0779,C005,SEM001,B+
E04617,S0795,C017,SEM002,B-
E04618,S0633,C112,SEM007,B
E04619,S0251,C041,SEM006,B
E04620,S0626,C039,SEM001,B-
E04621,S0525,C040,SEM003,B
E04622,S0082,C096,SEM004,B
E04623,S0140,C034,SEM008,B+
E04624,S0189,C121,SEM001,B
E04625,S0266,C102,SEM006,C+
E04626,S0008,C129,SEM008,B
E04627,S0138,C029,SEM003,B-
E04628,S0793,C123,SEM006,A-
E04629,S0321,C006,SEM006,B-
E04630,S0877,C076,SEM005,B+
E04631,S0376,C063,SEM004,B
E04632,S0533,C038,SEM002,C+
E04633,S0323,C086,SEM008,A-
E04634,S0447,C073,SEM007,B-
E04635,S0454,C053,SEM008,B-
E04636,S0583,C018,SEM008,C-
E04637,S0626,C079,SEM004,A-
E04638,S0896,C073,SEM003,B
E04639,S0489,C046,SEM005,A-
E04640,S0481,C104,SEM005,B+
E04641,S0808,C010,SEM003,A
E04642,S0787,C044,SEM004,B+
E04643,S0807,C064,SEM002,C+
E04644,S0990,C007,SEM008,B
E04645,S0808,C009,SEM007,A
E04646,S0939,C054,SEM001,D
E04647,S0914,C019,SEM003,B
E04648,S0784,C108,SEM001,B-
E04649,S0830,C080,SEM001,B+
E04650,S0877,C087,SEM006,A-
E04651,S0439,C047,SEM001,B
E04652,S0529,C056,SEM003,C-
E04653,S0924,C024,SEM007,B-
E04654,S0543,C018,SEM008,D
E04655,S0799,C037,SEM007,F
E04656,S0797,C056,SEM004,B
E04657,S0066,C067,SEM005,A
E04658,S0298,C058,SEM007,B-
E04659,S0159,C101,SEM003,B-
E04660,S0669,C059,SEM003,A-
E04661,S0184,C036,SEM001,A-
E04662,S0431,C063,SEM003,A
E04663,S0445,C006,SEM005,B-
E04664,S0853,C044,SEM005,B
E04665,S0805,C068,SEM003,B
E04666,S0828,C049,SEM003,A
E04667,S0880,C056,SEM006,B-
E04668,S0186,C026,SEM008,B-
E04669,S0749,C075,SEM002,B
E04670,S0641,C042,SEM004,C+
E04671,S0318,C079,SEM001,B
E04672,S0083,C021,SEM006,A
E04673,S0711,C011,SEM008,B-
E04674,S0371,C023,SEM001,B+
E04675,S0919,C094,SEM006,A
E04676,S0138,C005,SEM002,B-
E04677,S0233,C103,SEM001,B+
E04678,S0013,C105,SEM002,A
E04679,S0330,C002,SEM002,A
E04680,S0525,C030,SEM001,B
E04681,S0800,C006,SEM005,D
E04682,S0837,C009,SEM007,B
E04683,S0905,C038,SEM006,C
E04684,S0423,C139,SEM002,B
E04685,S0755,C021,SEM008,B+
E04686,S0620,C070,SEM006,C+
E04687,S0981,C058,SEM007,B+
E04688,S0010,C054,SEM007,D
E04689,S0734,C088,SEM007,F
E04690,S0006,C081,SEM008,B
E04691,S0779,C018,SEM007,B
E04692,S0983,C090,SEM002,B-
E04693,S0574,C063,SEM003,B-
E04694,S0606,C016,SEM002,B+
E04695,S0416,C093,SEM002,B-
E04696,S0083,C102,SEM003,C+
E04697,S0744,C018,SEM004,C-
E04698,S0169,C081,SEM001,B-
E04699,S0987,C052,SEM001,B-
E04700,S0407,C017,SEM008,B
E04701,S0239,C080,SEM006,B
E04702,S0537,C081,SEM006,A-
E04703,S0359,C036,SEM006,B
E04704,S0073,C036,SEM005,B+
E04705,S0248,C070,SEM008,B-
E04706,S0379,C049,SEM002,C+
E04707,S0164,C005,SEM005,B+
E04708,S0922,C047,SEM007,B
E04709,S0770,C136,SEM001,B
E04710,S0165,C007,SEM008,B+
E04711,S0630,C052,SEM007,C
E04712,S0808,C030,SEM001,A-
E04713,S0900,C024,SEM005,B+
E04714,S0124,C063,SEM005,C
E04715,S0592,C016,SEM008,A-
E04716,S0137,C068,SEM005,A-
E04717,S0202,C095,SEM005,B-
E04718,S0106,C034,SEM004,B-
E04719,S0705,C064,SEM005,B
E04720,S0414,C060,SEM006,A
E04721,S0686,C024,SEM006,B-
E04722,S0273,C029,SEM001,B
E04723,S0337,C042,SEM006,B-
E04724,S0102,C033,SEM005,C+
E04725,S0634,C016,SEM007,F
E04726,S0110,C044,SEM001,C-
E04727,S0968,C018,SEM002,C
E04728,S0342,C070,SEM003,B
E04729,S0153,C032,SEM007,B
E04730,S0574,C040,SEM006,B-
E04731,S0062,C081,SEM003,B+
E04732,S0679,C005,SEM004,B+
E04733,S0069,C014,SEM002,B
E04734,S0227,C091,SEM008,B-
E04735,S0455,C073,SEM008,B-
E04736,S0629,C037,SEM008,C+
E04737,S0355,C042,SEM002,B
E04738,S0689,C038,SEM001,C+
E04739,S0118,C002,SEM006,A-
E04740,S0783,C053,SEM001,B
E04741,S0517,C077,SEM006,C
E04742,S0933,C139,SEM002,C+
E04743,S0059,C033,SEM004,A-
E04744,S0915,C045,SEM002,A-
E04745,S0344,C035,SEM003,A
E04746,S0650,C090,SEM004,B
E04747,S0823,C064,SEM008,B+
E04748,S0306,C022,SEM003,A
E04749,S0124,C022,SEM007,F
E04750,S0832,C035,SEM001,B-
E04751,S0315,C060,SEM003,B
E04752,S0912,C054,SEM001,C+
E04753,S0344,C069,SEM003,B+
E04754,S0993,C023,SEM002,B-
E04755,S0121,C054,SEM002,B-
E04756,S0058,C073,SEM004,C-
E04757,S0438,C071,SEM006,B
E04758,S0593,C073,SEM006,B
E04759,S0744,C094,SEM004,B-
E04760,S0909,C014,SEM005,C
E04761,S0143,C068,SEM005,B-
E04762,S0924,C010,SEM006,B+
E04763,S0553,C012,SEM004,B
E04764,S0529,C110,SEM005,C
E04765,S0893,C090,SEM003,B
E04766,S0430,C052,SEM008,A-
E04767,S0627,C058,SEM001,B+
E04768,S0412,C094,SEM002,C
E04769,S0663,C011,SEM008,B+
E04770,S0219,C031,SEM006,C
E04771,S0078,C006,SEM006,C+
E04772,S0287,C043,SEM005,A-
E04773,S0866,C083,SEM001,C-
E04774,S0776,C056,SEM001,B+
E04775,S0827,C067,SEM006,B+
E04776,S0084,C072,SEM007,B-
E04777,S0511,C076,SEM008,B-
E04778,S0400,C079,SEM003,A-
E04779,S0448,C055,SEM001,B-
E04780,S0486,C001,SEM005,B-
E04781,S0954,C097,SEM008,B+
E04782,S0238,C107,SEM005,C+
E04783,S0030,C011,SEM003,A-
E04784,S0863,C015,SEM002,A-
E04785,S0716,C005,SEM003,C
E04786,S0799,C047,SEM001,A
E04787,S0976,C010,SEM003,B
E04788,S0058,C019,SEM008,B
E04789,S0439,C059,SEM006,C
E04790,S0684,C012,SEM008,B+
E04791,S0291,C148,SEM004,B-
E04792,S0439,C033,SEM003,A
E04793,S0279,C037,SEM001,B-
E04794,S0872,C031,SEM006,C
E04795,S0890,C131,SEM003,C+
E04796,S0395,C025,SEM007,B+
E04797,S0988,C004,SEM002,A
E04798,S0156,C035,SEM004,C
E04799,S0978,C068,SEM003,C
E04800,S0409,C061,SEM005,B
E04801,S0730,C022,SEM003,B
E04802,S0925,C065,SEM003,B+
E04803,S0035,C043,SEM005,B+
E04804,S0860,C031,SEM004,B+
E04805,S0407,C081,SEM008,D
E04806,S0692,C081,SEM003,B-
E04807,S0015,C004,SEM006,B+
E04808,S0035,C076,SEM005,B-
E04809,S0317,C111,SEM007,B-
E04810,S0150,C092,SEM001,A
E04811,S0007,C017,SEM008,C
E04812,S0118,C006,SEM002,B+
E04813,S0953,C031,SEM004,B
E04814,S0065,C069,SEM004,A
E04815,S0500,C028,SEM001,C+
E04816,S0904,C081,SEM003,B+
E04817,S0686,C103,SEM003,B
E04818,S0063,C036,SEM001,A-
E04819,S0844,C033,SEM003,B
E04820,S0802,C092,SEM006,B-
E04821,S0886,C019,SEM001,C+
E04822,S0146,C003,SEM004,C
E04823,S0722,C090,SEM002,B-
E04824,S0971,C027,SEM004,B
E04825,S0443,C066,SEM007,C
E04826,S0738,C064,SEM008,A
E04827,S0715,C007,SEM003,C+
E04828,S0393,C061,SEM004,B-
E04829,S0978,C085,SEM005,C-
E04830,S0879,C112,SEM004,B
E04831,S0039,C134,SEM008,B-
E04832,S0644,C056,SEM008,B
E04833,S0360,C092,SEM001,B-
E04834,S0376,C019,SEM007,B-
E04835,S0709,C016,SEM006,A
E04836,S0499,C118,SEM005,B-
E04837,S0003,C033,SEM007,C+
E04838,S0353,C018,SEM001,C-
E04839,S0419,C058,SEM006,B
E04840,S0942,C049,SEM002,C+
E04841,S0451,C078,SEM005,F
E04842,S0623,C021,SEM001,B-
E04843,S0613,C021,SEM004,B-
E04844,S0946,C056,SEM003,A-
E04845,S0195,C079,SEM007,B+
E04846,S0966,C063,SEM006,C+
E04847,S0162,C007,SEM007,B-
E04848,S0955,C050,SEM003,B
E04849,S0344,C069,SEM003,B+
E04850,S0018,C056,SEM001,B
E04851,S0214,C008,SEM002,C+
E04852,S0089,C120,SEM008,B+
E04853,S0243,C017,SEM006,B-
E04854,S0858,C080,SEM002,B
E04855,S0505,C001,SEM008,A-
E04856,S0355,C059,SEM004,B
E04857,S0933,C099,SEM007,C-
E04858,S0084,C124,SEM003,B
E04859,S0998,C013,SEM002,B+
E04860,S0088,C121,SEM007,A
E04861,S0477,C100,SEM005,D
E04862,S0824,C082,SEM001,C+
E04863,S0801,C079,SEM002,B-
E04864,S0988,C127,SEM005,C+
E04865,S0126,C031,SEM002,C
E04866,S0051,C026,SEM002,B
E04867,S0072,C049,SEM008,B
E04868,S0804,C045,SEM005,B+
E04869,S0310,C055,SEM008,B
E04870,S0419,C071,SEM005,B
E04871,S0830,C005,SEM004,C
E04872,S0212,C114,SEM004,B-
E04873,S0995,C145,SEM006,B+
E04874,S0655,C063,SEM006,D
E04875,S0841,C026,SEM007,D
E04876,S0030,C011,SEM001,A-
E04877,S0325,C004,SEM003,A
E04878,S0398,C040,SEM001,B
E04879,S0226,C051,SEM008,C
E04880,S0087,C034,SEM002,C+
E04881,S0692,C003,SEM001,B-
E04882,S0582,C022,SEM007,B+
E04883,S0983,C002,SEM007,A
E04884,S0023,C060,SEM005,C-
E04885,S0015,C093,SEM006,B+
E04886,S0434,C070,SEM006,B
E04887,S0321,C011,SEM004,C-
E04888,S0835,C111,SEM007,B
E04889,S0185,C092,SEM005,B
E04890,S0153,C007,SEM005,B+
E04891,S0919,C068,SEM003,A
E04892,S0696,C064,SEM003,B
E04893,S0706,C071,SEM006,B+
E04894,S0779,C097,SEM007,B+
E04895,S0010,C036,SEM002,B+
E04896,S0244,C064,SEM005,B-
E04897,S0216,C130,SEM004,B-
E04898,S0282,C009,SEM004,B+
E04899,S0316,C074,SEM005,B+
E04900,S0356,C026,SEM008,F
E04901,S0868,C025,SEM008,A-
E04902,S0925,C141,SEM002,A
E04903,S0454,C085,SEM002,C+
E04904,S0355,C101,SEM005,B-
E04905,S0641,C047,SEM006,B
E04906,S0988,C095,SEM006,B-
E04907,S0208,C058,SEM008,D
E04908,S0949,C008,SEM001,F
E04909,S0383,C074,SEM001,B
E04910,S0160,C068,SEM005,C+
E04911,S0975,C050,SEM008,C
E04912,S0678,C028,SEM004,A
E04913,S0788,C028,SEM001,C+
E04914,S0236,C041,SEM006,B-
E04915,S0053,C077,SEM001,A
E04916,S0113,C058,SEM007,C
E04917,S0234,C043,SEM002,B+
E04918,S0153,C111,SEM008,B+
E04919,S0488,C004,SEM007,C-
E04920,S0943,C076,SEM005,C+
E04921,S0055,C090,SEM005,B+
E04922,S0955,C007,SEM008,B
E04923,S0452,C076,SEM006,B
E04924,S0411,C036,SEM007,C
E04925,S0831,C012,SEM004,A-
E04926,S0071,C068,SEM008,C+
E04927,S0438,C033,SEM007,B
E04928,S0950,C004,SEM001,B
E04929,S0392,C019,SEM004,A-
E04930,S0256,C030,SEM007,C+
E04931,S0805,C141,SEM002,D
E04932,S0429,C033,SEM005,A-
E04933,S0788,C126,SEM006,A
E04934,S0783,C047,SEM003,B
E04935,S0137,C090,SEM003,B
E04936,S0571,C096,SEM006,F
E04937,S0896,C095,SEM005,A-
E04938,S0232,C048,SEM002,B-
E04939,S0086,C011,SEM005,A-
E04940,S0107,C018,SEM003,C+
E04941,S0673,C100,SEM008,B+
E04942,S0796,C118,SEM005,C
E04943,S0203,C014,SEM003,A-
E04944,S0187,C040,SEM003,B
E04945,S0305,C113,SEM003,B-
E04946,S0280,C054,SEM005,B-
E04947,S0859,C111,SEM007,B
E04948,S0353,C090,SEM006,B+
E04949,S0817,C028,SEM008,B-
E04950,S0738,C052,SEM008,C-
E04951,S0988,C068,SEM003,C+
E04952,S0153,C021,SEM007,B
E04953,S0995,C072,SEM003,B-
E04954,S0271,C031,SEM008,B
E04955,S0168,C034,SEM005,C
E04956,S0072,C092,SEM007,C+
E04957,S0593,C007,SEM004,A-
E04958,S0359,C027,SEM004,B+
E04959,S0892,C008,SEM006,C
E04960,S0182,C025,SEM006,B+
E04961,S0165,C035,SEM007,B-
E04962,S0965,C008,SEM004,B+
E04963,S0401,C118,SEM003,B
E04964,S0317,C068,SEM001,A
E04965,S0099,C090,SEM004,B+
E04966,S0352,C071,SEM002,A
E04967,S0269,C085,SEM008,B-
E04968,S0082,C090,SEM002,A
E04969,S0657,C057,SEM004,C-
E04970,S0320,C046,SEM005,B+
E04971,S0421,C006,SEM003,B-
E04972,S0051,C003,SEM006,B-
E04973,S0588,C030,SEM008,C+
E04974,S0070,C115,SEM006,B
E04975,S0223,C082,SEM003,C-
E04976,S0182,C063,SEM005,C+
E04977,S0036,C081,SEM006,C+
E04978,S0014,C018,SEM008,B+
E04979,S0987,C070,SEM006,B-
E04980,S0691,C032,SEM003,B
E04981,S0416,C042,SEM006,C+
E04982,S0214,C009,SEM005,A-
E04983,S0593,C067,SEM003,A-
E04984,S0869,C041,SEM003,A
E04985,S0071,C086,SEM008,B
E04986,S0591,C072,SEM003,B
E04987,S0190,C038,SEM002,C+
E04988,S0875,C077,SEM002,C-
E04989,S0575,C011,SEM006,B+
E04990,S0925,C016,SEM008,A-
E04991,S0985,C100,SEM006,A-
E04992,S0722,C068,SEM004,B+
E04993,S0156,C027,SEM004,B-
E04994,S0492,C074,SEM005,A
E04995,S0823,C055,SEM006,C-
E04996,S0882,C055,SEM004,C+
E04997,S0548,C023,SEM006,C
E04998,S0275,C039,SEM007,B
E04999,S0002,C052,SEM007,C
E05000,S0734,C120,SEM002,B-
E05001,S0137,C016,SEM004,F
E05002,S0430,C038,SEM002,C
E05003,S0859,C041,SEM006,B-
E05004,S0980,C064,SEM008,B+
E05005,S0671,C018,SEM005,D
E05006,S0654,C049,SEM002,B+
E05007,S0026,C019,SEM005,A-
E05008,S0450,C087,SEM005,B
E05009,S0920,C010,SEM006,B-
E05010,S0914,C119,SEM004,A-
E05011,S0296,C010,SEM003,B+
E05012,S0170,C074,SEM008,B+
E05013,S0036,C034,SEM005,D
E05014,S0354,C038,SEM002,B
E05015,S0178,C051,SEM001,B+
E05016,S0306,C005,SEM004,A-
E05017,S0152,C110,SEM001,B+
E05018,S0315,C023,SEM008,D
E05019,S0909,C001,SEM003,F
E05020,S0528,C049,SEM006,A-
E05021,S0748,C026,SEM008,B+
E05022,S0989,C009,SEM003,B+
E05023,S0324,C048,SEM004,A-
E05024,S0712,C005,SEM007,A
E05025,S0550,C126,SEM003,D
E05026,S0896,C103,SEM001,B+
E05027,S0206,C005,SEM001,B
E05028,S0286,C062,SEM005,B-
E05029,S0735,C101,SEM003,B
E05030,S0059,C006,SEM007,B
E05031,S0468,C048,SEM005,C+
E05032,S0970,C116,SEM003,C
E05033,S0725,C059,SEM007,B
E05034,S0207,C012,SEM007,B+
E05035,S0089,C048,SEM005,B
E05036,S0699,C039,SEM002,B+
E05037,S0088,C109,SEM003,D
E05038,S0105,C075,SEM006,B-
E05039,S0088,C093,SEM005,A-
E05040,S0789,C055,SEM004,B+
E05041,S0986,C101,SEM005,B
E05042,S0156,C047,SEM005,B-
E05043,S0439,C052,SEM003,A-
E05044,S0603,C017,SEM005,B-
E05045,S0213,C045,SEM006,B-
E05046,S0431,C022,SEM008,B
E05047,S0859,C108,SEM007,B+
E05048,S0427,C036,SEM004,D
E05049,S0381,C098,SEM006,B+
E05050,S0879,C059,SEM003,C
E05051,S0111,C074,SEM007,B
E05052,S0611,C010,SEM001,C-
E05053,S0291,C148,SEM002,A
E05054,S0196,C022,SEM006,C+
E05055,S0500,C025,SEM008,B
E05056,S0461,C039,SEM006,C-
E05057,S0635,C039,SEM006,A-
E05058,S0683,C009,SEM008,B-
E05059,S0213,C029,SEM005,B
E05060,S0869,C129,SEM004,B+
E05061,S0356,C010,SEM002,B-
E05062,S0759,C095,SEM001,C-
E05063,S0587,C010,SEM001,B
E05064,S0662,C089,SEM004,C-
E05065,S0530,C017,SEM008,B
E05066,S0952,C043,SEM004,B
E05067,S0406,C114,SEM002,A
E05068,S0557,C005,SEM001,C+
E05069,S0820,C032,SEM001,B
E05070,S0999,C030,SEM006,C-
E05071,S0149,C046,SEM007,A-
E05072,S0215,C029,SEM002,C
E05073,S0579,C074,SEM003,B-
E05074,S0209,C065,SEM005,C+
E05075,S0706,C014,SEM001,D
E05076,S0777,C005,SEM005,C+
E05077,S0680,C054,SEM007,B-
E05078,S0490,C033,SEM005,B+
E05079,S0035,C007,SEM004,C+
E05080,S0986,C007,SEM002,A
E05081,S0263,C048,SEM006,B
E05082,S0478,C121,SEM006,B-
E05083,S0334,C020,SEM001,B-
E05084,S0725,C053,SEM006,B+
E05085,S0736,C056,SEM001,A-
E05086,S0430,C138,SEM002,C+
E05087,S0447,C019,SEM001,B+
E05088,S0777,C065,SEM002,A
E05089,S0395,C118,SEM005,B-
E05090,S0866,C009,SEM005,B+
E05091,S0483,C059,SEM005,C
E05092,S0030,C070,SEM007,B-
E05093,S0328,C088,SEM001,C-
E05094,S0072,C036,SEM001,B
E05095,S0339,C002,SEM003,B+
E05096,S0003,C142,SEM005,D
E05097,S0176,C089,SEM001,C-
E05098,S0559,C008,SEM006,F
E05099,S0785,C006,SEM006,B-
E05100,S0578,C019,SEM003,B
E05101,S0126,C011,SEM005,C+
E05102,S0539,C053,SEM005,B+
E05103,S0953,C047,SEM008,C-
E05104,S0311,C030,SEM008,B
E05105,S0265,C042,SEM004,B+
E05106,S0648,C083,SEM003,A-
E05107,S0160,C066,SEM008,C
E05108,S0204,C023,SEM006,A-
E05109,S0966,C072,SEM007,B
E05110,S0721,C030,SEM008,C
E05111,S0680,C075,SEM001,C
E05112,S0584,C010,SEM006,C+
E05113,S0965,C023,SEM003,B+
E05114,S0861,C056,SEM004,A-
E05115,S0543,C039,SEM004,C+
E05116,S0618,C034,SEM003,B
E05117,S0510,C082,SEM002,B-
E05118,S0728,C081,SEM001,B+
E05119,S0154,C013,SEM006,B-
E05120,S0712,C107,SEM001,B-
E05121,S0586,C055,SEM006,D
E05122,S0728,C133,SEM003,C+
E05123,S0134,C070,SEM008,C
E05124,S0138,C139,SEM008,B
E05125,S0606,C004,SEM006,C
E05126,S0504,C027,SEM004,C-
E05127,S0986,C063,SEM001,B
E05128,S0481,C002,SEM002,B
E05129,S0669,C029,SEM002,B-
E05130,S0380,C034,SEM005,B+
E05131,S0609,C082,SEM001,A-
E05132,S0263,C057,SEM007,A-
E05133,S0974,C004,SEM004,B
E05134,S0552,C012,SEM008,B+
E05135,S0508,C061,SEM004,B
E05136,S0692,C041,SEM001,B
E05137,S0592,C040,SEM002,B
E05138,S0552,C057,SEM005,D
E05139,S0776,C030,SEM005,B-
E05140,S0067,C009,SEM008,A
E05141,S0190,C007,SEM001,B
E05142,S0886,C025,SEM002,A
E05143,S0138,C095,SEM006,B+
E05144,S0942,C007,SEM002,C
E05145,S0030,C082,SEM001,C
E05146,S0082,C039,SEM006,C+
E05147,S0540,C036,SEM005,D
E05148,S0216,C124,SEM005,B+
E05149,S0236,C086,SEM005,B+
E05150,S0287,C009,SEM002,B+
E05151,S0758,C033,SEM004,B
E05152,S0576,C007,SEM001,B
E05153,S0775,C128,SEM002,B+
E05154,S0954,C036,SEM005,B
E05155,S0460,C052,SEM001,A-
E05156,S0619,C045,SEM006,B-
E05157,S0898,C014,SEM006,B
E05158,S0401,C040,SEM007,B-
E05159,S0062,C007,SEM004,C+
E05160,S0478,C066,SEM001,A-
E05161,S0251,C021,SEM003,C
E05162,S0421,C003,SEM001,A-
E05163,S0654,C118,SEM001,B+
E05164,S0273,C079,SEM008,B
E05165,S0173,C028,SEM004,A-
E05166,S0918,C006,SEM007,B
E05167,S0738,C086,SEM004,A
E05168,S0498,C133,SEM008,B-
E05169,S0387,C023,SEM001,B+
E05170,S0474,C023,SEM004,B+
E05171,S0222,C026,SEM007,B
E05172,S0938,C064,SEM006,B
E05173,S0328,C145,SEM004,A-
E05174,S0878,C004,SEM005,B
E05175,S0173,C092,SEM008,C-
E05176,S0114,C045,SEM002,B-
E05177,S0162,C004,SEM004,A-
E05178,S0347,C011,SEM008,A
E05179,S0099,C076,SEM006,A
E05180,S0746,C007,SEM001,B+
E05181,S0622,C067,SEM008,D
E05182,S0351,C013,SEM007,F
E05183,S0459,C007,SEM004,B+
E05184,S0345,C058,SEM006,B-
E05185,S0741,C011,SEM001,B
E05186,S0943,C072,SEM005,A
E05187,S0793,C035,SEM004,C+
E05188,S0417,C023,SEM003,C+
E05189,S0313,C052,SEM003,B-
E05190,S0916,C018,SEM002,B
E05191,S0286,C006,SEM008,B
E05192,S0234,C068,SEM002,A
E05193,S0241,C090,SEM002,B
E05194,S0956,C068,SEM002,B+
E05195,S0341,C071,SEM005,B-
E05196,S0190,C092,SEM002,B+
E05197,S0157,C020,SEM003,C-
E05198,S0629,C031,SEM003,B-
E05199,S0335,C070,SEM007,C
E05200,S0482,C013,SEM003,B
E05201,S0158,C057,SEM001,B-
E05202,S0888,C043,SEM001,C
E05203,S0615,C059,SEM005,A-
E05204,S0066,C138,SEM004,B-
E05205,S0152,C114,SEM006,B
E05206,S0822,C057,SEM004,B+
E05207,S0759,C082,SEM003,A
E05208,S0383,C012,SEM006,B+
E05209,S0728,C045,SEM002,B+
E05210,S0404,C034,SEM007,F
E05211,S0830,C069,SEM002,C+
E05212,S0098,C066,SEM008,C-
E05213,S0718,C008,SEM002,C+
E05214,S0753,C069,SEM008,B-
E05215,S0587,C017,SEM002,A
E05216,S0680,C105,SEM003,C+
E05217,S0072,C106,SEM008,B
E05218,S0788,C008,SEM002,B+
E05219,S0954,C014,SEM006,A-
E05220,S0341,C047,SEM006,C+
E05221,S0623,C047,SEM001,B
E05222,S0469,C088,SEM007,B
E05223,S0477,C030,SEM008,A-
E05224,S0992,C043,SEM007,C
E05225,S0944,C065,SEM002,B+
E05226,S0804,C115,SEM008,C+
E05227,S0151,C006,SEM008,D
E05228,S0379,C027,SEM001,C+
E05229,S0598,C065,SEM007,B
E05230,S0162,C045,SEM007,A
E05231,S0275,C022,SEM002,A
E05232,S0436,C027,SEM004,A
E05233,S0214,C100,SEM003,C+
E05234,S0085,C024,SEM006,B
E05235,S0512,C116,SEM007,B+
E05236,S0044,C018,SEM008,A-
E05237,S0912,C145,SEM008,C-
E05238,S0027,C021,SEM004,C
E05239,S0747,C052,SEM003,A-
E05240,S0807,C076,SEM003,C-
E05241,S0026,C012,SEM001,C
E05242,S0162,C050,SEM007,C+
E05243,S0593,C071,SEM007,C
E05244,S0370,C014,SEM003,B-
E05245,S0309,C053,SEM008,B-
E05246,S0188,C090,SEM008,A
E05247,S0612,C052,SEM004,B
E05248,S0617,C024,SEM004,A-
E05249,S0157,C114,SEM002,B
E05250,S0566,C026,SEM002,D
E05251,S0068,C021,SEM008,F
E05252,S0317,C116,SEM002,A
E05253,S0502,C063,SEM002,B
E05254,S0763,C064,SEM008,B
E05255,S0376,C121,SEM002,A-
E05256,S0936,C043,SEM003,B+
E05257,S0786,C031,SEM008,B-
E05258,S0866,C024,SEM001,A-
E05259,S0824,C090,SEM002,B-
E05260,S0340,C028,SEM006,B+
E05261,S0318,C044,SEM007,C+
E05262,S0292,C095,SEM006,B
E05263,S0517,C059,SEM001,B
E05264,S0934,C126,SEM003,D
E05265,S0213,C142,SEM005,C+
E05266,S0604,C039,SEM005,B
E05267,S0516,C053,SEM008,F
E05268,S0096,C064,SEM006,C-
E05269,S0989,C043,SEM002,B+
E05270,S0738,C078,SEM001,A-
E05271,S0105,C004,SEM002,B
E05272,S0240,C009,SEM003,B
E05273,S0389,C055,SEM002,C+
E05274,S0421,C037,SEM004,B-
E05275,S0071,C081,SEM002,B
E05276,S0803,C010,SEM001,B+
E05277,S0995,C145,SEM002,B+
E05278,S0797,C005,SEM001,B+
E05279,S0698,C018,SEM008,C-
E05280,S0393,C111,SEM006,B-
E05281,S0525,C044,SEM007,B
E05282,S0796,C136,SEM006,B-
E05283,S0492,C073,SEM008,C+
E05284,S0972,C134,SEM004,B-
E05285,S0793,C101,SEM004,C+
E05286,S0941,C013,SEM003,A
E05287,S0301,C029,SEM003,B+
E05288,S0757,C076,SEM001,B-
E05289,S0675,C002,SEM005,B-
E05290,S0753,C070,SEM008,A-
E05291,S0379,C087,SEM004,B-
E05292,S0563,C015,SEM002,C+
E05293,S0524,C020,SEM004,B
E05294,S0923,C002,SEM003,B
E05295,S0069,C022,SEM005,B
E05296,S0969,C067,SEM008,F
E05297,S0285,C018,SEM008,C+
E05298,S0190,C068,SEM003,A-
E05299,S0718,C010,SEM001,B
E05300,S0671,C030,SEM005,C+
E05301,S0042,C076,SEM002,B-
E05302,S0314,C106,SEM007,A
E05303,S0843,C014,SEM002,B
E05304,S0163,C073,SEM007,B+
E05305,S0129,C031,SEM006,B-
E05306,S0337,C059,SEM003,C-
E05307,S0160,C106,SEM001,B+
E05308,S0222,C042,SEM004,B
E05309,S0250,C067,SEM007,B+
E05310,S0110,C092,SEM005,C+
E05311,S0166,C086,SEM004,B+
E05312,S0864,C029,SEM003,B
E05313,S0376,C077,SEM007,B
E05314,S0893,C068,SEM006,B
E05315,S0489,C115,SEM008,C+
E05316,S0562,C005,SEM004,C
E05317,S0946,C037,SEM005,B
E05318,S0410,C013,SEM003,B-
E05319,S0069,C041,SEM006,C+
E05320,S0826,C002,SEM001,B+
E05321,S0486,C045,SEM003,B
E05322,S0881,C128,SEM006,B
E05323,S0979,C124,SEM002,B-
E05324,S0128,C003,SEM003,B+
E05325,S0550,C075,SEM005,B-
E05326,S0601,C076,SEM003,B
E05327,S0664,C109,SEM005,B+
E05328,S0319,C026,SEM005,B-
E05329,S0239,C058,SEM005,A-
E05330,S0857,C023,SEM002,B-
E05331,S0723,C054,SEM001,A-
E05332,S0053,C126,SEM004,B+
E05333,S0755,C001,SEM002,C
E05334,S0338,C013,SEM005,B
E05335,S0187,C140,SEM001,C
E05336,S0973,C025,SEM001,B-
E05337,S0947,C009,SEM006,B
E05338,S0618,C057,SEM004,A
E05339,S0963,C051,SEM007,B+
E05340,S0038,C056,SEM005,A-
E05341,S0345,C075,SEM001,B-
E05342,S0472,C017,SEM002,A-
E05343,S0482,C003,SEM002,B
E05344,S0900,C004,SEM001,C
E05345,S0006,C129,SEM007,D
E05346,S0003,C019,SEM005,A
E05347,S0217,C070,SEM001,B-
E05348,S0148,C002,SEM005,C-
E05349,S0562,C117,SEM008,B-
E05350,S0268,C111,SEM008,B
E05351,S0115,C113,SEM006,C-
E05352,S0175,C093,SEM004,B
E05353,S0660,C025,SEM002,D
E05354,S0160,C019,SEM008,F
E05355,S0143,C016,SEM005,B+
E05356,S0783,C090,SEM008,C
E05357,S0446,C070,SEM008,B
E05358,S0442,C074,SEM005,C-
E05359,S0168,C052,SEM001,A-
E05360,S0485,C035,SEM007,B
E05361,S0627,C024,SEM008,B-
E05362,S0710,C011,SEM004,A-
E05363,S0677,C004,SEM006,C-
E05364,S0575,C001,SEM004,C
E05365,S0039,C045,SEM004,C
E05366,S0448,C054,SEM003,C
E05367,S0954,C002,SEM004,B+
E05368,S0242,C015,SEM005,B
E05369,S0009,C089,SEM002,B+
E05370,S0361,C020,SEM007,C+
E05371,S0647,C052,SEM002,C+
E05372,S0587,C012,SEM002,B-
E05373,S0875,C010,SEM006,B+
E05374,S0543,C050,SEM005,A
E05375,S0823,C046,SEM007,C+
E05376,S0469,C105,SEM006,A
E05377,S0382,C064,SEM007,B+
E05378,S0629,C053,SEM008,D
E05379,S0891,C001,SEM002,F
E05380,S0215,C019,SEM002,B-
E05381,S0796,C077,SEM002,C+
E05382,S0761,C029,SEM008,B+
E05383,S0608,C130,SEM006,A
E05384,S0323,C122,SEM008,A-
E05385,S0570,C022,SEM007,B
E05386,S0914,C098,SEM004,C
E05387,S0607,C063,SEM003,B+
E05388,S0735,C034,SEM005,B
E05389,S0993,C128,SEM008,B-
E05390,S0028,C084,SEM001,A
E05391,S0961,C005,SEM005,A-
E05392,S0842,C120,SEM006,B+
E05393,S0114,C021,SEM003,C
E05394,S0245,C012,SEM006,B+
E05395,S0804,C073,SEM007,C+
E05396,S0135,C131,SEM006,C
E05397,S0289,C055,SEM007,B
E05398,S0257,C076,SEM004,B-
E05399,S0652,C091,SEM005,C-
E05400,S0787,C012,SEM004,A
E05401,S0350,C099,SEM008,B+
E05402,S0470,C084,SEM006,A
E05403,S0319,C045,SEM005,B+
E05404,S0918,C026,SEM004,F
E05405,S0174,C054,SEM003,B-
E05406,S0156,C112,SEM003,B-
E05407,S0264,C071,SEM003,C+
E05408,S0724,C126,SEM006,F
E05409,S0221,C072,SEM004,C+
E05410,S0768,C037,SEM008,A
E05411,S0775,C023,SEM006,A-
E05412,S0362,C073,SEM008,A-
E05413,S0925,C040,SEM002,B-
E05414,S0815,C029,SEM004,B-
E05415,S0799,C040,SEM001,B-
E05416,S0518,C038,SEM007,C
E05417,S0030,C007,SEM001,A
E05418,S0088,C107,SEM001,B
E05419,S0027,C033,SEM002,B-
E05420,S0635,C064,SEM005,B-
E05421,S0113,C104,SEM001,B
E05422,S0019,C116,SEM006,B-
E05423,S0372,C015,SEM007,B
E05424,S0856,C096,SEM005,B
E05425,S0915,C102,SEM001,A-
E05426,S0021,C067,SEM006,A
E05427,S0442,C017,SEM008,B
E05428,S0121,C008,SEM003,B
E05429,S0515,C013,SEM007,B
E05430,S0729,C120,SEM001,B-
E05431,S0614,C026,SEM001,B+
E05432,S0287,C043,SEM002,B+
E05433,S0510,C105,SEM004,C+
E05434,S0034,C109,SEM007,C
E05435,S0459,C008,SEM003,B
E05436,S0822,C111,SEM004,B-
E05437,S0236,C070,SEM008,C-
E05438,S0141,C101,SEM001,B+
E05439,S0705,C087,SEM007,A
E05440,S0550,C041,SEM002,B
E05441,S0248,C002,SEM005,B+
E05442,S0490,C058,SEM007,B
E05443,S0314,C046,SEM003,F
E05444,S0761,C042,SEM007,C
E05445,S0091,C013,SEM003,B
E05446,S0789,C034,SEM001,C+
E05447,S0062,C043,SEM005,B+
E05448,S0840,C080,SEM001,B+
E05449,S0024,C013,SEM006,C+
E05450,S0586,C018,SEM004,B+
E05451,S0008,C084,SEM007,B
E05452,S0225,C017,SEM001,B
E05453,S0003,C032,SEM002,B
E05454,S0003,C058,SEM006,B-
E05455,S0421,C021,SEM007,C+
E05456,S0848,C027,SEM004,B+
E05457,S0737,C017,SEM005,B+
E05458,S0150,C041,SEM007,A
E05459,S0234,C004,SEM006,A-
E05460,S0355,C047,SEM004,B
E05461,S0777,C068,SEM002,B+
E05462,S0883,C038,SEM002,C-
E05463,S0073,C042,SEM003,D
E05464,S0513,C113,SEM006,A-
E05465,S0678,C028,SEM007,B-
E05466,S0156,C080,SEM002,A-
E05467,S0246,C042,SEM001,B
E05468,S0645,C006,SEM008,C-
E05469,S0864,C021,SEM007,B-
E05470,S0198,C035,SEM005,B
E05471,S0127,C021,SEM002,C-
E05472,S0392,C012,SEM003,B
E05473,S0372,C089,SEM005,B-
E05474,S0386,C038,SEM003,D
E05475,S0243,C109,SEM005,B+
E05476,S0399,C095,SEM001,C
E05477,S0256,C054,SEM004,C
E05478,S0562,C019,SEM007,B
E05479,S0041,C080,SEM005,A-
E05480,S0642,C013,SEM004,B
E05481,S0785,C020,SEM002,B
E05482,S0104,C056,SEM003,A
E05483,S0597,C010,SEM007,B
E05484,S0693,C096,SEM008,B
E05485,S0598,C013,SEM001,B+
E05486,S0447,C013,SEM008,B
E05487,S0231,C016,SEM008,C-
E05488,S0400,C030,SEM002,B-
E05489,S0007,C120,SEM001,B
E05490,S0178,C059,SEM008,C-
E05491,S0475,C014,SEM007,B-
E05492,S0119,C072,SEM001,B
E05493,S0290,C032,SEM006,B+
E05494,S0514,C143,SEM007,B
E05495,S0936,C057,SEM003,D
E05496,S0735,C025,SEM007,C+
E05497,S0956,C038,SEM007,B-
E05498,S0283,C024,SEM001,C+
E05499,S0848,C002,SEM007,A
E05500,S0340,C090,SEM007,C+
E05501,S0126,C086,SEM003,B+
E05502,S0018,C056,SEM001,B-
E05503,S0437,C090,SEM004,C
E05504,S0794,C006,SEM008,C+
E05505,S0073,C041,SEM005,C+
E05506,S0061,C054,SEM008,D
E05507,S0211,C025,SEM008,B+
E05508,S0554,C075,SEM006,B+
E05509,S0109,C007,SEM008,A-
E05510,S0101,C129,SEM008,B
E05511,S0719,C038,SEM001,B-
E05512,S0414,C029,SEM003,C+
E05513,S0585,C022,SEM008,A
E05514,S0380,C078,SEM008,A
E05515,S0449,C067,SEM005,C-
E05516,S0415,C115,SEM007,B+
E05517,S0416,C006,SEM007,B
E05518,S0929,C005,SEM001,B
E05519,S0279,C105,SEM002,C-
E05520,S0751,C067,SEM007,C+
E05521,S0565,C013,SEM004,C
E05522,S0921,C017,SEM003,A
E05523,S0204,C043,SEM008,A-
E05524,S0165,C147,SEM002,B+
E05525,S0432,C082,SEM005,B
E05526,S0266,C052,SEM007,B
E05527,S0570,C048,SEM007,C
E05528,S0298,C023,SEM002,B+
E05529,S0004,C064,SEM007,B-
E05530,S0049,C054,SEM006,B
E05531,S0978,C103,SEM005,B+
E05532,S0062,C014,SEM007,B-
E05533,S0361,C019,SEM001,B
E05534,S0409,C126,SEM008,A
E05535,S0135,C039,SEM003,C
E05536,S0831,C123,SEM008,C+
E05537,S0599,C083,SEM008,C-
E05538,S0100,C109,SEM004,B-
E05539,S0466,C021,SEM004,B-
E05540,S0463,C076,SEM003,D
E05541,S0839,C005,SEM005,C
E05542,S0314,C087,SEM005,A-
E05543,S0692,C044,SEM002,D
E05544,S0496,C078,SEM002,A
E05545,S0083,C005,SEM007,B+
E05546,S0461,C001,SEM006,A
E05547,S0723,C080,SEM002,B-
E05548,S0292,C002,SEM003,A
E05549,S0270,C065,SEM008,B+
E05550,S0666,C071,SEM007,A
E05551,S0338,C010,SEM007,B-
E05552,S0603,C074,SEM007,A-
E05553,S0283,C014,SEM008,B
E05554,S0948,C068,SEM006,B-
E05555,S0255,C098,SEM003,D
E05556,S0571,C083,SEM005,A-
E05557,S0233,C084,SEM005,A
E05558,S0753,C070,SEM008,B
E05559,S0449,C131,SEM004,A
E05560,S0433,C107,SEM002,C
E05561,S0813,C104,SEM005,B
E05562,S0968,C025,SEM005,B
E05563,S0585,C076,SEM003,B
E05564,S0401,C020,SEM005,B-
E05565,S0971,C001,SEM002,C+
E05566,S0771,C064,SEM008,B
E05567,S0339,C033,SEM005,C+
E05568,S0374,C090,SEM006,A
E05569,S0585,C083,SEM004,A
E05570,S0604,C004,SEM007,C+
E05571,S0403,C006,SEM005,C
E05572,S0114,C055,SEM008,B-
E05573,S0662,C104,SEM002,C+
E05574,S0957,C035,SEM002,B
E05575,S0311,C091,SEM002,A
E05576,S0835,C067,SEM002,C+
E05577,S0304,C112,SEM007,C-
E05578,S0313,C100,SEM007,C-
E05579,S0033,C016,SEM004,B
E05580,S0989,C039,SEM001,F
E05581,S0209,C086,SEM001,B
E05582,S0953,C060,SEM008,B
E05583,S0132,C051,SEM001,B
E05584,S0243,C068,SEM002,C-
E05585,S0311,C038,SEM001,B+
E05586,S0955,C090,SEM004,C-
E05587,S0428,C047,SEM008,B
E05588,S0238,C020,SEM005,B+
E05589,S0397,C028,SEM008,B+
E05590,S0247,C033,SEM005,B-
E05591,S0823,C088,SEM008,B+
E05592,S0366,C036,SEM003,B
E05593,S0935,C092,SEM008,B
E05594,S0865,C024,SEM006,B-
E05595,S0546,C038,SEM006,F
E05596,S0761,C130,SEM001,B
E05597,S0293,C043,SEM003,C
E05598,S0032,C029,SEM003,A-
E05599,S0125,C014,SEM004,B+
E05600,S0357,C045,SEM007,B
E05601,S0273,C008,SEM007,B-
E05602,S0461,C042,SEM007,C+
E05603,S0965,C050,SEM003,B+
E05604,S0206,C103,SEM008,B-
E05605,S0625,C055,SEM008,B
E05606,S0611,C100,SEM002,F
E05607,S0249,C073,SEM008,A
E05608,S0429,C045,SEM005,D
E05609,S0886,C028,SEM001,A-
E05610,S0234,C005,SEM004,F
E05611,S0246,C003,SEM001,A-
E05612,S0073,C118,SEM002,C+
E05613,S0234,C060,SEM003,B+
E05614,S0367,C094,SEM002,C+
E05615,S0829,C032,SEM004,A
E05616,S0508,C064,SEM004,B
E05617,S0200,C047,SEM006,D
E05618,S0465,C077,SEM003,B+
E05619,S0754,C040,SEM005,B
E05620,S0337,C149,SEM004,A
E05621,S0324,C146,SEM001,B-
E05622,S0508,C003,SEM007,C
E05623,S0425,C088,SEM001,C
E05624,S0394,C063,SEM002,D
E05625,S0031,C067,SEM003,C+
E05626,S0099,C036,SEM001,B-
E05627,S0004,C024,SEM002,B+
E05628,S0886,C089,SEM008,A-
E05629,S0369,C103,SEM008,B+
E05630,S0016,C106,SEM002,A-
E05631,S0981,C077,SEM007,B
E05632,S0971,C014,SEM006,B-
E05633,S0526,C059,SEM004,B
E05634,S0885,C090,SEM002,B-
E05635,S0116,C011,SEM007,B
E05636,S0653,C038,SEM004,C+
E05637,S0169,C043,SEM003,C+
E05638,S0227,C017,SEM001,B
E05639,S0398,C033,SEM007,B-
E05640,S0453,C056,SEM004,A
E05641,S0791,C016,SEM006,C
E05642,S0069,C076,SEM003,F
E05643,S0670,C123,SEM008,C
E05644,S0775,C077,SEM006,B
E05645,S0876,C076,SEM001,C+
E05646,S0271,C131,SEM006,B+
E05647,S0072,C017,SEM007,A-
E05648,S0727,C038,SEM004,B
E05649,S0023,C024,SEM002,A
E05650,S0235,C032,SEM004,C+
E05651,S0050,C026,SEM008,F
E05652,S0193,C068,SEM008,A
E05653,S0858,C012,SEM001,A-
E05654,S0242,C137,SEM008,B
E05655,S0584,C069,SEM003,A
E05656,S0416,C090,SEM006,B
E05657,S0980,C059,SEM003,C
E05658,S0561,C005,SEM007,A-
E05659,S0426,C049,SEM003,C-
E05660,S0685,C077,SEM002,F
E05661,S0174,C065,SEM007,A-
E05662,S0501,C034,SEM007,F
E05663,S0916,C054,SEM007,C
E05664,S0819,C082,SEM003,A
E05665,S0784,C003,SEM002,B
E05666,S0085,C003,SEM004,B
E05667,S0705,C017,SEM007,B+
E05668,S0868,C036,SEM005,B-
E05669,S0093,C121,SEM005,B-
E05670,S0727,C049,SEM008,D
E05671,S0180,C033,SEM004,B+
E05672,S0344,C013,SEM008,C
E05673,S0264,C082,SEM008,B+
E05674,S0261,C062,SEM008,B+
E05675,S0478,C051,SEM004,B
E05676,S0241,C015,SEM006,B
E05677,S0850,C048,SEM005,B-
E05678,S0023,C009,SEM008,B+
E05679,S0589,C103,SEM002,B-
E05680,S0929,C089,SEM001,C+
E05681,S0689,C002,SEM003,D
E05682,S0751,C075,SEM008,C+
E05683,S0897,C011,SEM007,B
E05684,S0215,C114,SEM005,A-
E05685,S0113,C081,SEM001,B
E05686,S0201,C081,SEM008,B
E05687,S0383,C069,SEM003,A
E05688,S0798,C062,SEM008,A-
E05689,S0808,C106,SEM007,C
E05690,S0527,C047,SEM002,B-
E05691,S0058,C062,SEM008,B-
E05692,S0302,C053,SEM002,B-
E05693,S0552,C077,SEM004,F
E05694,S0890,C145,SEM006,B-
E05695,S0306,C023,SEM007,B
E05696,S0823,C034,SEM006,B-
E05697,S0877,C026,SEM005,C+
E05698,S0717,C005,SEM001,A-
E05699,S0498,C085,SEM006,C-
E05700,S0130,C029,SEM004,B
E05701,S0765,C085,SEM003,B-
E05702,S0076,C054,SEM007,D
E05703,S0973,C098,SEM005,B-
E05704,S0390,C069,SEM001,A
E05705,S0896,C033,SEM003,C
E05706,S0310,C107,SEM005,B+
E05707,S0479,C022,SEM005,B+
E05708,S0920,C113,SEM007,B
E05709,S0152,C119,SEM002,B+
E05710,S0638,C115,SEM003,A-
E05711,S0450,C076,SEM004,B
E05712,S0218,C048,SEM006,B
E05713,S0688,C054,SEM001,B+
E05714,S0971,C004,SEM008,C+
E05715,S0490,C073,SEM007,B
E05716,S0564,C067,SEM008,A-
E05717,S0640,C033,SEM006,C
E05718,S0554,C065,SEM008,B+
E05719,S0546,C061,SEM005,B+
E05720,S0836,C020,SEM004,B+
E05721,S0601,C122,SEM003,B+
E05722,S0425,C101,SEM008,B
E05723,S0638,C073,SEM003,A-
E05724,S0375,C130,SEM002,C-
E05725,S0181,C012,SEM005,C+
E05726,S0024,C038,SEM003,A-
E05727,S0290,C016,SEM001,A-
E05728,S0925,C032,SEM002,C-
E05729,S0151,C110,SEM005,A
E05730,S0878,C092,SEM001,D
E05731,S0899,C015,SEM008,C-
E05732,S0698,C121,SEM002,B-
E05733,S0202,C103,SEM008,A
E05734,S0883,C042,SEM007,C-
E05735,S0212,C114,SEM006,D
E05736,S0127,C099,SEM002,A-
E05737,S0438,C047,SEM001,C-
E05738,S0390,C072,SEM005,A
E05739,S0153,C025,SEM005,B-
E05740,S0407,C011,SEM008,B+
E05741,S0872,C019,SEM005,B-
E05742,S0151,C064,SEM004,B
E05743,S0587,C011,SEM006,B
E05744,S0915,C068,SEM002,B-
E05745,S0006,C077,SEM001,C
E05746,S0654,C041,SEM003,C+
E05747,S0123,C015,SEM006,B+
E05748,S0248,C007,SEM003,A
E05749,S0792,C005,SEM008,B-
E05750,S0482,C141,SEM003,F
E05751,S0900,C029,SEM004,B
E05752,S0652,C041,SEM002,B
E05753,S0364,C050,SEM007,B-
E05754,S0394,C024,SEM002,B-
E05755,S0562,C025,SEM003,A-
E05756,S0746,C095,SEM004,B
E05757,S0439,C100,SEM008,B+
E05758,S0369,C044,SEM003,B+
E05759,S0960,C091,SEM002,B+
E05760,S0524,C059,SEM001,C+
E05761,S0708,C002,SEM007,A-
E05762,S0328,C104,SEM007,C
E05763,S0037,C033,SEM008,C-
E05764,S0527,C018,SEM001,A-
E05765,S0708,C065,SEM001,B+
E05766,S0091,C056,SEM003,A-
E05767,S0857,C028,SEM007,A-
E05768,S0265,C128,SEM005,C
E05769,S0885,C069,SEM008,B
E05770,S0673,C067,SEM007,B
E05771,S0363,C022,SEM007,B
E05772,S0158,C057,SEM005,C+
E05773,S0596,C008,SEM005,F
E05774,S0672,C054,SEM001,C+
E05775,S0563,C142,SEM002,A
E05776,S0959,C066,SEM001,F
E05777,S0288,C021,SEM001,D
E05778,S0452,C098,SEM005,B+
E05779,S0767,C032,SEM004,B-
E05780,S0215,C018,SEM002,A
E05781,S0256,C029,SEM006,B
E05782,S0672,C011,SEM006,B-
E05783,S0029,C020,SEM005,C
E05784,S0183,C014,SEM006,B
E05785,S0170,C121,SEM002,A-
E05786,S0269,C034,SEM008,B+
E05787,S0356,C023,SEM004,A
E05788,S0267,C097,SEM002,D
E05789,S0420,C020,SEM004,A
E05790,S0496,C090,SEM007,B
E05791,S0708,C088,SEM005,C
E05792,S0961,C036,SEM007,A-
E05793,S0439,C072,SEM004,B+
E05794,S0295,C074,SEM008,B
E05795,S0166,C012,SEM005,B-
E05796,S0085,C143,SEM001,C
E05797,S0083,C033,SEM006,D
E05798,S0188,C027,SEM005,A
E05799,S0741,C089,SEM001,B-
E05800,S0581,C056,SEM002,B-
E05801,S0828,C084,SEM006,B-
E05802,S0875,C049,SEM007,A
E05803,S0938,C135,SEM003,B-
E05804,S0058,C066,SEM007,B+
E05805,S0670,C022,SEM007,D
E05806,S0345,C035,SEM002,B
E05807,S0011,C107,SEM006,B
E05808,S0257,C018,SEM008,A-
E05809,S0466,C113,SEM002,D
E05810,S0879,C091,SEM006,C-
E05811,S0454,C030,SEM007,C+
E05812,S0371,C043,SEM005,C+
E05813,S0859,C006,SEM007,B-
E05814,S0543,C030,SEM001,D
E05815,S0388,C024,SEM006,A
E05816,S0236,C042,SEM002,C+
E05817,S0278,C035,SEM007,B
E05818,S0237,C075,SEM007,B
E05819,S0225,C062,SEM007,C
E05820,S0731,C087,SEM007,B
E05821,S0524,C020,SEM008,B
E05822,S0288,C040,SEM007,C
E05823,S0448,C035,SEM008,B-
E05824,S0416,C082,SEM001,A-
E05825,S0123,C081,SEM005,D
E05826,S0655,C092,SEM001,B
E05827,S0990,C010,SEM007,B+
E05828,S0934,C047,SEM008,A-
E05829,S0133,C131,SEM008,B-
E05830,S0409,C090,SEM005,C-
E05831,S0038,C025,SEM007,B-
E05832,S0485,C004,SEM007,B-
E05833,S0553,C038,SEM001,B+
E05834,S0723,C032,SEM008,B-
E05835,S0064,C003,SEM001,B
E05836,S0575,C129,SEM007,B+
E05837,S0319,C057,SEM003,B
E05838,S0862,C070,SEM004,B
E05839,S0389,C077,SEM007,A
E05840,S0098,C103,SEM004,A-
E05841,S0896,C013,SEM007,D
E05842,S0150,C016,SEM008,B
E05843,S0167,C071,SEM006,B+
E05844,S0109,C012,SEM001,C
E05845,S0277,C034,SEM001,C+
E05846,S0454,C040,SEM005,A-
E05847,S0824,C060,SEM004,C
E05848,S0926,C007,SEM006,B+
E05849,S0400,C056,SEM005,B
E05850,S0940,C022,SEM005,D
E05851,S0997,C039,SEM003,B-
E05852,S0373,C045,SEM008,B
E05853,S0538,C014,SEM006,B-
E05854,S0757,C018,SEM007,B+
E05855,S0200,C029,SEM001,B
E05856,S0312,C007,SEM001,B
E05857,S0437,C058,SEM001,B+
E05858,S0181,C063,SEM006,B-
E05859,S0421,C034,SEM006,F
E05860,S0648,C092,SEM003,B+
E05861,S0881,C040,SEM008,C+
E05862,S0163,C037,SEM005,B
E05863,S0764,C072,SEM008,C+
E05864,S0794,C105,SEM002,B
E05865,S0095,C035,SEM003,B
E05866,S0757,C144,SEM008,B+
E05867,S0610,C082,SEM007,B
E05868,S0563,C014,SEM004,C+
E05869,S0578,C071,SEM003,B
E05870,S0785,C101,SEM002,A-
E05871,S0795,C001,SEM003,B+
E05872,S0682,C065,SEM005,C
E05873,S0664,C021,SEM002,B
E05874,S0392,C004,SEM005,B+
E05875,S0665,C009,SEM003,C-
E05876,S0865,C074,SEM006,B+
E05877,S0496,C063,SEM005,D
E05878,S0172,C117,SEM005,C-
E05879,S0337,C077,SEM003,C+
E05880,S0799,C022,SEM001,A
E05881,S0268,C053,SEM008,B+
E05882,S0028,C131,SEM001,C+
E05883,S0637,C119,SEM002,B
E05884,S0046,C002,SEM008,B
E05885,S0028,C008,SEM005,B
E05886,S0593,C089,SEM006,B
E05887,S0038,C004,SEM005,D
E05888,S0108,C015,SEM004,A
E05889,S0942,C019,SEM008,B+
E05890,S0154,C047,SEM003,A-
E05891,S0361,C067,SEM002,B-
E05892,S0201,C053,SEM007,B
E05893,S0689,C016,SEM005,A-
E05894,S0434,C010,SEM002,A
E05895,S0866,C006,SEM002,B+
E05896,S0168,C069,SEM008,B
E05897,S0640,C092,SEM006,C-
E05898,S0729,C009,SEM002,A-
E05899,S0428,C115,SEM003,A
E05900,S0395,C104,SEM002,B
E05901,S0713,C110,SEM007,B
E05902,S0594,C133,SEM001,B
E05903,S0786,C010,SEM003,A
E05904,S0089,C122,SEM006,A-
E05905,S0307,C044,SEM001,B
E05906,S0557,C059,SEM006,C+
E05907,S0462,C001,SEM001,A-
E05908,S0912,C088,SEM005,A-
E05909,S0050,C123,SEM004,B+
E05910,S0052,C025,SEM003,B
E05911,S0032,C093,SEM005,B-
E05912,S0237,C040,SEM006,A
E05913,S0518,C002,SEM005,B
E05914,S0870,C020,SEM005,B+
E05915,S0719,C086,SEM002,F
E05916,S0908,C025,SEM002,B-
E05917,S0766,C046,SEM001,B-
E05918,S0612,C001,SEM003,C-
E05919,S0589,C077,SEM005,B+
E05920,S0861,C084,SEM006,B-
E05921,S0824,C032,SEM001,B+
E05922,S0508,C079,SEM006,B+
E05923,S0694,C021,SEM005,B+
E05924,S0358,C048,SEM003,A
E05925,S0482,C017,SEM004,F
E05926,S0320,C048,SEM004,B
E05927,S0429,C028,SEM005,B+
E05928,S0540,C120,SEM006,B-
E05929,S0501,C005,SEM002,B+
E05930,S0221,C093,SEM004,D
E05931,S0729,C117,SEM006,A-
E05932,S0285,C118,SEM001,C+
E05933,S0204,C085,SEM006,C+
E05934,S0350,C019,SEM006,F
E05935,S0015,C098,SEM006,C
E05936,S0954,C056,SEM001,A
E05937,S0181,C029,SEM006,B-
E05938,S0686,C046,SEM006,B+
E05939,S0179,C037,SEM001,B
E05940,S0427,C029,SEM006,C-
E05941,S0384,C017,SEM005,B
E05942,S0250,C026,SEM002,C+
E05943,S0047,C009,SEM004,B
E05944,S0233,C022,SEM001,B
E05945,S0309,C100,SEM008,B
E05946,S0267,C098,SEM005,B
E05947,S0521,C036,SEM001,B+
E05948,S0950,C053,SEM004,B-
E05949,S0234,C145,SEM001,C+
E05950,S0136,C063,SEM007,B+
E05951,S0909,C031,SEM001,B-
E05952,S0248,C052,SEM002,A
E05953,S0029,C147,SEM007,B-
E05954,S0005,C141,SEM006,B-
E05955,S0126,C022,SEM005,A-
E05956,S0163,C032,SEM002,A
E05957,S0122,C135,SEM005,B+
E05958,S0133,C065,SEM007,A
E05959,S0918,C029,SEM007,B-
E05960,S0248,C057,SEM006,B
E05961,S0407,C073,SEM005,B-
E05962,S0435,C124,SEM002,B+
E05963,S0171,C061,SEM006,B-
E05964,S0693,C029,SEM003,A
E05965,S0454,C105,SEM008,B+
E05966,S0330,C078,SEM007,A-
E05967,S0098,C047,SEM008,B+
E05968,S0866,C096,SEM001,C
E05969,S0655,C080,SEM003,C+
E05970,S0733,C099,SEM002,B
E05971,S0048,C073,SEM005,A-
E05972,S0951,C092,SEM001,B+
E05973,S0157,C053,SEM002,A
E05974,S0295,C111,SEM008,B+
E05975,S0210,C006,SEM006,C+
E05976,S0883,C054,SEM002,A
E05977,S0946,C068,SEM003,B-
E05978,S0096,C017,SEM006,B
E05979,S0990,C047,SEM003,C-
E05980,S0892,C077,SEM006,C-
E05981,S0965,C047,SEM005,A-
E05982,S0016,C095,SEM006,B-
E05983,S0368,C080,SEM007,B
E05984,S0183,C071,SEM001,B+
E05985,S0762,C022,SEM002,B
E05986,S0620,C028,SEM002,D
E05987,S0110,C089,SEM001,D
E05988,S0945,C030,SEM008,A-
E05989,S0673,C029,SEM001,C
E05990,S0497,C135,SEM005,A-
E05991,S0820,C073,SEM003,A
E05992,S0321,C026,SEM002,C+
E05993,S0949,C084,SEM005,B
E05994,S0589,C026,SEM006,C-
E05995,S0870,C074,SEM007,C
E05996,S0587,C050,SEM006,C-
E05997,S0949,C016,SEM003,B
E05998,S0950,C130,SEM001,C-
E05999,S0831,C107,SEM003,A-
E06000,S0120,C071,SEM001,B-
E06001,S0858,C005,SEM002,B+
E06002,S0367,C071,SEM005,A-
E06003,S0525,C119,SEM008,C+
E06004,S0042,C081,SEM007,C
E06005,S0367,C004,SEM005,A
E06006,S0018,C088,SEM007,A
E06007,S0025,C003,SEM007,D
E06008,S0781,C067,SEM004,B
E06009,S0247,C059,SEM007,C+
E06010,S0374,C120,SEM006,C
E06011,S0175,C007,SEM002,A
E06012,S0357,C046,SEM007,C+
E06013,S0776,C028,SEM007,B-
E06014,S0933,C081,SEM006,F
E06015,S0230,C125,SEM003,A-
E06016,S0091,C002,SEM008,A-
E06017,S0104,C081,SEM002,C-
E06018,S0619,C097,SEM006,A-
E06019,S0456,C062,SEM002,A-
E06020,S0323,C116,SEM006,C
E06021,S0490,C049,SEM007,B+
E06022,S0682,C084,SEM004,C+
E06023,S0078,C010,SEM008,A-
E06024,S0854,C107,SEM008,D
E06025,S0656,C065,SEM003,B+
E06026,S0418,C024,SEM003,B
E06027,S0098,C005,SEM007,A
E06028,S0619,C054,SEM004,A-
E06029,S0908,C025,SEM004,F
E06030,S0604,C026,SEM003,B-
E06031,S0318,C117,SEM004,B+
E06032,S0312,C081,SEM003,B
E06033,S0793,C072,SEM001,A
E06034,S0661,C026,SEM007,B+
E06035,S0145,C014,SEM003,B
E06036,S0067,C049,SEM008,B-
E06037,S0656,C007,SEM007,C+
E06038,S0036,C026,SEM008,B+
E06039,S0035,C031,SEM002,B
E06040,S0286,C004,SEM005,D
E06041,S0959,C020,SEM007,C-
E06042,S0363,C016,SEM004,A-
E06043,S0072,C011,SEM002,C
E06044,S0508,C143,SEM005,F
E06045,S0273,C059,SEM005,D
E06046,S0110,C047,SEM001,A-
E06047,S0851,C058,SEM008,F
E06048,S0377,C075,SEM001,B-
E06049,S0135,C115,SEM003,C-
E06050,S0541,C011,SEM005,B
E06051,S0726,C100,SEM007,B-
E06052,S0150,C031,SEM001,B
E06053,S0469,C036,SEM003,B
E06054,S0437,C037,SEM004,B+
E06055,S0262,C120,SEM002,B-
E06056,S0177,C004,SEM004,A-
E06057,S0497,C027,SEM005,B-
E06058,S0479,C020,SEM008,B-
E06059,S0853,C025,SEM003,B-
E06060,S0493,C025,SEM007,A-
E06061,S0797,C052,SEM002,A-
E06062,S0688,C096,SEM006,B-
E06063,S0794,C116,SEM003,B-
E06064,S0089,C115,SEM007,C+
E06065,S0595,C076,SEM001,B
E06066,S0596,C081,SEM003,B
E06067,S0328,C078,SEM005,B
E06068,S0206,C042,SEM006,B-
E06069,S0691,C017,SEM007,A
E06070,S0260,C029,SEM002,D
E06071,S0778,C030,SEM002,C+
E06072,S0452,C036,SEM007,B
E06073,S0607,C136,SEM004,A
E06074,S0156,C027,SEM006,B-
E06075,S0430,C081,SEM002,C+
E06076,S0119,C100,SEM005,B+
E06077,S0674,C015,SEM003,A-
E06078,S0147,C072,SEM008,C+
E06079,S0390,C049,SEM004,B+
E06080,S0560,C111,SEM001,C-
E06081,S0374,C008,SEM004,B
E06082,S0357,C016,SEM001,B+
E06083,S0122,C101,SEM001,A
E06084,S0701,C059,SEM008,B
E06085,S0624,C106,SEM001,C
E06086,S0840,C056,SEM004,F
E06087,S0270,C150,SEM001,B
E06088,S0291,C055,SEM001,B-
E06089,S0110,C053,SEM002,C
E06090,S0450,C056,SEM002,B
E06091,S0529,C001,SEM004,B-
E06092,S0101,C001,SEM008,A-
E06093,S0061,C046,SEM007,A-
E06094,S0265,C028,SEM002,C-
E06095,S0469,C061,SEM006,F
E06096,S0493,C083,SEM005,C-
E06097,S0834,C033,SEM008,B
E06098,S0518,C047,SEM007,B-
E06099,S0346,C092,SEM006,B+
E06100,S0841,C118,SEM006,C-
E06101,S0954,C073,SEM006,B+
E06102,S0364,C101,SEM005,A-
E06103,S0150,C115,SEM004,B+
E06104,S0306,C050,SEM001,A
E06105,S0755,C009,SEM005,B-
E06106,S0047,C058,SEM006,C+
E06107,S0014,C003,SEM008,B+
E06108,S0538,C065,SEM007,A
E06109,S0382,C046,SEM004,C+
E06110,S0876,C038,SEM001,C-
E06111,S0716,C030,SEM003,B-
E06112,S0623,C056,SEM004,C-
E06113,S0313,C089,SEM003,B-
E06114,S0662,C130,SEM002,B
E06115,S0171,C084,SEM004,B+
E06116,S0765,C025,SEM008,C-
E06117,S0326,C027,SEM005,C+
E06118,S0657,C025,SEM003,C
E06119,S0824,C071,SEM006,A-
E06120,S0903,C040,SEM003,C
E06121,S0265,C123,SEM005,B
E06122,S0559,C012,SEM002,B
E06123,S0163,C117,SEM008,B
E06124,S0983,C012,SEM007,F
E06125,S0613,C011,SEM002,B-
E06126,S0418,C081,SEM005,D
E06127,S0220,C007,SEM005,B
E06128,S0137,C026,SEM002,C-
E06129,S0462,C095,SEM003,B
E06130,S0747,C041,SEM004,C-
E06131,S0675,C132,SEM006,B
E06132,S0267,C063,SEM002,A
E06133,S0124,C024,SEM005,A
E06134,S0988,C015,SEM008,B
E06135,S0106,C063,SEM003,B+
E06136,S0487,C004,SEM002,B
E06137,S0441,C036,SEM001,B-
E06138,S0215,C025,SEM008,D
E06139,S0093,C045,SEM005,B
E06140,S0541,C107,SEM002,C
E06141,S0434,C035,SEM003,B
E06142,S0439,C039,SEM001,B
E06143,S0689,C071,SEM001,B-
E06144,S0274,C036,SEM004,A
E06145,S0780,C081,SEM006,B
E06146,S0477,C072,SEM002,A
E06147,S0734,C021,SEM007,C+
E06148,S0022,C093,SEM003,B+
E06149,S0839,C006,SEM003,B
E06150,S0418,C014,SEM006,D
E06151,S0741,C009,SEM004,C
E06152,S0812,C052,SEM002,C+
E06153,S0608,C012,SEM007,B
E06154,S0187,C003,SEM007,D
E06155,S0469,C010,SEM003,B-
E06156,S0490,C036,SEM005,A-
E06157,S0627,C122,SEM007,B
E06158,S0441,C067,SEM001,F
E06159,S0778,C103,SEM004,B+
E06160,S0954,C015,SEM005,B-
E06161,S0575,C016,SEM001,C
E06162,S0913,C032,SEM008,B+
E06163,S0875,C038,SEM006,D
E06164,S0697,C015,SEM005,B-
E06165,S0522,C026,SEM001,A-
E06166,S0154,C039,SEM005,A
E06167,S0158,C022,SEM004,C-
E06168,S0588,C128,SEM006,B+
E06169,S0500,C127,SEM003,C-
E06170,S0470,C035,SEM002,B
E06171,S0029,C001,SEM008,C
E06172,S0017,C106,SEM002,B
E06173,S0639,C073,SEM007,A
E06174,S0439,C040,SEM002,B-
E06175,S0436,C052,SEM004,B+
E06176,S0169,C010,SEM001,B
E06177,S0343,C018,SEM004,B
E06178,S0432,C092,SEM002,B+
E06179,S0233,C027,SEM006,B-
E06180,S0348,C076,SEM002,A-
E06181,S0712,C034,SEM007,B
E06182,S0047,C074,SEM005,B
E06183,S0418,C137,SEM008,A
E06184,S0800,C110,SEM007,A-
E06185,S0262,C015,SEM005,B+
E06186,S0786,C007,SEM006,B
E06187,S0718,C020,SEM008,B
E06188,S0567,C073,SEM002,D
E06189,S0921,C064,SEM001,B-
E06190,S0182,C056,SEM005,B
E06191,S0720,C082,SEM002,A
E06192,S0039,C043,SEM003,F
E06193,S0731,C007,SEM001,B
E06194,S0795,C062,SEM005,B
E06195,S0247,C089,SEM004,C+
E06196,S0049,C029,SEM001,F
E06197,S0990,C022,SEM004,B
E06198,S0053,C004,SEM007,B
E06199,S0421,C055,SEM007,A
E06200,S0780,C045,SEM005,A-
E06201,S0713,C024,SEM004,B
E06202,S0673,C007,SEM005,B+
E06203,S0189,C100,SEM008,A
E06204,S0789,C148,SEM005,B
E06205,S0370,C096,SEM002,B
E06206,S0503,C070,SEM004,B
E06207,S0227,C008,SEM008,B-
E06208,S0203,C056,SEM001,A-
E06209,S0378,C110,SEM005,B
E06210,S0593,C076,SEM001,D
E06211,S0883,C093,SEM002,B
E06212,S0248,C030,SEM003,B
E06213,S0647,C027,SEM007,B+
E06214,S0635,C044,SEM004,B+
E06215,S0943,C026,SEM008,C
E06216,S0675,C054,SEM002,C
E06217,S0947,C073,SEM008,B
E06218,S0889,C113,SEM007,B+
E06219,S0765,C084,SEM006,B-
E06220,S0747,C066,SEM007,A-
E06221,S0487,C119,SEM002,B+
E06222,S0845,C077,SEM005,C
E06223,S0242,C064,SEM007,A
E06224,S0433,C020,SEM004,A
E06225,S0637,C082,SEM006,B
E06226,S0478,C007,SEM001,B+
E06227,S0085,C012,SEM007,C
E06228,S0375,C041,SEM005,D
E06229,S0470,C009,SEM001,B
E06230,S0842,C071,SEM005,B
E06231,S0931,C049,SEM005,B
E06232,S0818,C078,SEM004,C
E06233,S0047,C007,SEM005,B-
E06234,S0425,C131,SEM006,F
E06235,S0131,C010,SEM007,C
E06236,S0639,C023,SEM006,B
E06237,S0895,C013,SEM008,B-
E06238,S0578,C113,SEM003,C
E06239,S0263,C047,SEM002,B
E06240,S0987,C040,SEM002,C
E06241,S0625,C032,SEM007,B+
E06242,S0864,C088,SEM005,A
E06243,S0686,C030,SEM007,A-
E06244,S0686,C089,SEM002,B-
E06245,S0628,C059,SEM003,B
E06246,S0244,C031,SEM006,C+
E06247,S0866,C045,SEM001,B
E06248,S0855,C028,SEM005,D
E06249,S0161,C042,SEM008,B
E06250,S0910,C085,SEM007,B
E06251,S0299,C016,SEM002,C-
E06252,S0150,C013,SEM002,A
E06253,S0465,C052,SEM005,B-
E06254,S0733,C028,SEM003,B+
E06255,S0952,C021,SEM003,A-
E06256,S0727,C010,SEM003,F
E06257,S0963,C047,SEM001,B-
E06258,S0309,C081,SEM001,A-
E06259,S0901,C080,SEM004,C
E06260,S0755,C074,SEM004,C
E06261,S0924,C035,SEM003,B-
E06262,S0698,C101,SEM006,A
E06263,S0135,C050,SEM006,A-
E06264,S0022,C009,SEM007,C-
E06265,S0288,C112,SEM004,B
E06266,S0400,C072,SEM005,B
E06267,S0205,C021,SEM005,F
E06268,S0757,C007,SEM008,C
E06269,S0772,C026,SEM004,F
E06270,S0284,C091,SEM008,B+
E06271,S0354,C081,SEM004,B
E06272,S0185,C007,SEM008,B
E06273,S0969,C024,SEM008,C+
E06274,S0717,C087,SEM006,B+
E06275,S0679,C037,SEM008,A
E06276,S0241,C038,SEM008,C+
E06277,S0600,C033,SEM007,B-
E06278,S0609,C062,SEM003,B+
E06279,S0330,C052,SEM004,B-
E06280,S0032,C125,SEM004,B+
E06281,S0911,C037,SEM001,F
E06282,S0057,C016,SEM007,B-
E06283,S0063,C045,SEM002,F
E06284,S0173,C126,SEM006,A-
E06285,S0232,C086,SEM004,C+
E06286,S0088,C070,SEM008,C
E06287,S0083,C013,SEM001,B-
E06288,S0134,C002,SEM003,B+
E06289,S0584,C077,SEM005,B+
E06290,S0941,C049,SEM004,B
E06291,S0020,C010,SEM003,C+
E06292,S0279,C084,SEM007,B+
E06293,S0832,C122,SEM008,B-
E06294,S0307,C032,SEM005,B-
E06295,S0674,C014,SEM003,C-
E06296,S0743,C036,SEM003,C+
E06297,S0406,C012,SEM003,C-
E06298,S0333,C001,SEM005,B
E06299,S0642,C099,SEM007,D
E06300,S0571,C057,SEM007,B-
E06301,S0411,C009,SEM007,D
E06302,S0874,C054,SEM006,B+
E06303,S0231,C061,SEM002,A-
E06304,S0274,C026,SEM007,B-
E06305,S0632,C037,SEM006,B-
E06306,S0950,C091,SEM005,B
E06307,S0669,C003,SEM008,A-
E06308,S0506,C124,SEM002,B-
E06309,S0117,C036,SEM007,B-
E06310,S0392,C087,SEM007,F
E06311,S0609,C001,SEM007,B
E06312,S0426,C060,SEM004,C+
E06313,S0482,C010,SEM003,C+
E06314,S0804,C061,SEM002,B+
E06315,S0409,C084,SEM004,C
E06316,S0114,C036,SEM008,B-
E06317,S0590,C002,SEM006,C
E06318,S0119,C040,SEM001,B
E06319,S0051,C033,SEM001,F
E06320,S0291,C026,SEM003,B
E06321,S0940,C060,SEM001,A
E06322,S0171,C022,SEM004,C
E06323,S0164,C054,SEM004,B+
E06324,S0990,C103,SEM008,F
E06325,S0973,C077,SEM001,F
E06326,S0443,C027,SEM001,C+
E06327,S0798,C053,SEM001,B
E06328,S0374,C032,SEM005,B
E06329,S0751,C040,SEM002,B+
E06330,S0570,C045,SEM005,B+
E06331,S0452,C036,SEM006,F
E06332,S0122,C010,SEM007,B
E06333,S0597,C145,SEM003,B+
E06334,S0537,C030,SEM003,B-
E06335,S0643,C011,SEM005,B
E06336,S0848,C001,SEM002,C-
E06337,S0526,C015,SEM008,A
E06338,S0901,C057,SEM008,B
E06339,S0864,C022,SEM005,B-
E06340,S0435,C095,SEM002,B-
E06341,S0344,C071,SEM005,B
E06342,S0462,C021,SEM007,C-
E06343,S0787,C072,SEM008,B
E06344,S0235,C024,SEM003,B+
E06345,S0316,C107,SEM005,C
E06346,S0278,C091,SEM006,A
E06347,S0116,C127,SEM004,B
E06348,S0547,C023,SEM005,B+
E06349,S0962,C078,SEM005,C+
E06350,S0630,C076,SEM007,A-
E06351,S0615,C056,SEM006,B
E06352,S0350,C104,SEM007,A-
E06353,S0755,C050,SEM004,C+
E06354,S0419,C076,SEM001,B-
E06355,S0913,C071,SEM005,C+
E06356,S0565,C033,SEM001,C+
E06357,S0504,C077,SEM008,B-
E06358,S0224,C060,SEM005,C-
E06359,S0791,C072,SEM006,B
E06360,S0926,C015,SEM005,B
E06361,S0549,C005,SEM008,A
E06362,S0792,C048,SEM003,B
E06363,S0231,C026,SEM001,B
E06364,S0805,C014,SEM005,A
E06365,S0730,C033,SEM001,B
E06366,S0840,C013,SEM004,A-
E06367,S0367,C008,SEM008,B+
E06368,S0839,C033,SEM008,C
E06369,S0145,C021,SEM006,B
E06370,S0210,C096,SEM006,D
E06371,S0520,C089,SEM003,A
E06372,S0389,C081,SEM004,F
E06373,S0815,C052,SEM003,B
E06374,S0364,C020,SEM006,B+
E06375,S0491,C028,SEM004,A
E06376,S0302,C020,SEM007,A
E06377,S0627,C002,SEM004,B-
E06378,S0979,C142,SEM006,C+
E06379,S0180,C044,SEM001,A-
E06380,S0388,C042,SEM001,B-
E06381,S0777,C009,SEM002,A
E06382,S0082,C007,SEM006,C
E06383,S0714,C048,SEM001,A-
E06384,S0950,C071,SEM005,B-
E06385,S0288,C009,SEM004,B+
E06386,S0165,C016,SEM003,C+
E06387,S0784,C096,SEM008,B+
E06388,S0530,C136,SEM008,B-
E06389,S0987,C009,SEM006,B+
E06390,S0703,C045,SEM004,B
E06391,S0730,C003,SEM001,B-
E06392,S0493,C135,SEM005,B
E06393,S0194,C011,SEM008,B-
E06394,S0991,C120,SEM001,A
E06395,S0608,C077,SEM003,C
E06396,S0573,C020,SEM005,B+
E06397,S0289,C085,SEM004,B-
E06398,S0443,C047,SEM008,B+
E06399,S0252,C009,SEM006,B
E06400,S0323,C021,SEM008,B-
E06401,S0455,C034,SEM006,B+
E06402,S0693,C110,SEM004,B
E06403,S0814,C068,SEM003,B
E06404,S0351,C089,SEM008,C
E06405,S0052,C043,SEM007,C
E06406,S0064,C100,SEM003,C-
E06407,S0466,C068,SEM007,B+
E06408,S0314,C043,SEM001,B
E06409,S0502,C064,SEM006,B
E06410,S0621,C024,SEM001,A-
E06411,S0714,C050,SEM008,B+
E06412,S0444,C038,SEM006,F
E06413,S0928,C084,SEM004,C-
E06414,S0618,C083,SEM002,C-
E06415,S0498,C030,SEM006,B+
E06416,S0349,C001,SEM003,A
E06417,S0253,C026,SEM007,D
E06418,S0700,C013,SEM003,B
E06419,S0904,C121,SEM001,B-
E06420,S0834,C085,SEM005,C-
E06421,S0215,C011,SEM003,B
E06422,S0983,C113,SEM006,C+
E06423,S0431,C018,SEM006,B-
E06424,S0526,C082,SEM008,C
E06425,S0889,C009,SEM002,D
E06426,S0253,C106,SEM003,A
E06427,S0265,C084,SEM003,B-
E06428,S0296,C010,SEM005,C+
E06429,S0824,C024,SEM007,A-
E06430,S0377,C080,SEM003,B
E06431,S0938,C025,SEM006,B
E06432,S0132,C010,SEM006,A-
E06433,S0199,C085,SEM003,B-
E06434,S0824,C078,SEM005,C+
E06435,S0918,C056,SEM007,B+
E06436,S0407,C046,SEM007,B
E06437,S0514,C011,SEM001,B
E06438,S0837,C015,SEM005,B-
E06439,S0100,C025,SEM002,B+
E06440,S0261,C014,SEM004,B
E06441,S0951,C039,SEM006,D
E06442,S0838,C054,SEM005,B-
E06443,S0551,C088,SEM006,B
E06444,S0384,C010,SEM005,A-
E06445,S0481,C041,SEM005,C+
E06446,S0254,C028,SEM007,A-
E06447,S0463,C035,SEM002,B
E06448,S0028,C025,SEM003,C-
E06449,S0202,C039,SEM005,A
E06450,S0298,C087,SEM004,C+
E06451,S0669,C013,SEM003,B
E06452,S0092,C010,SEM001,D
E06453,S0719,C041,SEM005,B+
E06454,S0758,C030,SEM002,B-
E06455,S0570,C003,SEM003,B
E06456,S0734,C063,SEM001,B
E06457,S0104,C023,SEM004,B-
E06458,S0694,C062,SEM004,B+
E06459,S0052,C126,SEM007,B
E06460,S0328,C127,SEM005,B-
E06461,S0844,C075,SEM001,C+
E06462,S0811,C055,SEM005,B
E06463,S0044,C027,SEM004,B
E06464,S0957,C039,SEM002,B
E06465,S0889,C019,SEM004,B-
E06466,S0485,C032,SEM006,B
E06467,S0133,C020,SEM005,B
E06468,S0700,C056,SEM001,D
E06469,S0597,C005,SEM006,B
E06470,S0983,C059,SEM006,C
E06471,S0753,C038,SEM004,C
E06472,S0805,C065,SEM008,C-
E06473,S0313,C053,SEM006,B+
E06474,S0733,C088,SEM006,A-
E06475,S0400,C045,SEM004,B-
E06476,S0271,C033,SEM005,A
E06477,S0168,C039,SEM005,A
E06478,S0610,C120,SEM008,B-
E06479,S0259,C058,SEM004,B+
E06480,S0131,C027,SEM005,B-
E06481,S0221,C042,SEM002,C
E06482,S0433,C041,SEM001,B
E06483,S0703,C068,SEM008,C
E06484,S0662,C107,SEM001,B
E06485,S0225,C032,SEM006,A
E06486,S0095,C036,SEM006,A
E06487,S0993,C052,SEM005,B
E06488,S0822,C005,SEM005,C+
E06489,S0529,C035,SEM007,B
E06490,S0253,C041,SEM005,B
E06491,S0394,C009,SEM003,B
E06492,S0353,C069,SEM002,C
E06493,S0999,C074,SEM006,B
E06494,S0705,C077,SEM007,C+
E06495,S0565,C046,SEM004,A-
E06496,S0059,C064,SEM004,B
E06497,S0577,C028,SEM002,A
E06498,S0186,C143,SEM002,B
E06499,S0326,C014,SEM005,B-
E06500,S0078,C024,SEM001,C
E06501,S0536,C087,SEM002,B
E06502,S0982,C061,SEM007,A-
E06503,S0517,C051,SEM006,C-
E06504,S0462,C063,SEM004,C-
E06505,S0235,C147,SEM004,B+
E06506,S0131,C092,SEM004,F
E06507,S0513,C035,SEM004,B
E06508,S0470,C009,SEM008,B
E06509,S0790,C026,SEM004,C+
E06510,S0444,C072,SEM004,C
E06511,S0337,C105,SEM002,A
E06512,S0211,C023,SEM005,B-
E06513,S0901,C108,SEM007,B
E06514,S0112,C057,SEM005,B
E06515,S0335,C126,SEM007,C
E06516,S0290,C096,SEM004,B
E06517,S0426,C047,SEM005,B
E06518,S0279,C076,SEM007,C
E06519,S0857,C035,SEM007,C
E06520,S0943,C035,SEM008,B
E06521,S0050,C108,SEM008,B+
E06522,S0476,C014,SEM002,A-
E06523,S0732,C010,SEM005,B+
E06524,S0018,C046,SEM004,C+
E06525,S0845,C024,SEM002,B
E06526,S0205,C057,SEM007,A
E06527,S0555,C039,SEM004,B-
E06528,S0072,C028,SEM006,C+
E06529,S0661,C001,SEM008,F
E06530,S0122,C097,SEM001,B-
E06531,S0273,C005,SEM002,B+
E06532,S0642,C080,SEM001,A-
E06533,S0452,C016,SEM004,B+
E06534,S0802,C011,SEM004,B-
E06535,S0879,C077,SEM007,C+
E06536,S0673,C052,SEM005,B+
E06537,S0827,C069,SEM002,B-
E06538,S0045,C061,SEM006,B+
E06539,S0555,C050,SEM005,B+
E06540,S0373,C034,SEM003,C
E06541,S0533,C022,SEM001,B-
E06542,S0042,C128,SEM005,C-
E06543,S0737,C017,SEM002,C+
E06544,S0687,C052,SEM003,C+
E06545,S0558,C068,SEM006,B-
E06546,S0892,C072,SEM002,B
E06547,S0346,C011,SEM003,F
E06548,S0668,C135,SEM003,B+
E06549,S0472,C015,SEM007,B-
E06550,S0445,C135,SEM005,A-
E06551,S0862,C054,SEM006,C+
E06552,S0939,C003,SEM008,B-
E06553,S0045,C017,SEM002,B-
E06554,S0464,C007,SEM005,C+
E06555,S0809,C001,SEM007,B
E06556,S0903,C005,SEM001,B+
E06557,S0944,C073,SEM007,A
E06558,S0445,C056,SEM008,C
E06559,S0663,C011,SEM008,B
E06560,S0815,C043,SEM001,C
E06561,S0716,C082,SEM003,D
E06562,S0186,C065,SEM005,C-
E06563,S0419,C100,SEM005,B
E06564,S0262,C074,SEM006,A
E06565,S0926,C014,SEM004,B-
E06566,S0592,C027,SEM001,A-
E06567,S0969,C011,SEM004,A-
E06568,S0069,C037,SEM001,C+
E06569,S0785,C033,SEM001,B
E06570,S0210,C054,SEM003,C+
E06571,S0200,C022,SEM001,B-
E06572,S0562,C101,SEM001,B
E06573,S0322,C057,SEM003,C-
E06574,S0585,C030,SEM006,C-
E06575,S0182,C029,SEM005,B+
E06576,S0823,C036,SEM006,C-
E06577,S0336,C033,SEM007,B
E06578,S0229,C062,SEM005,B+
E06579,S0926,C130,SEM003,B+
E06580,S0893,C139,SEM004,B
E06581,S0681,C015,SEM002,B
E06582,S0622,C024,SEM007,B
E06583,S0227,C118,SEM005,B
E06584,S0597,C067,SEM007,B
E06585,S0837,C026,SEM003,C+
E06586,S0113,C001,SEM005,B+
E06587,S0237,C031,SEM008,B-
E06588,S0439,C089,SEM007,F
E06589,S0581,C060,SEM004,A-
E06590,S0635,C074,SEM003,D
E06591,S0500,C019,SEM006,B
E06592,S0060,C087,SEM002,B-
E06593,S0783,C097,SEM001,B
E06594,S0019,C047,SEM005,B-
E06595,S0273,C041,SEM008,B
E06596,S0387,C033,SEM003,B-
E06597,S0029,C015,SEM008,B
E06598,S0959,C034,SEM008,C+
E06599,S0232,C104,SEM007,B-
E06600,S0865,C059,SEM004,A-
E06601,S0335,C053,SEM007,D
E06602,S0853,C017,SEM007,A
E06603,S0976,C007,SEM004,B
E06604,S0591,C018,SEM001,B
E06605,S0437,C038,SEM006,B
E06606,S0661,C020,SEM004,B-
E06607,S0602,C145,SEM002,C+
E06608,S0576,C008,SEM005,B
E06609,S0628,C013,SEM004,A-
E06610,S0640,C065,SEM002,A
E06611,S0871,C086,SEM004,B
E06612,S0411,C023,SEM005,B
E06613,S0758,C107,SEM004,B
E06614,S0490,C042,SEM004,B+
E06615,S0420,C083,SEM005,B
E06616,S0733,C099,SEM007,A
E06617,S0309,C010,SEM001,B+
E06618,S0075,C015,SEM002,B+
E06619,S0247,C029,SEM003,B-
E06620,S0407,C107,SEM003,F
E06621,S0695,C018,SEM001,C+
E06622,S0022,C002,SEM007,C-
E06623,S0591,C044,SEM004,C+
E06624,S0121,C090,SEM008,B+
E06625,S0720,C082,SEM002,C
E06626,S0669,C014,SEM005,B+
E06627,S0582,C015,SEM001,C
E06628,S0539,C050,SEM006,C+
E06629,S0436,C009,SEM008,A-
E06630,S0992,C098,SEM005,D
E06631,S0797,C027,SEM004,B
E06632,S0322,C042,SEM007,B
E06633,S0500,C089,SEM004,B
E06634,S0757,C015,SEM007,B
E06635,S0583,C015,SEM006,B-
E06636,S0284,C051,SEM004,C
E06637,S0767,C091,SEM002,C+
E06638,S0117,C034,SEM002,B-
E06639,S0250,C004,SEM007,B
E06640,S0190,C117,SEM002,C
E06641,S0653,C003,SEM001,C-
E06642,S0977,C018,SEM006,B-
E06643,S0983,C085,SEM003,C+
E06644,S0436,C087,SEM008,B
E06645,S0147,C098,SEM007,C+
E06646,S0251,C048,SEM005,A
E06647,S0068,C012,SEM002,B-
E06648,S0756,C081,SEM004,B-
E06649,S0580,C104,SEM002,B
E06650,S0828,C069,SEM002,B+
E06651,S0267,C037,SEM006,B-
E06652,S0879,C116,SEM007,B
E06653,S0242,C066,SEM001,B+
E06654,S0504,C109,SEM003,C
E06655,S0913,C087,SEM007,B
E06656,S0485,C039,SEM005,A
E06657,S0453,C062,SEM003,B+
E06658,S0301,C036,SEM002,B+
E06659,S0639,C002,SEM003,F
E06660,S0863,C017,SEM007,B+
E06661,S0490,C033,SEM001,C-
E06662,S0142,C104,SEM006,B-
E06663,S0168,C068,SEM003,B
E06664,S0884,C133,SEM002,B
E06665,S0867,C101,SEM006,B
E06666,S0526,C040,SEM001,C+
E06667,S0120,C002,SEM001,C+
E06668,S0328,C090,SEM003,B-
E06669,S0235,C015,SEM008,B+
E06670,S0328,C075,SEM007,A-
E06671,S0690,C040,SEM005,C+
E06672,S0989,C023,SEM006,A-
E06673,S0526,C051,SEM001,D
E06674,S0468,C012,SEM006,C-
E06675,S0143,C091,SEM007,B
E06676,S0196,C093,SEM007,B
E06677,S0927,C088,SEM004,B
E06678,S0414,C026,SEM007,B-
E06679,S0593,C047,SEM008,C+
E06680,S0081,C068,SEM004,A
E06681,S0247,C073,SEM003,B
E06682,S0068,C023,SEM007,D
E06683,S0826,C077,SEM001,A-
E06684,S0508,C054,SEM008,B+
E06685,S0868,C074,SEM002,C-
E06686,S0822,C028,SEM003,C+
E06687,S0711,C021,SEM005,B-
E06688,S0274,C008,SEM001,B-
E06689,S0049,C024,SEM008,C
E06690,S0343,C029,SEM004,B
E06691,S0549,C035,SEM006,A-
E06692,S0620,C078,SEM003,B
E06693,S0615,C038,SEM001,B
E06694,S0608,C055,SEM004,B+
E06695,S0147,C053,SEM008,B-
E06696,S0996,C038,SEM001,A
E06697,S0787,C048,SEM004,D
E06698,S0160,C090,SEM004,B
E06699,S0999,C110,SEM005,C-
E06700,S0911,C068,SEM002,A-
E06701,S0607,C014,SEM004,C+
E06702,S0020,C099,SEM004,B
E06703,S0903,C024,SEM006,B
E06704,S0521,C033,SEM004,A
E06705,S0616,C042,SEM008,C-
E06706,S0434,C085,SEM002,B
E06707,S0380,C085,SEM008,B+
E06708,S0992,C048,SEM002,B+
E06709,S0524,C007,SEM008,B-
E06710,S0581,C026,SEM005,D
E06711,S0920,C115,SEM006,B
E06712,S0552,C055,SEM005,A
E06713,S0313,C005,SEM007,B
E06714,S0460,C013,SEM002,A-
E06715,S0148,C033,SEM006,A-
E06716,S0710,C017,SEM004,C+
E06717,S0962,C007,SEM007,A-
E06718,S0067,C045,SEM005,B-
E06719,S0488,C046,SEM005,B-
E06720,S0721,C049,SEM005,A-
E06721,S0687,C073,SEM005,C
E06722,S0834,C058,SEM003,B-
E06723,S0999,C053,SEM007,C-
E06724,S0302,C034,SEM008,B-
E06725,S0270,C015,SEM007,D
E06726,S0544,C012,SEM008,C
E06727,S0872,C146,SEM006,D
E06728,S0410,C147,SEM007,A-
E06729,S0698,C054,SEM004,A-
E06730,S0937,C096,SEM001,A
E06731,S0488,C013,SEM004,B
E06732,S0624,C088,SEM007,B-
E06733,S0947,C107,SEM005,B+
E06734,S0512,C057,SEM004,F
E06735,S0331,C011,SEM002,B-
E06736,S0646,C047,SEM001,B+
E06737,S0505,C018,SEM004,A-
E06738,S0155,C021,SEM004,B-
E06739,S0791,C062,SEM002,B-
E06740,S0153,C072,SEM006,B
E06741,S0103,C071,SEM001,C
E06742,S0260,C107,SEM006,A
E06743,S0172,C061,SEM006,B
E06744,S0464,C033,SEM006,B-
E06745,S0220,C047,SEM003,B-
E06746,S0362,C002,SEM003,A
E06747,S0580,C009,SEM007,F
E06748,S0845,C002,SEM003,B+
E06749,S0744,C051,SEM008,B-
E06750,S0814,C080,SEM002,C
E06751,S0927,C011,SEM006,C+
E06752,S0187,C114,SEM002,C
E06753,S0984,C034,SEM006,C
E06754,S0651,C046,SEM001,B
E06755,S0628,C014,SEM001,B+
E06756,S0772,C077,SEM006,B
E06757,S0327,C021,SEM007,A
E06758,S0002,C002,SEM003,C+
E06759,S0610,C064,SEM002,B
E06760,S0622,C028,SEM003,A-
E06761,S0287,C057,SEM002,B-
E06762,S0115,C002,SEM005,C+
E06763,S0491,C020,SEM007,B-
E06764,S0595,C120,SEM002,B+
E06765,S0810,C077,SEM006,B+
E06766,S0950,C021,SEM004,B+
E06767,S0597,C018,SEM002,B+
E06768,S0405,C008,SEM006,D
E06769,S0434,C016,SEM004,C-
E06770,S0135,C039,SEM005,B+
E06771,S0211,C070,SEM007,D
E06772,S0989,C021,SEM002,A-
E06773,S0094,C004,SEM007,A
E06774,S0932,C017,SEM007,B
E06775,S0877,C002,SEM002,D
E06776,S0847,C062,SEM007,B
E06777,S0743,C100,SEM002,B
E06778,S0768,C026,SEM006,C-
E06779,S0400,C063,SEM006,C-
E06780,S0359,C043,SEM003,F
E06781,S0878,C046,SEM003,B
E06782,S0793,C044,SEM008,A
E06783,S0324,C032,SEM002,C
E06784,S0385,C137,SEM006,B+
E06785,S0398,C023,SEM008,B
E06786,S0326,C041,SEM005,B
E06787,S0967,C096,SEM005,F
E06788,S0640,C016,SEM002,B-
E06789,S0954,C023,SEM002,A-
E06790,S0384,C007,SEM002,B
E06791,S0010,C030,SEM003,B+
E06792,S0043,C035,SEM004,A-
E06793,S0456,C015,SEM004,B-
E06794,S0315,C091,SEM003,A
E06795,S0213,C036,SEM005,A-
E06796,S0188,C026,SEM008,B+
E06797,S0454,C054,SEM004,D
E06798,S0667,C016,SEM008,C+
E06799,S0849,C022,SEM006,B+
E06800,S0241,C039,SEM003,B-
E06801,S0432,C005,SEM006,A
E06802,S0896,C004,SEM004,A-
E06803,S0007,C055,SEM007,B
E06804,S0955,C061,SEM001,B-
E06805,S0296,C070,SEM004,C
E06806,S0504,C096,SEM002,A
E06807,S0075,C144,SEM006,B-
E06808,S0588,C072,SEM006,A-
E06809,S0525,C102,SEM008,D
E06810,S0493,C033,SEM001,A
E06811,S0403,C065,SEM008,B-
E06812,S0644,C041,SEM002,C+
E06813,S0515,C032,SEM002,A
E06814,S0840,C035,SEM005,B
E06815,S0840,C047,SEM005,B-
E06816,S0659,C004,SEM005,C+
E06817,S0272,C029,SEM002,B
E06818,S0959,C077,SEM003,C-
E06819,S0403,C028,SEM005,C
E06820,S0840,C086,SEM007,B+
E06821,S0350,C070,SEM003,B-
E06822,S0023,C023,SEM008,A
E06823,S0227,C050,SEM004,C-
E06824,S0369,C081,SEM002,C+
E06825,S0485,C019,SEM002,A-
E06826,S0895,C008,SEM005,C
E06827,S0663,C047,SEM007,B-
E06828,S0565,C074,SEM002,B
E06829,S0232,C054,SEM003,B+
E06830,S0552,C049,SEM008,C+
E06831,S0667,C003,SEM008,C
E06832,S0769,C026,SEM004,B+
E06833,S0064,C036,SEM003,C+
E06834,S0730,C123,SEM003,A
E06835,S0924,C048,SEM004,C
E06836,S0299,C057,SEM008,B-
E06837,S0971,C115,SEM005,B-
E06838,S0705,C121,SEM006,A-
E06839,S0806,C127,SEM002,B
E06840,S0309,C009,SEM002,B+
E06841,S0010,C022,SEM005,B
E06842,S0323,C109,SEM007,A-
E06843,S0656,C002,SEM004,C-
E06844,S0351,C097,SEM007,A-
E06845,S0761,C123,SEM002,B
E06846,S0319,C002,SEM001,C+
E06847,S0833,C028,SEM006,B-
E06848,S0964,C039,SEM006,A
E06849,S0088,C053,SEM007,C+
E06850,S0849,C054,SEM008,C
E06851,S0709,C034,SEM003,B-
E06852,S0315,C030,SEM003,F
E06853,S0030,C060,SEM008,B+
E06854,S0742,C023,SEM003,B+
E06855,S0901,C055,SEM003,B-
E06856,S0124,C029,SEM007,C-
E06857,S0019,C004,SEM002,B+
E06858,S0323,C042,SEM001,A
E06859,S0631,C041,SEM007,C+
E06860,S0331,C008,SEM006,C+
E06861,S0367,C080,SEM003,C+
E06862,S0154,C096,SEM007,B+
E06863,S0561,C035,SEM008,C+
E06864,S0295,C048,SEM008,B
E06865,S0466,C056,SEM006,B-
E06866,S0095,C050,SEM005,C+
E06867,S0218,C007,SEM002,C+
E06868,S0565,C035,SEM002,B
E06869,S0928,C012,SEM003,A
E06870,S0971,C020,SEM008,A
E06871,S0700,C057,SEM008,B
E06872,S0588,C105,SEM005,C+
E06873,S0612,C102,SEM001,B
E06874,S0643,C142,SEM004,B
E06875,S0628,C032,SEM003,B+
E06876,S0837,C001,SEM006,B
E06877,S0663,C015,SEM001,F
E06878,S0591,C056,SEM008,C
E06879,S0932,C060,SEM003,D
E06880,S0217,C073,SEM008,A
E06881,S0029,C061,SEM005,B+
E06882,S0258,C068,SEM007,B+
E06883,S0326,C077,SEM005,B
E06884,S0296,C001,SEM007,B
E06885,S0833,C081,SEM006,C
E06886,S0866,C067,SEM008,B
E06887,S0127,C014,SEM003,B-
E06888,S0691,C066,SEM008,A
E06889,S0597,C014,SEM005,A-
E06890,S0282,C060,SEM007,B+
E06891,S0547,C011,SEM008,C+
E06892,S0251,C015,SEM004,B-
E06893,S0028,C102,SEM004,C
E06894,S0462,C011,SEM005,B-
E06895,S0966,C061,SEM005,B-
E06896,S0380,C002,SEM004,B
E06897,S0273,C065,SEM006,B
E06898,S0812,C017,SEM002,B-
E06899,S0637,C074,SEM002,C
E06900,S0580,C015,SEM002,B+
E06901,S0019,C081,SEM005,A
E06902,S0028,C123,SEM002,B
E06903,S0638,C057,SEM002,A-
E06904,S0883,C085,SEM003,B
E06905,S0251,C032,SEM003,B
E06906,S0905,C020,SEM003,B+
E06907,S0490,C023,SEM003,A-
E06908,S0505,C024,SEM001,B
E06909,S0819,C063,SEM006,B
E06910,S0296,C068,SEM007,C-
E06911,S0262,C049,SEM003,B-
E06912,S0007,C030,SEM005,B-
E06913,S0852,C052,SEM003,F
E06914,S0336,C013,SEM004,A-
E06915,S0522,C024,SEM008,B+
E06916,S0842,C007,SEM003,A
E06917,S0184,C022,SEM006,B
E06918,S0202,C008,SEM003,D
E06919,S0056,C101,SEM001,B-
E06920,S0156,C078,SEM007,A
E06921,S0608,C105,SEM004,D
E06922,S0289,C031,SEM002,B
E06923,S0670,C031,SEM001,B
E06924,S0751,C039,SEM003,A-
E06925,S0413,C010,SEM001,A-
E06926,S0848,C120,SEM002,D
E06927,S0045,C085,SEM001,B-
E06928,S0063,C054,SEM001,B
E06929,S0629,C108,SEM008,D
E06930,S0505,C048,SEM004,C+
E06931,S0426,C130,SEM002,A-
E06932,S0227,C045,SEM003,A
E06933,S0991,C002,SEM007,B
E06934,S0429,C133,SEM002,B-
E06935,S0528,C085,SEM008,B
E06936,S0253,C064,SEM006,A-
E06937,S0025,C115,SEM007,F
E06938,S0077,C006,SEM006,B+
E06939,S0916,C001,SEM006,C+
E06940,S0439,C034,SEM003,B-
E06941,S0758,C025,SEM003,C
E06942,S0077,C037,SEM001,A
E06943,S0782,C042,SEM007,C+
E06944,S0394,C050,SEM004,C-
E06945,S0921,C065,SEM001,C-
E06946,S0558,C033,SEM007,C
E06947,S0442,C002,SEM002,B
E06948,S0433,C030,SEM006,A-
E06949,S0033,C086,SEM002,B
E06950,S0486,C059,SEM007,C
E06951,S0034,C055,SEM005,A
E06952,S0677,C047,SEM002,B+
E06953,S0380,C091,SEM003,B
E06954,S0883,C105,SEM007,D
E06955,S0169,C114,SEM004,C
E06956,S0679,C026,SEM004,B
E06957,S0275,C021,SEM002,A-
E06958,S0901,C003,SEM001,B+
E06959,S0875,C069,SEM005,A-
E06960,S0727,C013,SEM005,B
E06961,S0985,C081,SEM008,B
E06962,S0289,C099,SEM005,B
E06963,S0822,C098,SEM007,D
E06964,S0357,C087,SEM001,B
E06965,S0916,C039,SEM003,B+
E06966,S0682,C052,SEM003,B+
E06967,S0312,C025,SEM002,B
E06968,S0086,C037,SEM005,C+
E06969,S0827,C016,SEM003,D
E06970,S0628,C089,SEM007,A-
E06971,S0348,C005,SEM007,B-
E06972,S0158,C117,SEM007,B+
E06973,S0067,C027,SEM001,A
E06974,S0297,C078,SEM001,B+
E06975,S0365,C019,SEM001,B
E06976,S0224,C004,SEM005,B-
E06977,S0986,C082,SEM005,B+
E06978,S0471,C036,SEM004,B
E06979,S0468,C041,SEM008,A-
E06980,S0741,C026,SEM003,C+
E06981,S0716,C108,SEM007,C-
E06982,S0516,C016,SEM004,B+
E06983,S0185,C063,SEM008,C-
E06984,S0183,C145,SEM003,B-
E06985,S0298,C039,SEM002,F
E06986,S0674,C035,SEM001,C+
E06987,S0185,C067,SEM006,B
E06988,S0302,C004,SEM002,B-
E06989,S0230,C139,SEM006,B+
E06990,S0811,C130,SEM006,B
E06991,S0993,C014,SEM007,B
E06992,S0056,C012,SEM005,B-
E06993,S0689,C010,SEM002,A
E06994,S0172,C058,SEM002,B-
E06995,S0213,C112,SEM007,B+
E06996,S0914,C002,SEM001,C
E06997,S0355,C052,SEM004,F
E06998,S0469,C032,SEM005,B
E06999,S0226,C080,SEM001,A
E07000,S0974,C055,SEM004,D
E07001,S0520,C069,SEM008,B
E07002,S0898,C067,SEM006,C+
E07003,S0897,C013,SEM002,B+
E07004,S0992,C085,SEM002,B
E07005,S0927,C003,SEM008,B+
E07006,S0147,C109,SEM002,C+
E07007,S0657,C009,SEM001,C+
E07008,S0453,C121,SEM008,C-
E07009,S0409,C113,SEM002,B
E07010,S0960,C033,SEM001,C+
E07011,S0692,C081,SEM002,A
E07012,S0935,C131,SEM001,A
E07013,S0452,C068,SEM001,C+
E07014,S0955,C044,SEM004,C+
E07015,S0197,C107,SEM004,A
E07016,S0183,C037,SEM005,C+
E07017,S0126,C126,SEM004,D
E07018,S0087,C111,SEM006,B
E07019,S0717,C026,SEM008,B
E07020,S0409,C067,SEM007,A-
E07021,S0375,C051,SEM008,C
E07022,S0392,C101,SEM004,B+
E07023,S0712,C002,SEM007,B
E07024,S0853,C087,SEM004,B+
E07025,S0805,C017,SEM004,B-
E07026,S0126,C009,SEM007,B+
E07027,S0263,C042,SEM005,B+
E07028,S0935,C048,SEM002,B
E07029,S0464,C122,SEM005,B
E07030,S0496,C149,SEM002,B+
E07031,S0453,C026,SEM002,C
E07032,S0034,C024,SEM001,A-
E07033,S0353,C120,SEM005,D
E07034,S0510,C088,SEM001,B-
E07035,S0082,C110,SEM002,C-
E07036,S0049,C021,SEM008,B
E07037,S0608,C011,SEM001,F
E07038,S0974,C074,SEM003,C+
E07039,S0463,C016,SEM007,C+
E07040,S0724,C094,SEM004,B
E07041,S0933,C096,SEM008,B-
E07042,S0859,C045,SEM004,B-
E07043,S0696,C036,SEM008,B
E07044,S0780,C082,SEM006,A
E07045,S0868,C079,SEM007,B-
E07046,S0083,C038,SEM001,C+
E07047,S0007,C135,SEM003,A-
E07048,S0112,C002,SEM005,C
E07049,S0861,C009,SEM001,B+
E07050,S0168,C066,SEM008,A-
E07051,S0553,C028,SEM004,A-
E07052,S0135,C030,SEM005,B-
E07053,S0426,C022,SEM006,B+
E07054,S0889,C019,SEM005,B-
E07055,S0398,C015,SEM002,C+
E07056,S0223,C009,SEM005,C+
E07057,S0744,C033,SEM003,B
E07058,S0510,C056,SEM003,B
E07059,S0842,C087,SEM007,B+
E07060,S0067,C022,SEM002,B+
E07061,S0592,C009,SEM007,A
E07062,S0626,C054,SEM003,F
E07063,S0622,C023,SEM004,C
E07064,S0641,C025,SEM006,B+
E07065,S0805,C042,SEM005,C
E07066,S0967,C089,SEM004,A-
E07067,S0617,C019,SEM004,B+
E07068,S0319,C115,SEM006,A
E07069,S0007,C027,SEM001,A-
E07070,S0485,C039,SEM003,C
E07071,S0084,C018,SEM005,B+
E07072,S0926,C009,SEM001,B+
E07073,S0106,C039,SEM003,B
E07074,S0410,C027,SEM002,B+
E07075,S0801,C001,SEM007,A-
E07076,S0082,C021,SEM006,B
E07077,S0234,C071,SEM008,A-
E07078,S0362,C094,SEM003,B
E07079,S0145,C045,SEM002,B-
E07080,S0239,C068,SEM006,C+
E07081,S0908,C036,SEM007,D
E07082,S0858,C062,SEM003,B
E07083,S0269,C137,SEM008,A
E07084,S0851,C024,SEM006,D
E07085,S0794,C113,SEM003,B
E07086,S0012,C074,SEM002,C+
E07087,S0417,C015,SEM002,C+
E07088,S0224,C001,SEM008,C+
E07089,S0909,C024,SEM001,B+
E07090,S0533,C052,SEM004,B-
E07091,S0302,C074,SEM008,B-
E07092,S0742,C075,SEM002,F
E07093,S0840,C100,SEM007,B
E07094,S0991,C002,SEM005,C
E07095,S0690,C143,SEM007,B-
E07096,S0661,C131,SEM005,A
E07097,S0091,C004,SEM006,C+
E07098,S0459,C091,SEM003,D
E07099,S0731,C078,SEM003,B+
E07100,S0730,C037,SEM005,B-
E07101,S0234,C086,SEM003,C
E07102,S0216,C020,SEM001,B
E07103,S0726,C038,SEM001,B-
E07104,S0128,C112,SEM002,B
E07105,S0105,C014,SEM008,F
E07106,S0385,C029,SEM002,B-
E07107,S0455,C008,SEM008,A-
E07108,S0507,C002,SEM001,C+
E07109,S0838,C049,SEM007,A
E07110,S0280,C066,SEM005,B+
E07111,S0390,C058,SEM002,C-
E07112,S0863,C012,SEM006,C
E07113,S0722,C032,SEM006,B
E07114,S0371,C093,SEM004,B-
E07115,S0530,C054,SEM006,B+
E07116,S0082,C062,SEM003,C+
E07117,S0733,C094,SEM008,D
E07118,S0859,C084,SEM007,A-
E07119,S0080,C031,SEM006,B+
E07120,S0650,C010,SEM004,B+
E07121,S0423,C122,SEM003,C-
E07122,S0739,C013,SEM003,B
E07123,S0385,C096,SEM001,C+
E07124,S0545,C067,SEM005,C
E07125,S0333,C005,SEM006,C+
E07126,S0435,C086,SEM003,C
E07127,S0984,C049,SEM003,B-
E07128,S0660,C046,SEM008,C
E07129,S0061,C113,SEM008,B+
E07130,S0054,C004,SEM002,C+
E07131,S0496,C034,SEM004,B+
E07132,S0246,C070,SEM008,F
E07133,S0953,C015,SEM004,B+
E07134,S0013,C024,SEM006,F
E07135,S0771,C113,SEM005,B-
E07136,S0079,C002,SEM004,B+
E07137,S0225,C021,SEM008,C+
E07138,S0977,C054,SEM004,B+
E07139,S0262,C032,SEM004,D
E07140,S0816,C007,SEM007,F
E07141,S0881,C063,SEM003,C
E07142,S0768,C009,SEM002,B
E07143,S0352,C039,SEM003,B+
E07144,S0840,C007,SEM005,B
E07145,S0110,C111,SEM008,A
E07146,S0562,C101,SEM001,C+
E07147,S0068,C128,SEM007,C+
E07148,S0780,C039,SEM008,B-
E07149,S0775,C032,SEM007,F
E07150,S0541,C126,SEM002,B
E07151,S0239,C030,SEM006,B+
E07152,S0460,C052,SEM008,B+
E07153,S0132,C007,SEM001,C+
E07154,S0521,C017,SEM007,C+
E07155,S0801,C092,SEM003,A-
E07156,S0807,C013,SEM005,A-
E07157,S0551,C063,SEM003,A
E07158,S0440,C005,SEM003,C
E07159,S0073,C050,SEM007,B+
E07160,S0894,C039,SEM008,A
E07161,S0368,C029,SEM004,B
E07162,S0195,C087,SEM007,C-
E07163,S0318,C104,SEM006,C
E07164,S0408,C010,SEM001,C
E07165,S0212,C066,SEM007,B+
E07166,S0267,C119,SEM001,B
E07167,S0174,C047,SEM008,B+
E07168,S0865,C005,SEM003,A-
E07169,S0261,C126,SEM003,A
E07170,S0443,C031,SEM004,A-
E07171,S0026,C013,SEM004,C+
E07172,S0663,C122,SEM006,C+
E07173,S0925,C086,SEM008,A
E07174,S0046,C041,SEM001,C+
E07175,S0544,C009,SEM003,C
E07176,S0857,C105,SEM003,B
E07177,S0659,C067,SEM003,F
E07178,S0663,C005,SEM007,B+
E07179,S0932,C099,SEM006,B
E07180,S0748,C020,SEM007,C+
E07181,S0600,C115,SEM003,B-
E07182,S0538,C085,SEM007,C+
E07183,S0172,C080,SEM003,B+
E07184,S0181,C015,SEM003,A-
E07185,S0820,C098,SEM002,B+
E07186,S0789,C054,SEM001,B+
E07187,S0604,C045,SEM003,B
E07188,S0893,C073,SEM007,B+
E07189,S0685,C066,SEM005,B
E07190,S0006,C022,SEM006,B+
E07191,S0406,C060,SEM005,A-
E07192,S0269,C030,SEM008,A-
E07193,S0648,C077,SEM006,B
E07194,S0962,C019,SEM004,B+
E07195,S0275,C085,SEM006,A
E07196,S0437,C119,SEM002,C+
E07197,S0051,C015,SEM006,C-
E07198,S0183,C078,SEM005,B+
E07199,S0992,C064,SEM004,C-
E07200,S0617,C102,SEM002,A-
E07201,S0357,C082,SEM004,C+
E07202,S0002,C043,SEM001,A
E07203,S0828,C055,SEM008,C+
E07204,S0999,C060,SEM003,B
E07205,S0304,C076,SEM008,B
E07206,S0943,C139,SEM006,A
E07207,S0624,C096,SEM006,A-
E07208,S0471,C031,SEM006,B+
E07209,S0194,C039,SEM001,B+
E07210,S0633,C058,SEM006,C+
E07211,S0753,C117,SEM006,C
E07212,S0973,C006,SEM007,C
E07213,S0609,C027,SEM007,B-
E07214,S0191,C019,SEM001,A-
E07215,S0329,C103,SEM001,B
E07216,S0361,C084,SEM003,C
E07217,S0672,C043,SEM005,A
E07218,S0113,C025,SEM008,C-
E07219,S0469,C119,SEM001,A
E07220,S0527,C039,SEM001,B
E07221,S0678,C048,SEM002,C+
E07222,S0212,C085,SEM006,B
E07223,S0060,C019,SEM002,B+
E07224,S0756,C053,SEM008,C+
E07225,S0143,C039,SEM005,B+
E07226,S0599,C042,SEM006,B
E07227,S0970,C079,SEM008,B
E07228,S0859,C047,SEM003,B
E07229,S0825,C136,SEM003,A-
E07230,S0829,C106,SEM003,B-
E07231,S0885,C051,SEM001,D
E07232,S0712,C054,SEM006,A
E07233,S0640,C102,SEM005,B+
E07234,S0934,C064,SEM004,C+
E07235,S0510,C052,SEM006,B+
E07236,S0943,C023,SEM007,B
E07237,S0710,C074,SEM002,C+
E07238,S0442,C021,SEM005,B
E07239,S0416,C032,SEM002,C
E07240,S0064,C069,SEM001,A-
E07241,S0654,C032,SEM005,C+
E07242,S0064,C137,SEM004,D
E07243,S0392,C019,SEM005,B
E07244,S0748,C013,SEM006,B+
E07245,S0626,C009,SEM007,B+
E07246,S0508,C050,SEM005,A
E07247,S0519,C025,SEM004,B-
E07248,S0370,C078,SEM007,C-
E07249,S0558,C011,SEM005,B-
E07250,S0771,C038,SEM008,B
E07251,S0913,C119,SEM002,B+
E07252,S0545,C081,SEM008,A-
E07253,S0772,C082,SEM002,B+
E07254,S0600,C126,SEM008,B
E07255,S0964,C132,SEM005,C
E07256,S0471,C009,SEM008,C-
E07257,S0858,C028,SEM006,D
E07258,S0480,C088,SEM002,B-
E07259,S0420,C027,SEM004,B-
E07260,S0455,C038,SEM003,B+
E07261,S0778,C012,SEM002,B+
E07262,S0495,C096,SEM004,C+
E07263,S0985,C038,SEM007,B
E07264,S0366,C106,SEM003,A
E07265,S0382,C026,SEM007,C+
E07266,S0456,C049,SEM007,B+
E07267,S0466,C017,SEM002,B
E07268,S0016,C054,SEM001,B+
E07269,S0822,C090,SEM004,B
E07270,S0121,C128,SEM002,B+
E07271,S0177,C072,SEM001,C-
E07272,S0767,C050,SEM005,B
E07273,S0225,C077,SEM005,D
E07274,S0431,C010,SEM001,B+
E07275,S0503,C046,SEM004,B-
E07276,S0203,C004,SEM003,B-
E07277,S0251,C066,SEM005,B
E07278,S0739,C080,SEM006,A
E07279,S0646,C021,SEM003,B+
E07280,S0474,C037,SEM008,B+
E07281,S0405,C006,SEM008,B
E07282,S0058,C102,SEM005,B+
E07283,S0586,C025,SEM002,C
E07284,S0622,C080,SEM005,B+
E07285,S0939,C084,SEM008,D
E07286,S0457,C077,SEM007,B-
E07287,S0712,C028,SEM001,B-
E07288,S0616,C024,SEM008,A
E07289,S0517,C068,SEM003,A
E07290,S0957,C096,SEM001,B+
E07291,S0166,C074,SEM005,C
E07292,S0397,C108,SEM006,B
E07293,S0390,C064,SEM003,B
E07294,S0447,C065,SEM007,B+
E07295,S0206,C135,SEM008,B
E07296,S0057,C019,SEM005,C
E07297,S0412,C013,SEM002,B-
E07298,S0791,C134,SEM001,B
E07299,S0796,C020,SEM006,A
E07300,S0347,C083,SEM005,B
E07301,S0380,C014,SEM007,B+
E07302,S0965,C035,SEM007,B+
E07303,S0793,C041,SEM006,A-
E07304,S0796,C026,SEM002,B+
E07305,S0515,C027,SEM007,B
E07306,S0073,C035,SEM006,B
E07307,S0868,C010,SEM008,C+
E07308,S0674,C072,SEM004,B-
E07309,S0212,C081,SEM006,B-
E07310,S0035,C016,SEM007,C
E07311,S0699,C122,SEM007,B-
E07312,S0707,C070,SEM006,A-
E07313,S0873,C029,SEM006,B
E07314,S0960,C039,SEM005,C
E07315,S0031,C018,SEM006,C+
E07316,S0235,C028,SEM006,A
E07317,S0632,C023,SEM006,C
E07318,S0839,C022,SEM002,C+
E07319,S0142,C010,SEM008,B+
E07320,S0977,C033,SEM005,D
E07321,S0515,C088,SEM003,B
E07322,S0827,C103,SEM001,B
E07323,S0074,C106,SEM008,A-
E07324,S0500,C028,SEM002,D
E07325,S0997,C005,SEM007,B+
E07326,S0234,C006,SEM005,A-
E07327,S0604,C018,SEM008,B+
E07328,S0695,C006,SEM003,F
E07329,S0367,C045,SEM005,C+
E07330,S0479,C024,SEM006,C+
E07331,S0655,C111,SEM008,A
E07332,S0137,C021,SEM004,B-
E07333,S0718,C040,SEM003,A-
E07334,S0382,C010,SEM002,C
E07335,S0567,C067,SEM005,B
E07336,S0349,C026,SEM001,C+
E07337,S0349,C034,SEM001,B
E07338,S0955,C026,SEM001,B
E07339,S0428,C114,SEM008,B+
E07340,S0622,C074,SEM003,B
E07341,S0750,C039,SEM008,B
E07342,S0712,C088,SEM005,C+
E07343,S0915,C041,SEM005,C+
E07344,S0766,C078,SEM002,B+
E07345,S0857,C006,SEM005,C+
E07346,S0403,C110,SEM007,C
E07347,S0115,C006,SEM008,C
E07348,S0638,C020,SEM006,B+
E07349,S0790,C095,SEM004,B-
E07350,S0678,C124,SEM006,B+
E07351,S0304,C132,SEM007,B+
E07352,S0033,C086,SEM007,A-
E07353,S0535,C017,SEM002,A
E07354,S0010,C113,SEM004,C+
E07355,S0537,C035,SEM008,D
E07356,S0953,C039,SEM005,A-
E07357,S0662,C008,SEM005,B
E07358,S0161,C081,SEM004,A
E07359,S0992,C017,SEM002,F
E07360,S0457,C010,SEM006,A-
E07361,S0365,C074,SEM002,A-
E07362,S0498,C010,SEM008,B
E07363,S0117,C012,SEM006,C-
E07364,S0860,C054,SEM005,B
E07365,S0360,C116,SEM006,D
E07366,S0440,C027,SEM002,C
E07367,S0297,C091,SEM002,B+
E07368,S0165,C018,SEM007,B
E07369,S0850,C095,SEM003,B
E07370,S0185,C020,SEM001,B
E07371,S0426,C083,SEM002,B
E07372,S0928,C063,SEM004,B-
E07373,S0754,C061,SEM001,B
E07374,S0696,C045,SEM005,B-
E07375,S0750,C011,SEM003,A-
E07376,S0802,C027,SEM006,B+
E07377,S0055,C023,SEM002,A-
E07378,S0062,C103,SEM004,B
E07379,S0590,C138,SEM004,B
E07380,S0556,C010,SEM005,B
E07381,S0534,C113,SEM001,B+
E07382,S0064,C016,SEM003,A-
E07383,S0942,C053,SEM003,B+
E07384,S0813,C066,SEM007,B
E07385,S0010,C033,SEM001,C
E07386,S0756,C048,SEM005,C
E07387,S0225,C012,SEM005,A-
E07388,S0775,C015,SEM004,C
E07389,S0967,C060,SEM003,A
E07390,S0436,C021,SEM003,A
E07391,S0047,C123,SEM008,B
E07392,S0671,C084,SEM003,C+
E07393,S0408,C058,SEM001,B+
E07394,S0153,C010,SEM002,D
E07395,S0319,C071,SEM008,B-
E07396,S0390,C021,SEM005,C
E07397,S0851,C038,SEM005,B
E07398,S0321,C061,SEM007,B
E07399,S0864,C051,SEM003,C+
E07400,S0261,C012,SEM008,C+
E07401,S0730,C005,SEM002,B+
E07402,S0664,C060,SEM007,B+
E07403,S0561,C080,SEM007,B
E07404,S0944,C139,SEM008,B+
E07405,S0942,C099,SEM006,A
E07406,S0755,C041,SEM005,B
E07407,S0540,C049,SEM005,C-
E07408,S0406,C131,SEM004,C+
E07409,S0463,C105,SEM001,B+
E07410,S0093,C128,SEM006,A-
E07411,S0304,C072,SEM008,B
E07412,S0236,C134,SEM007,B-
E07413,S0317,C065,SEM001,B+
E07414,S0238,C003,SEM008,A
E07415,S0146,C062,SEM006,C-
E07416,S0066,C082,SEM005,D
E07417,S0904,C005,SEM003,B
E07418,S0906,C092,SEM004,B+
E07419,S0175,C051,SEM007,C
E07420,S0249,C029,SEM006,B+
E07421,S0453,C084,SEM002,B+
E07422,S0372,C013,SEM001,A-
E07423,S0666,C077,SEM004,C-
E07424,S0110,C003,SEM008,B
E07425,S0468,C047,SEM005,B-
E07426,S0136,C103,SEM004,B
E07427,S0241,C089,SEM004,B+
E07428,S0208,C033,SEM002,D
E07429,S0293,C068,SEM008,B
E07430,S0107,C039,SEM002,B
E07431,S0029,C098,SEM005,D
E07432,S0679,C044,SEM008,B+
E07433,S0398,C025,SEM006,B-
E07434,S0580,C026,SEM007,B-
E07435,S0242,C018,SEM004,B-
E07436,S0225,C001,SEM006,F
E07437,S0411,C103,SEM007,A-
E07438,S0132,C043,SEM003,B+
E07439,S0489,C072,SEM008,B+
E07440,S0524,C066,SEM005,C+
E07441,S0747,C040,SEM002,B-
E07442,S0887,C008,SEM006,B
E07443,S0093,C027,SEM001,B
E07444,S0624,C014,SEM004,B
E07445,S0228,C104,SEM002,F
E07446,S0813,C137,SEM006,F
E07447,S0896,C019,SEM001,B-
E07448,S0674,C088,SEM003,A-
E07449,S0055,C098,SEM005,A-
E07450,S0527,C039,SEM001,B
E07451,S0202,C069,SEM004,B
E07452,S0443,C014,SEM002,F
E07453,S0172,C025,SEM008,B
E07454,S0870,C025,SEM005,C+
E07455,S0816,C066,SEM002,A-
E07456,S0551,C008,SEM006,B+
E07457,S0467,C066,SEM005,B+
E07458,S0591,C012,SEM003,B
E07459,S0092,C005,SEM008,B-
E07460,S0817,C035,SEM001,A-
E07461,S0785,C055,SEM004,A
E07462,S0229,C050,SEM003,C-
E07463,S0145,C022,SEM006,A
E07464,S0896,C046,SEM006,B
E07465,S0527,C040,SEM002,C+
E07466,S0556,C015,SEM006,B
E07467,S0782,C085,SEM003,C-
E07468,S0771,C102,SEM006,C
E07469,S0391,C018,SEM002,C
E07470,S0980,C013,SEM004,B
E07471,S0677,C078,SEM008,B+
E07472,S0329,C084,SEM002,B+
E07473,S0912,C004,SEM003,B-
E07474,S0413,C075,SEM001,B
E07475,S0883,C005,SEM004,B
E07476,S0773,C061,SEM005,A-
E07477,S0060,C019,SEM002,D
E07478,S0770,C002,SEM006,B+
E07479,S0905,C033,SEM002,A-
E07480,S0884,C078,SEM004,B+
E07481,S0306,C090,SEM003,B+
E07482,S0945,C098,SEM006,B+
E07483,S0299,C065,SEM008,B+
E07484,S0548,C058,SEM007,B+
E07485,S0359,C007,SEM005,B-
E07486,S0658,C065,SEM002,B-
E07487,S0416,C075,SEM008,B
E07488,S0931,C009,SEM008,A
E07489,S0142,C092,SEM001,B+
E07490,S0708,C030,SEM006,B
E07491,S0214,C074,SEM008,B
E07492,S0410,C135,SEM006,D
E07493,S0396,C109,SEM001,B
E07494,S0409,C029,SEM001,B
E07495,S0504,C004,SEM007,B
E07496,S0946,C073,SEM005,B+
E07497,S0999,C052,SEM004,B-
E07498,S0407,C055,SEM007,C
E07499,S0001,C013,SEM006,B+
E07500,S0856,C134,SEM008,B
E07501,S0564,C014,SEM003,A
E07502,S0312,C016,SEM005,B
E07503,S0917,C046,SEM001,C
E07504,S0032,C064,SEM006,B
E07505,S0958,C008,SEM006,B
E07506,S0104,C074,SEM002,A-
E07507,S0634,C050,SEM004,B
E07508,S0670,C003,SEM007,C+
E07509,S0979,C023,SEM004,A-
E07510,S0682,C057,SEM003,C+
E07511,S0907,C124,SEM004,B
E07512,S0796,C141,SEM001,B+
E07513,S0182,C079,SEM004,B
E07514,S0643,C143,SEM006,C+
E07515,S0305,C027,SEM005,F
E07516,S0864,C108,SEM006,B
E07517,S0001,C051,SEM005,A
E07518,S0408,C130,SEM005,B-
E07519,S0343,C045,SEM002,C-
E07520,S0420,C075,SEM007,C
E07521,S0430,C064,SEM007,C+
E07522,S0498,C128,SEM001,C+
E07523,S0401,C088,SEM006,B-
E07524,S0684,C039,SEM004,B
E07525,S0865,C032,SEM008,C-
E07526,S0895,C003,SEM005,B+
E07527,S0316,C047,SEM004,A-
E07528,S0124,C001,SEM001,B-
E07529,S0053,C097,SEM001,A-
E07530,S0563,C011,SEM008,B+
E07531,S0429,C038,SEM005,B
E07532,S0385,C071,SEM007,B+
E07533,S0600,C101,SEM008,A-
E07534,S0967,C099,SEM001,C
E07535,S0804,C141,SEM004,C+
E07536,S0188,C061,SEM004,C+
E07537,S0557,C107,SEM002,D
E07538,S0857,C126,SEM008,B
E07539,S0419,C009,SEM004,F
E07540,S0371,C082,SEM003,B-
E07541,S0339,C011,SEM001,A
E07542,S0710,C113,SEM004,B
E07543,S0153,C044,SEM007,B+
E07544,S0290,C097,SEM001,B+
E07545,S0080,C075,SEM002,B+
E07546,S0570,C046,SEM008,C+
E07547,S0930,C055,SEM004,A-
E07548,S0992,C033,SEM005,B
E07549,S0487,C145,SEM008,B
E07550,S0516,C077,SEM006,B
E07551,S0423,C136,SEM007,A
E07552,S0286,C070,SEM001,C
E07553,S0255,C124,SEM001,A
E07554,S0738,C107,SEM007,B-
E07555,S0234,C021,SEM002,B-
E07556,S0476,C139,SEM004,B-
E07557,S0088,C023,SEM004,B
E07558,S0158,C045,SEM002,A
E07559,S0569,C027,SEM007,C-
E07560,S0086,C009,SEM007,B
E07561,S0109,C030,SEM003,A-
E07562,S0772,C026,SEM005,A-
E07563,S0549,C040,SEM001,C
E07564,S0193,C016,SEM005,A
E07565,S0395,C147,SEM006,C+
E07566,S0106,C055,SEM006,B
E07567,S0283,C102,SEM006,B+
E07568,S0069,C060,SEM006,C+
E07569,S0961,C006,SEM006,B-
E07570,S0875,C048,SEM003,C-
E07571,S0299,C050,SEM001,A
E07572,S0294,C086,SEM004,B-
E07573,S0316,C118,SEM003,B+
E07574,S0746,C121,SEM004,C+
E07575,S0624,C021,SEM006,B
E07576,S0886,C141,SEM001,B-
E07577,S0527,C005,SEM003,B
E07578,S0616,C101,SEM008,A-
E07579,S0591,C004,SEM004,B
E07580,S0571,C059,SEM004,B-
E07581,S0047,C064,SEM006,C+
E07582,S0311,C012,SEM004,C+
E07583,S0096,C026,SEM002,C+
E07584,S0827,C002,SEM007,A
E07585,S0407,C030,SEM001,C
E07586,S0393,C063,SEM008,C+
E07587,S0193,C003,SEM002,B+
E07588,S0489,C034,SEM004,B
E07589,S0991,C028,SEM007,B+
E07590,S0475,C120,SEM002,B-
E07591,S0216,C086,SEM007,B
E07592,S0682,C050,SEM003,B
E07593,S0161,C026,SEM005,B-
E07594,S0116,C133,SEM003,B+
E07595,S0784,C005,SEM005,D
E07596,S0165,C049,SEM008,D
E07597,S0269,C002,SEM003,A-
E07598,S0686,C135,SEM005,D
E07599,S0716,C046,SEM002,A-
E07600,S0064,C113,SEM003,B
E07601,S0982,C023,SEM001,B
E07602,S0852,C045,SEM007,A-
E07603,S0685,C035,SEM004,B
E07604,S0561,C137,SEM001,B+
E07605,S0998,C105,SEM003,B+
E07606,S0826,C029,SEM003,A-
E07607,S0265,C112,SEM001,A
E07608,S0678,C140,SEM004,C+
E07609,S0208,C012,SEM003,C+
E07610,S0924,C112,SEM005,B
E07611,S0697,C062,SEM003,C
E07612,S0140,C018,SEM006,B-
E07613,S0082,C070,SEM006,A-
E07614,S0321,C104,SEM002,B
E07615,S0594,C036,SEM006,B+
E07616,S0360,C043,SEM006,B-
E07617,S0815,C063,SEM003,B+
E07618,S0011,C106,SEM005,B+
E07619,S0413,C056,SEM006,B
E07620,S0948,C008,SEM002,B-
E07621,S0454,C038,SEM001,B
E07622,S0358,C021,SEM002,B
E07623,S0345,C001,SEM002,C
E07624,S0991,C038,SEM007,B
E07625,S0243,C039,SEM006,C
E07626,S0887,C040,SEM008,C
E07627,S0687,C018,SEM004,B
E07628,S0951,C103,SEM001,A
E07629,S0783,C089,SEM006,D
E07630,S0335,C004,SEM003,B+
E07631,S0774,C065,SEM004,C+
E07632,S0539,C050,SEM005,B
E07633,S0670,C097,SEM002,B+
E07634,S0187,C020,SEM002,B+
E07635,S0897,C082,SEM007,A-
E07636,S0074,C144,SEM001,C-
E07637,S0890,C007,SEM003,B-
E07638,S0060,C054,SEM007,A-
E07639,S0555,C047,SEM007,A
E07640,S0344,C003,SEM003,A-
E07641,S0094,C021,SEM003,B-
E07642,S0308,C091,SEM003,B
E07643,S0395,C077,SEM004,B
E07644,S0766,C093,SEM003,B+
E07645,S0336,C099,SEM001,B+
E07646,S0780,C035,SEM004,C-
E07647,S0260,C071,SEM001,B
E07648,S0024,C044,SEM005,B
E07649,S0141,C081,SEM006,B-
E07650,S0923,C081,SEM004,A
E07651,S0059,C049,SEM003,C+
E07652,S0798,C105,SEM004,F
E07653,S0727,C004,SEM001,B
E07654,S0591,C082,SEM002,B+
E07655,S0816,C032,SEM004,C+
E07656,S0203,C055,SEM004,A-
E07657,S0408,C045,SEM005,B+
E07658,S0042,C014,SEM002,B
E07659,S0368,C069,SEM001,C+
E07660,S0397,C042,SEM005,A-
E07661,S0163,C103,SEM003,B-
E07662,S0741,C128,SEM006,A-
E07663,S0073,C056,SEM005,B
E07664,S0363,C035,SEM001,B-
E07665,S0511,C052,SEM004,A-
E07666,S0639,C020,SEM002,B-
E07667,S0692,C043,SEM008,C+
E07668,S0067,C041,SEM005,B+
E07669,S0938,C023,SEM002,C
E07670,S0107,C024,SEM008,A
E07671,S0491,C016,SEM005,B+
E07672,S0345,C024,SEM006,A
E07673,S1000,C027,SEM007,A
E07674,S0074,C062,SEM005,B
E07675,S0895,C003,SEM006,C-
E07676,S0134,C021,SEM008,C+
E07677,S0675,C083,SEM003,B
E07678,S0952,C028,SEM008,B+
E07679,S0372,C116,SEM005,B
E07680,S0039,C110,SEM003,C+
E07681,S0658,C010,SEM001,B+
E07682,S0955,C103,SEM008,B
E07683,S0285,C021,SEM002,B
E07684,S0147,C030,SEM004,B+
E07685,S0053,C019,SEM003,A-
E07686,S0935,C009,SEM004,A-
E07687,S0315,C046,SEM006,B
E07688,S0607,C057,SEM004,C
E07689,S0898,C084,SEM007,B+
E07690,S0532,C053,SEM006,B-
E07691,S0673,C131,SEM001,B-
E07692,S0400,C039,SEM006,B
E07693,S0565,C045,SEM006,F
E07694,S0966,C079,SEM006,A-
E07695,S0769,C031,SEM004,D
E07696,S0107,C044,SEM008,C+
E07697,S0126,C090,SEM001,B
E07698,S0919,C115,SEM004,C-
E07699,S0697,C068,SEM005,F
E07700,S0858,C097,SEM002,B
E07701,S0316,C064,SEM003,A-
E07702,S0349,C011,SEM007,B+
E07703,S0688,C033,SEM007,B-
E07704,S0114,C019,SEM003,C+
E07705,S0492,C061,SEM003,C+
E07706,S0638,C038,SEM006,B-
E07707,S0834,C001,SEM008,A-
E07708,S0597,C096,SEM005,B
E07709,S0519,C039,SEM002,C
E07710,S0220,C107,SEM004,C
E07711,S0519,C084,SEM003,B+
E07712,S0175,C146,SEM001,A-
E07713,S0673,C091,SEM002,B-
E07714,S0235,C058,SEM006,A-
E07715,S0609,C010,SEM002,B
E07716,S0190,C046,SEM006,B
E07717,S0430,C073,SEM002,B
E07718,S0483,C115,SEM003,B
E07719,S0070,C077,SEM004,B
E07720,S0131,C072,SEM001,B
E07721,S0839,C021,SEM006,A-
E07722,S0657,C015,SEM002,B-
E07723,S0323,C013,SEM006,B+
E07724,S0197,C049,SEM008,B-
E07725,S0573,C045,SEM007,B-
E07726,S0751,C138,SEM006,B
E07727,S0272,C044,SEM005,B+
E07728,S0444,C018,SEM002,B+
E07729,S0727,C032,SEM003,B-
E07730,S0607,C042,SEM002,B
E07731,S0785,C011,SEM006,F
E07732,S0664,C016,SEM002,C+
E07733,S0613,C070,SEM007,D
E07734,S0081,C089,SEM007,D
E07735,S0852,C045,SEM005,A-
E07736,S0676,C076,SEM004,A
E07737,S0059,C058,SEM005,F
E07738,S0693,C017,SEM003,B-
E07739,S0786,C030,SEM005,C+
E07740,S0112,C098,SEM005,A-
E07741,S0922,C066,SEM004,B+
E07742,S0888,C001,SEM004,B
E07743,S0335,C018,SEM004,B+
E07744,S0623,C028,SEM006,B
E07745,S0014,C086,SEM001,B-
E07746,S0883,C074,SEM001,B+
E07747,S0185,C066,SEM001,C-
E07748,S0783,C037,SEM008,B-
E07749,S0495,C068,SEM002,C
E07750,S0911,C006,SEM004,B
E07751,S0460,C092,SEM003,B+
E07752,S0813,C096,SEM005,B
E07753,S0665,C018,SEM004,C
E07754,S0045,C026,SEM005,B+
E07755,S0658,C030,SEM005,C-
E07756,S0062,C039,SEM004,B-
E07757,S0447,C029,SEM003,B
E07758,S0567,C006,SEM005,A
E07759,S0037,C065,SEM005,A
E07760,S0005,C015,SEM003,B
E07761,S0039,C028,SEM003,C+
E07762,S0893,C057,SEM007,B+
E07763,S0232,C138,SEM002,C-
E07764,S0804,C005,SEM002,B+
E07765,S0906,C048,SEM005,C
E07766,S0049,C033,SEM002,B-
E07767,S0367,C016,SEM007,C
E07768,S0726,C104,SEM002,B+
E07769,S0098,C070,SEM002,A
E07770,S0845,C017,SEM004,A-
E07771,S0147,C026,SEM003,B
E07772,S0326,C074,SEM005,B
E07773,S0534,C093,SEM006,B+
E07774,S0712,C004,SEM002,B-
E07775,S0313,C037,SEM006,B+
E07776,S0620,C076,SEM002,B
E07777,S0364,C067,SEM008,F
E07778,S0598,C118,SEM004,C+
E07779,S0462,C051,SEM006,B+
E07780,S0990,C049,SEM007,B+
E07781,S0970,C061,SEM005,F
E07782,S0823,C056,SEM001,B-
E07783,S0374,C079,SEM005,B
E07784,S0446,C086,SEM005,A
E07785,S0679,C055,SEM002,B-
E07786,S0020,C007,SEM005,B
E07787,S0293,C134,SEM001,C+
E07788,S0172,C050,SEM001,C
E07789,S0451,C014,SEM004,B+
E07790,S0502,C072,SEM004,B
E07791,S0254,C099,SEM003,B
E07792,S0820,C045,SEM001,C
E07793,S0405,C110,SEM002,B
E07794,S0450,C029,SEM004,B
E07795,S0096,C055,SEM002,A
E07796,S0558,C007,SEM007,C-
E07797,S0364,C019,SEM001,A-
E07798,S0513,C048,SEM005,B+
E07799,S0538,C105,SEM003,B
E07800,S0839,C010,SEM006,C-
E07801,S0303,C103,SEM006,B
E07802,S0781,C002,SEM001,C+
E07803,S0916,C061,SEM003,C+
E07804,S0025,C031,SEM003,C
E07805,S0637,C021,SEM004,B+
E07806,S0635,C027,SEM002,B+
E07807,S0130,C009,SEM007,C+
E07808,S0510,C015,SEM008,A-
E07809,S0624,C062,SEM006,B
E07810,S0735,C065,SEM001,C+
E07811,S0812,C012,SEM007,B+
E07812,S0764,C045,SEM001,B
E07813,S0628,C063,SEM004,B+
E07814,S0093,C040,SEM003,A
E07815,S0434,C053,SEM003,C+
E07816,S0408,C074,SEM007,B
E07817,S0493,C104,SEM001,C
E07818,S0551,C023,SEM003,C-
E07819,S0558,C010,SEM008,C+
E07820,S0871,C014,SEM006,A-
E07821,S0139,C093,SEM008,B-
E07822,S0026,C010,SEM008,A
E07823,S0541,C083,SEM006,B
E07824,S0819,C028,SEM005,A-
E07825,S0973,C078,SEM004,B+
E07826,S0915,C021,SEM008,C
E07827,S0158,C092,SEM004,B+
E07828,S0766,C090,SEM004,B-
E07829,S0914,C086,SEM001,B
E07830,S0227,C043,SEM004,B-
E07831,S0511,C010,SEM001,B+
E07832,S0721,C053,SEM003,B
E07833,S0129,C047,SEM006,C-
E07834,S0994,C041,SEM008,B
E07835,S0722,C043,SEM001,B-
E07836,S0983,C047,SEM002,B
E07837,S0546,C149,SEM008,B
E07838,S0769,C082,SEM005,B+
E07839,S0889,C058,SEM004,A
E07840,S0604,C059,SEM001,A-
E07841,S0101,C026,SEM001,A-
E07842,S0237,C004,SEM008,B
E07843,S0026,C015,SEM007,C
E07844,S0142,C091,SEM004,B-
E07845,S0651,C052,SEM002,A-
E07846,S0328,C005,SEM005,C+
E07847,S0466,C060,SEM006,B
E07848,S0004,C028,SEM007,C+
E07849,S0637,C101,SEM005,A
E07850,S0220,C078,SEM006,C
E07851,S0325,C064,SEM001,B
E07852,S0307,C141,SEM008,C+
E07853,S0030,C084,SEM006,B
E07854,S0506,C075,SEM006,B
E07855,S0208,C076,SEM004,B-
E07856,S0517,C022,SEM003,B
E07857,S0681,C024,SEM003,C+
E07858,S0964,C055,SEM004,B+
E07859,S0130,C003,SEM007,A-
E07860,S0768,C079,SEM006,B
E07861,S0265,C027,SEM001,D
E07862,S0635,C061,SEM006,C
E07863,S0932,C083,SEM008,B
E07864,S0051,C023,SEM004,A-
E07865,S0192,C024,SEM008,B-
E07866,S0217,C067,SEM001,B-
E07867,S0087,C026,SEM001,B
E07868,S0019,C124,SEM008,C+
E07869,S0075,C043,SEM008,C-
E07870,S0844,C003,SEM006,F
E07871,S0909,C037,SEM006,B+
E07872,S0831,C015,SEM008,A-
E07873,S0289,C036,SEM007,B-
E07874,S0369,C002,SEM002,B
E07875,S0645,C082,SEM003,F
E07876,S0679,C056,SEM005,A
E07877,S0841,C010,SEM002,A-
E07878,S0294,C104,SEM008,B
E07879,S0637,C078,SEM002,B-
E07880,S0028,C037,SEM006,A-
E07881,S0410,C027,SEM001,A-
E07882,S0566,C058,SEM006,C+
E07883,S0761,C057,SEM001,B+
E07884,S0790,C057,SEM003,B+
E07885,S0713,C013,SEM004,A-
E07886,S0200,C137,SEM008,B+
E07887,S0186,C027,SEM006,A-
E07888,S0600,C002,SEM005,A-
E07889,S0727,C014,SEM001,B-
E07890,S0798,C072,SEM008,B-
E07891,S0409,C044,SEM006,C
E07892,S0936,C014,SEM003,B
E07893,S0425,C081,SEM004,B
E07894,S0249,C005,SEM008,D
E07895,S0287,C144,SEM004,C
E07896,S0384,C079,SEM008,D
E07897,S0438,C060,SEM004,B-
E07898,S0947,C054,SEM001,B
E07899,S0007,C103,SEM007,C+
E07900,S0543,C004,SEM007,B-
E07901,S0093,C019,SEM003,D
E07902,S0935,C073,SEM002,B
E07903,S0742,C080,SEM003,C
E07904,S0882,C021,SEM005,D
E07905,S0464,C003,SEM001,C-
E07906,S0152,C072,SEM003,B
E07907,S0369,C084,SEM001,B
E07908,S0416,C002,SEM005,A-
E07909,S0386,C059,SEM002,B+
E07910,S0067,C071,SEM003,B-
E07911,S0268,C038,SEM003,B
E07912,S0687,C081,SEM001,B-
E07913,S0034,C073,SEM005,B
E07914,S0421,C006,SEM007,B-
E07915,S0962,C098,SEM001,B-
E07916,S0476,C102,SEM001,B-
E07917,S0324,C016,SEM005,B
E07918,S0214,C028,SEM001,D
E07919,S0251,C022,SEM002,B
E07920,S0983,C005,SEM006,A-
E07921,S0473,C123,SEM004,F
E07922,S0972,C044,SEM002,B
E07923,S0868,C143,SEM008,B-
E07924,S0212,C102,SEM008,A-
E07925,S0714,C002,SEM008,B
E07926,S0107,C062,SEM005,A-
E07927,S0040,C112,SEM007,C
E07928,S0246,C051,SEM008,C
E07929,S0377,C051,SEM004,C+
E07930,S0554,C021,SEM007,B
E07931,S0422,C088,SEM003,C+
E07932,S0025,C025,SEM004,C-
E07933,S0984,C025,SEM003,A
E07934,S0958,C017,SEM008,B-
E07935,S0266,C030,SEM005,B
E07936,S0855,C025,SEM007,C
E07937,S0481,C064,SEM007,B-
E07938,S0635,C028,SEM008,A-
E07939,S0179,C140,SEM002,C+
E07940,S0550,C065,SEM001,B
E07941,S0923,C024,SEM007,B-
E07942,S0222,C018,SEM001,A-
E07943,S0980,C095,SEM004,B-
E07944,S0800,C035,SEM001,B+
E07945,S0162,C033,SEM007,B
E07946,S0085,C016,SEM005,D
E07947,S0920,C002,SEM006,B+
E07948,S0482,C034,SEM003,A-
E07949,S0048,C082,SEM002,B-
E07950,S0221,C103,SEM005,A-
E07951,S0313,C099,SEM001,B-
E07952,S0137,C111,SEM002,A-
E07953,S0683,C011,SEM002,B+
E07954,S0016,C120,SEM005,B
E07955,S0958,C061,SEM001,C+
E07956,S0069,C061,SEM003,A
E07957,S0702,C057,SEM002,B+
E07958,S0135,C071,SEM002,B
E07959,S0334,C045,SEM008,A-
E07960,S0365,C029,SEM003,C-
E07961,S0118,C077,SEM008,C+
E07962,S0722,C015,SEM001,A
E07963,S0459,C082,SEM005,C+
E07964,S0482,C019,SEM004,B
E07965,S0937,C061,SEM008,A
E07966,S0186,C052,SEM005,B
E07967,S0739,C069,SEM007,C
E07968,S0207,C014,SEM004,B-
E07969,S0963,C002,SEM003,B-
E07970,S0332,C050,SEM001,B+
E07971,S0885,C002,SEM005,B
E07972,S0621,C004,SEM002,B
E07973,S0834,C122,SEM008,B-
E07974,S0948,C055,SEM006,C+
E07975,S0741,C002,SEM004,A
E07976,S0458,C001,SEM007,B
E07977,S0142,C012,SEM008,B+
E07978,S0466,C100,SEM005,B-
E07979,S0434,C028,SEM007,B-
E07980,S0037,C011,SEM006,D
E07981,S0433,C079,SEM006,C
E07982,S0388,C063,SEM006,A-
E07983,S0669,C042,SEM003,F
E07984,S0064,C014,SEM006,C
E07985,S0462,C083,SEM006,C-
E07986,S0603,C130,SEM007,A-
E07987,S0829,C011,SEM004,C+
E07988,S0950,C008,SEM002,A-
E07989,S0608,C109,SEM001,F
E07990,S0725,C076,SEM004,C
E07991,S0588,C051,SEM008,B+
E07992,S0757,C068,SEM007,C
E07993,S0965,C125,SEM004,A-
E07994,S0079,C023,SEM001,B+
E07995,S0591,C029,SEM008,B
E07996,S0103,C004,SEM001,A
E07997,S0898,C064,SEM004,B+
E07998,S0179,C067,SEM003,C-
E07999,S0654,C001,SEM007,B
E08000,S0735,C071,SEM005,B+
E08001,S0925,C008,SEM001,A-
E08002,S0382,C136,SEM001,B
E08003,S0994,C056,SEM002,B+
E08004,S0196,C066,SEM003,B
E08005,S0986,C094,SEM006,B
E08006,S0409,C049,SEM002,A
E08007,S0924,C009,SEM002,A-
E08008,S0520,C084,SEM004,A-
E08009,S0561,C013,SEM001,B-
E08010,S0961,C047,SEM006,A
E08011,S0551,C134,SEM004,C-
E08012,S0765,C019,SEM004,A-
E08013,S0066,C091,SEM004,C
E08014,S0814,C111,SEM005,B
E08015,S0804,C095,SEM004,C-
E08016,S0934,C029,SEM001,B
E08017,S0121,C056,SEM003,B+
E08018,S0390,C025,SEM004,B
E08019,S0945,C063,SEM001,C+
E08020,S0215,C098,SEM007,B+
E08021,S0745,C005,SEM007,B+
E08022,S0398,C036,SEM008,B-
E08023,S0823,C126,SEM007,B-
E08024,S0566,C015,SEM008,A-
E08025,S0071,C065,SEM008,A-
E08026,S0137,C068,SEM006,B
E08027,S0139,C034,SEM003,B+
E08028,S0108,C079,SEM001,B+
E08029,S0612,C093,SEM007,B
E08030,S0663,C059,SEM002,B
E08031,S0752,C019,SEM008,B
E08032,S0907,C029,SEM005,C
E08033,S0701,C068,SEM002,C-
E08034,S0387,C018,SEM004,A
E08035,S0088,C099,SEM003,B-
E08036,S0007,C016,SEM003,B-
E08037,S0808,C001,SEM004,A-
E08038,S0742,C085,SEM003,B+
E08039,S0583,C115,SEM003,C+
E08040,S0143,C010,SEM004,A-
E08041,S0640,C075,SEM004,F
E08042,S0474,C012,SEM003,B+
E08043,S0600,C005,SEM007,A
E08044,S0935,C123,SEM004,C+
E08045,S0828,C015,SEM004,B
E08046,S0331,C088,SEM001,B+
E08047,S0874,C131,SEM004,C+
E08048,S0984,C108,SEM008,B+
E08049,S0940,C084,SEM004,A-
E08050,S0699,C020,SEM006,F
E08051,S0998,C069,SEM008,C-
E08052,S0081,C068,SEM007,B
E08053,S0666,C021,SEM005,B
E08054,S0700,C087,SEM006,A-
E08055,S0848,C079,SEM008,B-
E08056,S0900,C103,SEM008,B
E08057,S0821,C008,SEM007,A
E08058,S0022,C009,SEM001,B-
E08059,S0999,C033,SEM008,A
E08060,S0156,C007,SEM006,C-
E08061,S0264,C101,SEM005,C
E08062,S0814,C075,SEM007,C+
E08063,S0428,C054,SEM001,B
E08064,S0526,C064,SEM003,C-
E08065,S0123,C083,SEM006,B
E08066,S0046,C015,SEM001,B
E08067,S0459,C132,SEM001,B
E08068,S0451,C054,SEM006,B+
E08069,S0460,C034,SEM006,B
E08070,S0871,C011,SEM006,B-
E08071,S0224,C054,SEM004,B
E08072,S0173,C079,SEM005,B+
E08073,S0395,C008,SEM002,C+
E08074,S0130,C029,SEM006,B
E08075,S0113,C115,SEM007,C+
E08076,S0934,C070,SEM001,D
E08077,S0569,C070,SEM007,F
E08078,S0917,C033,SEM002,B+
E08079,S0198,C043,SEM006,B+
E08080,S0901,C049,SEM002,B+
E08081,S0555,C002,SEM003,D
E08082,S0072,C057,SEM002,C
E08083,S0468,C001,SEM003,B
E08084,S0513,C052,SEM002,D
E08085,S0573,C001,SEM001,D
E08086,S0619,C022,SEM008,C+
E08087,S0131,C038,SEM002,B+
E08088,S0862,C008,SEM001,A-
E08089,S0474,C004,SEM004,A-
E08090,S0576,C061,SEM002,B-
E08091,S0365,C025,SEM004,A-
E08092,S0076,C006,SEM001,C-
E08093,S0983,C051,SEM002,C+
E08094,S0800,C082,SEM006,F
E08095,S0789,C026,SEM004,A-
E08096,S0838,C006,SEM003,C
E08097,S0243,C115,SEM001,B+
E08098,S0550,C087,SEM007,D
E08099,S0135,C004,SEM006,C+
E08100,S0684,C054,SEM001,C-
E08101,S0185,C007,SEM006,B-
E08102,S0230,C113,SEM002,B+
E08103,S0836,C073,SEM003,B+
E08104,S0480,C107,SEM008,B
E08105,S0164,C032,SEM003,B
E08106,S0279,C026,SEM006,A
E08107,S0954,C061,SEM003,B
E08108,S0869,C092,SEM004,B
E08109,S0543,C021,SEM002,B
E08110,S0637,C086,SEM006,C
E08111,S0588,C079,SEM008,B-
E08112,S0079,C127,SEM001,B-
E08113,S0611,C054,SEM006,B
E08114,S0121,C020,SEM007,B-
E08115,S0595,C012,SEM002,B
E08116,S0949,C077,SEM007,B
E08117,S0466,C092,SEM005,C+
E08118,S0813,C051,SEM002,C-
E08119,S0769,C002,SEM004,B-
E08120,S0960,C101,SEM001,C+
E08121,S0017,C099,SEM006,F
E08122,S0636,C039,SEM006,C-
E08123,S0964,C075,SEM004,A-
E08124,S0227,C127,SEM002,B+
E08125,S0540,C118,SEM003,B-
E08126,S0068,C029,SEM007,B
E08127,S0961,C026,SEM004,B+
E08128,S0937,C024,SEM002,C-
E08129,S0446,C015,SEM005,B+
E08130,S0385,C101,SEM001,C
E08131,S0079,C027,SEM001,B-
E08132,S0818,C072,SEM005,B+
E08133,S0582,C001,SEM007,C-
E08134,S0062,C001,SEM002,C
E08135,S0556,C077,SEM004,C+
E08136,S0264,C035,SEM002,B
E08137,S0629,C140,SEM007,A-
E08138,S0463,C049,SEM005,C+
E08139,S0075,C010,SEM006,B+
E08140,S0712,C065,SEM003,B-
E08141,S0544,C026,SEM001,C+
E08142,S0124,C042,SEM007,B
E08143,S0552,C080,SEM006,C+
E08144,S0245,C112,SEM007,B
E08145,S0242,C094,SEM003,C
E08146,S0928,C019,SEM005,C-
E08147,S0546,C083,SEM001,C
E08148,S0287,C060,SEM001,A-
E08149,S0080,C099,SEM007,B
E08150,S0679,C080,SEM007,B+
E08151,S0332,C050,SEM007,A
E08152,S0885,C028,SEM008,D
E08153,S0969,C132,SEM005,B
E08154,S0474,C006,SEM008,B
E08155,S0515,C018,SEM008,B-
E08156,S0418,C042,SEM001,C
E08157,S0244,C017,SEM001,B+
E08158,S0569,C071,SEM008,B
E08159,S0875,C142,SEM002,A
E08160,S0406,C028,SEM008,B+
E08161,S0899,C091,SEM007,A-
E08162,S0803,C072,SEM004,A-
E08163,S0373,C077,SEM002,B
E08164,S0564,C079,SEM008,C-
E08165,S0947,C076,SEM004,B
E08166,S0626,C021,SEM002,B+
E08167,S0624,C036,SEM007,B-
E08168,S0589,C024,SEM003,A
E08169,S0805,C093,SEM008,A-
E08170,S0754,C028,SEM006,B-
E08171,S0061,C023,SEM005,B-
E08172,S0760,C058,SEM004,B+
E08173,S0606,C007,SEM006,B+
E08174,S0169,C072,SEM007,B+
E08175,S0295,C020,SEM006,B
E08176,S0860,C009,SEM004,C
E08177,S0735,C084,SEM007,A
E08178,S0884,C090,SEM003,A-
E08179,S0694,C147,SEM006,B
E08180,S0540,C050,SEM006,B
E08181,S1000,C078,SEM003,B-
E08182,S0180,C014,SEM008,B+
E08183,S0544,C058,SEM007,A-
E08184,S0323,C059,SEM007,B-
E08185,S0569,C007,SEM008,B-
E08186,S0756,C048,SEM004,B
E08187,S0603,C067,SEM006,B+
E08188,S0178,C002,SEM002,B+
E08189,S0432,C039,SEM004,B
E08190,S0719,C049,SEM003,A
E08191,S0022,C054,SEM007,B
E08192,S0129,C072,SEM003,B
E08193,S0866,C038,SEM001,A-
E08194,S0355,C027,SEM008,B
E08195,S0269,C103,SEM001,B
E08196,S0508,C128,SEM005,B
E08197,S0784,C051,SEM002,B-
E08198,S0114,C007,SEM007,C+
E08199,S0787,C035,SEM006,B
E08200,S0314,C097,SEM006,B-
E08201,S0829,C078,SEM005,B
E08202,S0311,C055,SEM003,C+
E08203,S0852,C079,SEM004,B
E08204,S0916,C056,SEM002,C
E08205,S0941,C033,SEM006,C-
E08206,S0287,C016,SEM006,F
E08207,S0573,C138,SEM005,C-
E08208,S0522,C045,SEM004,B
E08209,S0299,C073,SEM006,B+
E08210,S0474,C101,SEM008,A
E08211,S0723,C109,SEM003,C
E08212,S0070,C080,SEM005,A
E08213,S0905,C138,SEM004,F
E08214,S0893,C015,SEM006,C-
E08215,S0654,C011,SEM001,A
E08216,S0949,C084,SEM003,B+
E08217,S0445,C053,SEM001,B+
E08218,S0721,C050,SEM002,A
E08219,S0454,C008,SEM001,B
E08220,S0499,C103,SEM002,B+
E08221,S0359,C048,SEM001,C-
E08222,S0343,C010,SEM005,B+
E08223,S0135,C065,SEM006,B
E08224,S0872,C100,SEM005,A
E08225,S0498,C131,SEM005,A
E08226,S0624,C090,SEM005,D
E08227,S0566,C032,SEM003,B+
E08228,S0191,C025,SEM001,B-
E08229,S0102,C025,SEM005,B-
E08230,S0158,C092,SEM005,B
E08231,S0422,C002,SEM003,C-
E08232,S0682,C071,SEM004,B
E08233,S0889,C062,SEM008,A-
E08234,S0793,C043,SEM005,A
E08235,S0390,C016,SEM008,C+
E08236,S0810,C008,SEM008,B
E08237,S0770,C017,SEM008,B
E08238,S0065,C045,SEM005,C
E08239,S0160,C113,SEM007,B-
E08240,S0216,C063,SEM008,B
E08241,S0069,C006,SEM007,A-
E08242,S0061,C003,SEM008,A-
E08243,S0941,C066,SEM006,B
E08244,S0157,C042,SEM008,B+
E08245,S0960,C038,SEM007,B-
E08246,S0956,C063,SEM005,B-
E08247,S0210,C029,SEM008,C+
E08248,S0752,C092,SEM001,B-
E08249,S0639,C037,SEM001,B+
E08250,S0529,C004,SEM001,B-
E08251,S0176,C070,SEM007,C+
E08252,S0179,C110,SEM008,B
E08253,S0701,C020,SEM002,B
E08254,S0532,C146,SEM005,B
E08255,S0646,C068,SEM005,B
E08256,S0855,C030,SEM004,B
E08257,S0770,C015,SEM005,C
E08258,S0656,C123,SEM005,A-
E08259,S0757,C010,SEM006,B
E08260,S0151,C088,SEM004,A
E08261,S0883,C029,SEM004,C-
E08262,S0992,C055,SEM004,B
E08263,S0362,C019,SEM005,B-
E08264,S0485,C147,SEM005,B-
E08265,S0917,C080,SEM001,B
E08266,S0078,C020,SEM008,B
E08267,S0564,C067,SEM004,C
E08268,S0077,C077,SEM008,B
E08269,S0390,C068,SEM007,A-
E08270,S0640,C018,SEM003,F
E08271,S0727,C082,SEM008,A
E08272,S0011,C028,SEM005,B
E08273,S0465,C019,SEM006,F
E08274,S0956,C045,SEM006,C+
E08275,S0122,C069,SEM005,C+
E08276,S0575,C062,SEM008,B
E08277,S0633,C002,SEM008,A-
E08278,S0664,C110,SEM004,B+
E08279,S0739,C016,SEM002,B
E08280,S0025,C049,SEM002,C
E08281,S0100,C072,SEM007,C
E08282,S0003,C025,SEM006,B-
E08283,S0287,C003,SEM002,B
E08284,S0049,C059,SEM002,B+
E08285,S0646,C057,SEM005,C
E08286,S0130,C058,SEM007,B
E08287,S0818,C073,SEM003,A
E08288,S0754,C017,SEM007,C+
E08289,S0785,C028,SEM006,B
E08290,S0812,C081,SEM001,C
E08291,S0593,C075,SEM005,A
E08292,S0938,C061,SEM006,A
E08293,S0833,C093,SEM007,B-
E08294,S0426,C008,SEM002,B+
E08295,S0366,C026,SEM005,B-
E08296,S0931,C063,SEM001,D
E08297,S0875,C035,SEM003,A-
E08298,S0750,C085,SEM005,B+
E08299,S0237,C054,SEM001,C
E08300,S0529,C141,SEM006,C-
E08301,S0581,C074,SEM003,B+
E08302,S0545,C064,SEM005,B
E08303,S0090,C003,SEM003,B-
E08304,S0295,C064,SEM003,B
E08305,S0754,C042,SEM001,A-
E08306,S0029,C074,SEM007,B
E08307,S0071,C074,SEM008,B
E08308,S0234,C074,SEM004,B-
E08309,S0488,C073,SEM006,B
E08310,S0231,C127,SEM002,B-
E08311,S0076,C034,SEM004,A-
E08312,S0774,C028,SEM008,B
E08313,S0728,C031,SEM006,A-
E08314,S0199,C048,SEM006,C+
E08315,S0726,C026,SEM007,B+
E08316,S0085,C026,SEM008,C-
E08317,S0951,C023,SEM003,B-
E08318,S0560,C053,SEM003,B-
E08319,S0116,C084,SEM005,D
E08320,S0027,C084,SEM005,C-
E08321,S0049,C083,SEM008,B
E08322,S0358,C126,SEM003,B
E08323,S0348,C022,SEM002,C-
E08324,S0810,C106,SEM004,B
E08325,S0272,C064,SEM004,B+
E08326,S0341,C139,SEM007,D
E08327,S0099,C019,SEM008,A
E08328,S0902,C032,SEM002,B
E08329,S0830,C071,SEM006,B+
E08330,S0335,C038,SEM007,B+
E08331,S0841,C011,SEM003,B
E08332,S0990,C013,SEM005,A
E08333,S0500,C004,SEM008,B
E08334,S0620,C135,SEM008,B+
E08335,S0125,C084,SEM005,B
E08336,S0433,C081,SEM006,D
E08337,S0181,C039,SEM003,B-
E08338,S0232,C008,SEM002,B
E08339,S0038,C086,SEM004,B
E08340,S0796,C058,SEM003,B
E08341,S0183,C025,SEM007,B
E08342,S0990,C054,SEM005,B-
E08343,S0209,C082,SEM007,B+
E08344,S0216,C097,SEM004,A-
E08345,S0323,C008,SEM003,B-
E08346,S0752,C026,SEM007,B
E08347,S0194,C024,SEM008,B
E08348,S0001,C007,SEM006,B
E08349,S0847,C025,SEM005,B-
E08350,S0809,C115,SEM005,A-
E08351,S0713,C096,SEM006,B
E08352,S0516,C046,SEM005,F
E08353,S0990,C019,SEM007,B-
E08354,S0098,C048,SEM005,A-
E08355,S0059,C026,SEM005,B
E08356,S0985,C049,SEM005,B-
E08357,S0133,C084,SEM004,C
E08358,S0813,C078,SEM006,A-
E08359,S0387,C032,SEM007,B+
E08360,S0616,C056,SEM001,B-
E08361,S0225,C045,SEM002,C
E08362,S0686,C022,SEM004,B+
E08363,S0654,C018,SEM004,A-
E08364,S0977,C009,SEM005,B+
E08365,S0819,C055,SEM001,B
E08366,S0856,C028,SEM002,D
E08367,S0938,C015,SEM005,C+
E08368,S0413,C016,SEM004,B+
E08369,S0448,C037,SEM004,C-
E08370,S0415,C028,SEM001,A-
E08371,S0834,C087,SEM004,F
E08372,S0871,C045,SEM005,A
E08373,S0719,C094,SEM002,A
E08374,S0774,C021,SEM002,B
E08375,S0604,C014,SEM003,F
E08376,S0035,C093,SEM003,B
E08377,S0368,C125,SEM005,C
E08378,S0047,C049,SEM006,A
E08379,S0208,C009,SEM004,D
E08380,S0041,C031,SEM007,F
E08381,S0214,C031,SEM006,F
E08382,S0275,C041,SEM004,F
E08383,S0193,C032,SEM002,B+
E08384,S0023,C006,SEM005,B+
E08385,S0015,C034,SEM008,A-
E08386,S0915,C018,SEM001,C
E08387,S0914,C054,SEM003,B
E08388,S0056,C141,SEM005,B
E08389,S0075,C092,SEM006,B+
E08390,S0278,C037,SEM003,B+
E08391,S0192,C085,SEM007,B
E08392,S0977,C035,SEM006,B-
E08393,S0310,C044,SEM004,B-
E08394,S0925,C003,SEM001,D
E08395,S0995,C005,SEM002,B
E08396,S0580,C031,SEM007,B
E08397,S0587,C069,SEM004,A-
E08398,S0392,C046,SEM006,B+
E08399,S0221,C008,SEM005,B
E08400,S0329,C021,SEM004,B-
E08401,S0930,C004,SEM002,B+
E08402,S0855,C115,SEM001,A-
E08403,S0299,C065,SEM001,A
E08404,S0854,C008,SEM001,B
E08405,S0370,C002,SEM002,A
E08406,S0079,C028,SEM001,B-
E08407,S0971,C047,SEM008,B-
E08408,S0438,C104,SEM006,A
E08409,S0342,C114,SEM002,B
E08410,S0671,C032,SEM004,C-
E08411,S0397,C065,SEM005,A-
E08412,S0764,C049,SEM001,B+
E08413,S0035,C103,SEM008,B+
E08414,S0200,C002,SEM008,A
E08415,S0935,C024,SEM001,B
E08416,S0341,C060,SEM006,C-
E08417,S0748,C138,SEM005,B-
E08418,S0797,C101,SEM003,B
E08419,S0318,C035,SEM001,A-
E08420,S0514,C039,SEM007,C
E08421,S0654,C028,SEM003,A-
E08422,S0246,C047,SEM002,B
E08423,S0564,C017,SEM005,B+
E08424,S0187,C078,SEM005,B
E08425,S0765,C062,SEM007,C+
E08426,S0513,C073,SEM005,A-
E08427,S0562,C091,SEM003,A-
E08428,S0362,C112,SEM001,B
E08429,S0268,C069,SEM003,A-
E08430,S0516,C011,SEM004,B+
E08431,S0477,C086,SEM001,B+
E08432,S0412,C069,SEM007,C+
E08433,S0862,C063,SEM001,B+
E08434,S0825,C006,SEM007,C+
E08435,S0737,C070,SEM008,D
E08436,S0134,C032,SEM003,B+
E08437,S0463,C042,SEM006,B-
E08438,S0149,C010,SEM007,B
E08439,S0354,C030,SEM004,B-
E08440,S0928,C055,SEM002,D
E08441,S0535,C010,SEM007,C+
E08442,S0330,C011,SEM006,C-
E08443,S0198,C002,SEM001,B+
E08444,S0201,C048,SEM002,C+
E08445,S0074,C102,SEM003,B+
E08446,S0618,C126,SEM001,B+
E08447,S0330,C026,SEM008,B
E08448,S0956,C023,SEM002,B-
E08449,S0183,C007,SEM002,B+
E08450,S0244,C028,SEM005,C
E08451,S0317,C060,SEM001,C+
E08452,S0221,C081,SEM008,B
E08453,S0199,C002,SEM007,A-
E08454,S0458,C139,SEM005,C+
E08455,S0856,C133,SEM004,B
E08456,S0869,C028,SEM002,D
E08457,S0108,C065,SEM001,C-
E08458,S0416,C036,SEM002,B-
E08459,S0029,C034,SEM004,A
E08460,S0168,C028,SEM005,C+
E08461,S0911,C082,SEM005,A-
E08462,S0624,C036,SEM004,F
E08463,S0038,C004,SEM003,B-
E08464,S0511,C011,SEM001,B+
E08465,S0292,C002,SEM002,B
E08466,S0070,C003,SEM008,A
E08467,S0534,C024,SEM004,F
E08468,S0589,C052,SEM003,C+
E08469,S0127,C034,SEM006,C+
E08470,S0799,C038,SEM004,C
E08471,S0843,C076,SEM001,B+
E08472,S0013,C029,SEM003,B-
E08473,S0217,C029,SEM002,B
E08474,S0031,C066,SEM002,B-
E08475,S0252,C128,SEM001,C
E08476,S0746,C011,SEM003,B-
E08477,S0957,C050,SEM004,A-
E08478,S0356,C092,SEM008,B+
E08479,S0314,C015,SEM008,C
E08480,S0521,C028,SEM006,F
E08481,S0616,C057,SEM001,B-
E08482,S0532,C056,SEM008,A-
E08483,S0767,C131,SEM002,B+
E08484,S0254,C013,SEM004,B-
E08485,S0724,C078,SEM005,C
E08486,S0353,C124,SEM004,B+
E08487,S0667,C004,SEM003,C-
E08488,S0178,C011,SEM007,B
E08489,S0524,C125,SEM006,B+
E08490,S0186,C015,SEM008,B-
E08491,S0744,C036,SEM004,C
E08492,S0421,C058,SEM003,A
E08493,S0249,C089,SEM004,C+
E08494,S0499,C059,SEM007,D
E08495,S0863,C121,SEM005,B-
E08496,S0355,C145,SEM005,C
E08497,S0473,C067,SEM006,C-
E08498,S0983,C081,SEM001,B
E08499,S0468,C014,SEM008,C
E08500,S0132,C067,SEM002,B
E08501,S0468,C074,SEM002,B
E08502,S0895,C051,SEM007,B-
E08503,S0142,C027,SEM007,B-
E08504,S0467,C014,SEM007,B+
E08505,S0951,C036,SEM001,B+
E08506,S0353,C095,SEM007,D
E08507,S0964,C044,SEM007,A
E08508,S0350,C038,SEM004,A
E08509,S0101,C129,SEM006,B
E08510,S0843,C007,SEM005,F
E08511,S0589,C047,SEM004,A
E08512,S0064,C129,SEM008,C-
E08513,S0071,C018,SEM007,B
E08514,S0148,C096,SEM001,A-
E08515,S0967,C098,SEM003,C
E08516,S0833,C058,SEM003,B+
E08517,S0466,C036,SEM004,F
E08518,S0787,C096,SEM005,B
E08519,S0113,C042,SEM002,B+
E08520,S0365,C103,SEM008,A-
E08521,S0931,C016,SEM006,C+
E08522,S0875,C027,SEM006,B
E08523,S0922,C074,SEM005,C+
E08524,S0228,C072,SEM001,B
E08525,S0682,C120,SEM008,B
E08526,S0011,C030,SEM003,B
E08527,S0844,C085,SEM007,F
E08528,S0995,C057,SEM008,A-
E08529,S0449,C086,SEM004,C-
E08530,S0217,C097,SEM008,B
E08531,S0825,C002,SEM003,C-
E08532,S0159,C047,SEM002,B
E08533,S0882,C089,SEM004,B
E08534,S0479,C005,SEM008,B-
E08535,S0347,C025,SEM007,A-
E08536,S0994,C026,SEM003,C-
E08537,S0054,C025,SEM008,B+
E08538,S0081,C088,SEM006,B
E08539,S0937,C028,SEM001,C-
E08540,S0362,C049,SEM004,B-
E08541,S0434,C061,SEM005,B
E08542,S0564,C019,SEM004,B+
E08543,S0402,C008,SEM006,A
E08544,S0017,C022,SEM004,A-
E08545,S0673,C054,SEM004,C-
E08546,S0607,C023,SEM005,B+
E08547,S0772,C066,SEM002,B
E08548,S0700,C034,SEM006,C+
E08549,S0512,C044,SEM008,B+
E08550,S0908,C141,SEM004,C
E08551,S0764,C028,SEM003,B-
E08552,S0878,C026,SEM003,B
E08553,S0951,C002,SEM001,B-
E08554,S0429,C051,SEM007,B
E08555,S0551,C122,SEM003,B-
E08556,S0325,C128,SEM008,B
E08557,S0029,C059,SEM008,C
E08558,S0570,C020,SEM007,C+
E08559,S0639,C052,SEM001,B
E08560,S0021,C061,SEM007,B-
E08561,S0987,C095,SEM007,B-
E08562,S0587,C011,SEM003,A
E08563,S0353,C031,SEM001,B-
E08564,S0661,C012,SEM005,A-
E08565,S0808,C032,SEM002,B
E08566,S0628,C082,SEM001,D
E08567,S0758,C034,SEM004,C+
E08568,S0917,C046,SEM004,B
E08569,S0230,C064,SEM006,B-
E08570,S0220,C068,SEM001,A
E08571,S0540,C043,SEM007,F
E08572,S0212,C035,SEM005,A
E08573,S0887,C057,SEM001,B-
E08574,S0737,C079,SEM006,B-
E08575,S0194,C005,SEM006,A-
E08576,S0089,C019,SEM007,C+
E08577,S0996,C021,SEM005,F
E08578,S0331,C018,SEM003,B-
E08579,S0369,C079,SEM008,C
E08580,S0508,C010,SEM008,A
E08581,S0001,C014,SEM002,B
E08582,S0145,C025,SEM002,B+
E08583,S0697,C028,SEM001,B-
E08584,S0974,C118,SEM007,B-
E08585,S0062,C001,SEM003,B
E08586,S0420,C018,SEM008,A-
E08587,S0598,C040,SEM007,C+
E08588,S0207,C107,SEM002,A
E08589,S0816,C009,SEM002,A
E08590,S0317,C084,SEM007,B
E08591,S0559,C090,SEM003,B-
E08592,S0482,C011,SEM002,B+
E08593,S0014,C018,SEM006,A-
E08594,S0537,C045,SEM005,B+
E08595,S0553,C073,SEM001,A-
E08596,S0992,C067,SEM004,B+
E08597,S0225,C105,SEM006,A-
E08598,S0431,C058,SEM008,B
E08599,S0369,C031,SEM005,A-
E08600,S0982,C074,SEM008,B
E08601,S0245,C009,SEM003,A-
E08602,S0180,C010,SEM004,B+
E08603,S0037,C059,SEM006,B
E08604,S0513,C098,SEM003,B-
E08605,S0576,C043,SEM003,B+
E08606,S0685,C025,SEM003,B-
E08607,S0838,C051,SEM003,B
E08608,S0458,C124,SEM001,A-
E08609,S0307,C115,SEM007,A-
E08610,S0009,C061,SEM006,B
E08611,S0479,C005,SEM002,F
E08612,S0622,C063,SEM001,B
E08613,S0719,C084,SEM008,B+
E08614,S0817,C075,SEM006,B-
E08615,S0457,C068,SEM004,C
E08616,S0483,C042,SEM003,B
E08617,S0163,C063,SEM003,B-
E08618,S0538,C032,SEM002,B+
E08619,S0632,C030,SEM003,A-
E08620,S0655,C058,SEM008,A-
E08621,S0326,C030,SEM005,A-
E08622,S0083,C069,SEM003,F
E08623,S0728,C025,SEM003,B
E08624,S0306,C079,SEM006,B-
E08625,S0852,C033,SEM001,B+
E08626,S0115,C019,SEM007,A-
E08627,S0426,C016,SEM005,B-
E08628,S0495,C064,SEM002,B-
E08629,S0122,C031,SEM008,A-
E08630,S0285,C046,SEM002,B
E08631,S0048,C114,SEM002,A-
E08632,S0396,C031,SEM003,C
E08633,S0187,C032,SEM001,A-
E08634,S0293,C043,SEM004,A-
E08635,S0146,C081,SEM005,C+
E08636,S0978,C021,SEM007,C-
E08637,S0680,C012,SEM007,B-
E08638,S0327,C054,SEM006,B-
E08639,S0077,C146,SEM006,C
E08640,S0835,C059,SEM005,A-
E08641,S0364,C033,SEM002,B
E08642,S0431,C025,SEM007,B
E08643,S0600,C070,SEM003,B
E08644,S0170,C128,SEM007,C-
E08645,S0020,C049,SEM006,C
E08646,S0823,C058,SEM007,C
E08647,S0989,C097,SEM004,B-
E08648,S0340,C128,SEM005,B-
E08649,S0479,C067,SEM004,B-
E08650,S0057,C006,SEM006,A-
E08651,S0104,C054,SEM006,B+
E08652,S0379,C007,SEM006,B+
E08653,S0634,C074,SEM005,C
E08654,S0439,C024,SEM002,B
E08655,S0740,C011,SEM005,B-
E08656,S0135,C042,SEM004,B
E08657,S0235,C036,SEM004,B
E08658,S0896,C055,SEM006,A
E08659,S0505,C063,SEM005,A
E08660,S0966,C003,SEM003,B+
E08661,S0163,C051,SEM005,A-
E08662,S0357,C066,SEM008,B+
E08663,S0998,C038,SEM005,C
E08664,S0599,C103,SEM003,B-
E08665,S0144,C030,SEM005,B
E08666,S0766,C006,SEM002,B+
E08667,S0097,C022,SEM006,B
E08668,S0886,C021,SEM006,B+
E08669,S0998,C131,SEM001,B+
E08670,S0980,C079,SEM006,B
E08671,S0378,C004,SEM006,C
E08672,S0495,C094,SEM001,A
E08673,S0876,C033,SEM006,B+
E08674,S0062,C101,SEM001,B-
E08675,S0209,C031,SEM006,B+
E08676,S0067,C009,SEM007,B
E08677,S0833,C005,SEM005,C
E08678,S0144,C046,SEM008,F
E08679,S0349,C054,SEM004,C
E08680,S0782,C004,SEM004,F
E08681,S0267,C133,SEM007,A
E08682,S0983,C006,SEM001,B-
E08683,S0986,C057,SEM002,F
E08684,S0981,C072,SEM007,C-
E08685,S0326,C066,SEM006,C-
E08686,S0140,C058,SEM008,C+
E08687,S0811,C090,SEM005,A
E08688,S0854,C036,SEM008,C
E08689,S0752,C107,SEM005,B+
E08690,S0626,C051,SEM005,A-
E08691,S0554,C001,SEM008,B-
E08692,S0194,C014,SEM005,C
E08693,S0754,C039,SEM006,D
E08694,S0892,C018,SEM007,B-
E08695,S0197,C039,SEM005,B-
E08696,S0300,C113,SEM003,A
E08697,S0797,C054,SEM002,B
E08698,S0060,C026,SEM005,B
E08699,S0872,C116,SEM004,F
E08700,S0236,C077,SEM003,B+
E08701,S0316,C054,SEM004,A
E08702,S0029,C017,SEM006,B-
E08703,S0292,C098,SEM004,C
E08704,S0952,C033,SEM001,B
E08705,S0727,C042,SEM002,D
E08706,S0626,C041,SEM001,C
E08707,S0612,C095,SEM008,A-
E08708,S0194,C032,SEM002,B+
E08709,S0199,C034,SEM002,A
E08710,S0482,C019,SEM005,B
E08711,S0035,C149,SEM007,B+
E08712,S0178,C100,SEM007,C
E08713,S0158,C145,SEM006,C
E08714,S0887,C004,SEM007,B+
E08715,S0128,C073,SEM004,C+
E08716,S0657,C065,SEM002,A
E08717,S0468,C060,SEM001,C
E08718,S0483,C135,SEM003,C+
E08719,S0303,C078,SEM006,C
E08720,S0002,C005,SEM006,A
E08721,S0958,C053,SEM001,A-
E08722,S0006,C066,SEM006,C+
E08723,S0747,C054,SEM006,B
E08724,S0111,C023,SEM002,B+
E08725,S0636,C084,SEM003,B
E08726,S0215,C035,SEM007,C
E08727,S0715,C095,SEM005,C-
E08728,S0464,C023,SEM008,B-
E08729,S0113,C085,SEM005,C-
E08730,S0575,C006,SEM005,C+
E08731,S0051,C093,SEM004,A-
E08732,S0369,C101,SEM007,A
E08733,S0477,C076,SEM001,B
E08734,S0957,C071,SEM001,C
E08735,S0211,C113,SEM008,C
E08736,S0242,C015,SEM004,C-
E08737,S0861,C111,SEM002,C
E08738,S0387,C003,SEM006,B
E08739,S0943,C099,SEM003,C
E08740,S0780,C061,SEM001,B-
E08741,S0946,C015,SEM006,A
E08742,S0383,C022,SEM005,B
E08743,S0209,C124,SEM002,B+
E08744,S0780,C009,SEM003,A
E08745,S0633,C103,SEM002,D
E08746,S0569,C066,SEM003,C-
E08747,S0797,C009,SEM007,C+
E08748,S0271,C074,SEM005,A
E08749,S0575,C051,SEM004,B
E08750,S0892,C066,SEM001,B
E08751,S0696,C110,SEM005,C+
E08752,S0177,C031,SEM006,B-
E08753,S0236,C009,SEM008,A-
E08754,S0005,C005,SEM006,C+
E08755,S0633,C117,SEM004,C
E08756,S0378,C016,SEM001,B-
E08757,S0721,C040,SEM004,A-
E08758,S0125,C014,SEM002,C+
E08759,S0399,C119,SEM007,B+
E08760,S0878,C012,SEM004,C+
E08761,S0926,C030,SEM008,B-
E08762,S0746,C016,SEM007,B
E08763,S0593,C067,SEM007,B
E08764,S0689,C093,SEM004,C-
E08765,S0206,C050,SEM006,B
E08766,S0958,C120,SEM001,C+
E08767,S0234,C134,SEM008,B-
E08768,S0606,C135,SEM008,B+
E08769,S0696,C107,SEM006,D
E08770,S0598,C052,SEM007,B
E08771,S0130,C072,SEM001,A-
E08772,S0706,C007,SEM004,B-
E08773,S0650,C068,SEM004,A-
E08774,S0632,C123,SEM006,B
E08775,S0159,C070,SEM004,D
E08776,S0665,C025,SEM005,B+
E08777,S0507,C041,SEM005,B
E08778,S0621,C092,SEM003,B
E08779,S0249,C019,SEM007,C+
E08780,S0228,C102,SEM001,A-
E08781,S0143,C067,SEM004,C
E08782,S0319,C038,SEM001,B
E08783,S0901,C058,SEM004,A-
E08784,S0177,C048,SEM008,D
E08785,S0330,C062,SEM003,B+
E08786,S0863,C085,SEM002,A-
E08787,S0558,C107,SEM003,C+
E08788,S0974,C045,SEM002,B
E08789,S0780,C083,SEM001,B-
E08790,S0276,C010,SEM004,C-
E08791,S0123,C017,SEM002,B
E08792,S0371,C008,SEM004,B
E08793,S0774,C131,SEM004,B-
E08794,S0641,C021,SEM007,C-
E08795,S0570,C006,SEM002,D
E08796,S0433,C046,SEM001,B+
E08797,S0030,C011,SEM001,B+
E08798,S0984,C048,SEM006,B+
E08799,S0554,C003,SEM003,A
E08800,S0486,C110,SEM006,A
E08801,S0405,C033,SEM008,B-
E08802,S0287,C081,SEM008,B-
E08803,S0540,C036,SEM007,D
E08804,S0238,C087,SEM006,A-
E08805,S0860,C072,SEM007,B-
E08806,S0555,C081,SEM008,B-
E08807,S0725,C041,SEM005,B
E08808,S0808,C001,SEM005,B
E08809,S0670,C009,SEM005,A
E08810,S0849,C055,SEM005,A-
E08811,S0816,C005,SEM005,B-
E08812,S0564,C054,SEM002,B-
E08813,S0986,C050,SEM003,B-
E08814,S0088,C068,SEM004,A-
E08815,S0276,C043,SEM004,B+
E08816,S0522,C104,SEM005,B+
E08817,S0242,C044,SEM006,C+
E08818,S0968,C061,SEM007,A-
E08819,S0286,C031,SEM007,B-
E08820,S0462,C021,SEM008,A
E08821,S0149,C025,SEM007,C+
E08822,S0185,C011,SEM008,B+
E08823,S0551,C134,SEM004,B
E08824,S0097,C118,SEM001,B
E08825,S0406,C056,SEM005,A-
E08826,S0100,C030,SEM007,B
E08827,S0274,C011,SEM004,B
E08828,S0867,C012,SEM003,B
E08829,S0148,C060,SEM008,A-
E08830,S0461,C141,SEM007,B-
E08831,S0255,C027,SEM003,B
E08832,S0491,C049,SEM002,B+
E08833,S0795,C015,SEM001,B
E08834,S0830,C125,SEM005,C+
E08835,S0650,C016,SEM007,B
E08836,S0564,C102,SEM002,A-
E08837,S0452,C093,SEM003,B+
E08838,S0905,C117,SEM002,A-
E08839,S0323,C107,SEM008,C
E08840,S0052,C107,SEM005,B+
E08841,S0126,C070,SEM001,B+
E08842,S0553,C111,SEM003,A
E08843,S0423,C071,SEM005,B
E08844,S0451,C032,SEM004,C+
E08845,S0143,C116,SEM005,C+
E08846,S0934,C141,SEM001,A
E08847,S0958,C084,SEM005,C+
E08848,S0447,C070,SEM001,C-
E08849,S0023,C031,SEM007,B+
E08850,S0787,C049,SEM004,D
E08851,S0849,C071,SEM007,C+
E08852,S0822,C098,SEM003,A-
E08853,S0186,C124,SEM002,A-
E08854,S0244,C032,SEM003,A-
E08855,S0804,C079,SEM007,B
E08856,S0173,C097,SEM003,A-
E08857,S0541,C001,SEM003,A-
E08858,S0912,C125,SEM001,C-
E08859,S0418,C076,SEM007,B-
E08860,S0263,C071,SEM002,B
E08861,S0226,C002,SEM002,B
E08862,S0951,C072,SEM003,A
E08863,S0601,C048,SEM006,B
E08864,S0448,C128,SEM006,B
E08865,S0231,C022,SEM001,A-
E08866,S0833,C005,SEM001,B-
E08867,S0922,C033,SEM002,B
E08868,S0114,C048,SEM008,B+
E08869,S0516,C029,SEM008,B
E08870,S0325,C037,SEM006,B+
E08871,S0849,C066,SEM004,C+
E08872,S0875,C051,SEM004,C
E08873,S0574,C078,SEM003,A
E08874,S0756,C006,SEM007,C+
E08875,S0192,C020,SEM001,A
E08876,S0658,C098,SEM007,B+
E08877,S0918,C007,SEM007,B-
E08878,S0359,C013,SEM005,C-
E08879,S0367,C028,SEM002,B-
E08880,S0412,C027,SEM002,B-
E08881,S0051,C013,SEM005,B+
E08882,S0941,C110,SEM002,B+
E08883,S0433,C025,SEM006,C-
E08884,S0661,C029,SEM001,B-
E08885,S0265,C061,SEM007,A-
E08886,S0635,C107,SEM008,B-
E08887,S0504,C008,SEM004,B
E08888,S0024,C045,SEM004,B+
E08889,S0778,C115,SEM008,B
E08890,S0599,C023,SEM007,C
E08891,S0955,C102,SEM003,B+
E08892,S0898,C005,SEM004,B+
E08893,S0006,C047,SEM004,B
E08894,S0442,C114,SEM005,A-
E08895,S0576,C123,SEM004,B-
E08896,S0392,C011,SEM001,A-
E08897,S0373,C110,SEM008,B+
E08898,S0896,C025,SEM003,C-
E08899,S0608,C003,SEM008,B-
E08900,S0156,C082,SEM002,A-
E08901,S0457,C030,SEM006,B
E08902,S0281,C062,SEM006,B-
E08903,S0343,C089,SEM008,A-
E08904,S0072,C005,SEM002,A
E08905,S0335,C052,SEM005,B
E08906,S0631,C025,SEM003,B+
E08907,S0946,C057,SEM001,B-
E08908,S0999,C045,SEM005,B-
E08909,S0163,C081,SEM002,B-
E08910,S0228,C036,SEM004,B+
E08911,S0330,C001,SEM005,C
E08912,S0500,C009,SEM005,C+
E08913,S0357,C047,SEM006,B+
E08914,S0469,C064,SEM001,B
E08915,S0202,C113,SEM002,A
E08916,S0808,C102,SEM002,A
E08917,S0272,C057,SEM002,A-
E08918,S0854,C083,SEM001,C+
E08919,S0485,C131,SEM006,C
E08920,S0809,C027,SEM008,A-
E08921,S0723,C031,SEM003,C-
E08922,S0162,C105,SEM003,A
E08923,S0235,C132,SEM001,A-
E08924,S0726,C077,SEM002,C-
E08925,S0073,C043,SEM008,A-
E08926,S0638,C073,SEM006,A
E08927,S0871,C018,SEM007,F
E08928,S0102,C046,SEM001,A-
E08929,S0797,C026,SEM005,B+
E08930,S0299,C094,SEM002,B-
E08931,S0245,C144,SEM007,C-
E08932,S0538,C028,SEM002,C-
E08933,S0182,C029,SEM008,A-
E08934,S0202,C106,SEM003,B
E08935,S0527,C002,SEM007,B-
E08936,S0977,C046,SEM005,C
E08937,S0218,C112,SEM002,B
E08938,S0876,C090,SEM001,C+
E08939,S0514,C049,SEM005,D
E08940,S0143,C001,SEM001,B+
E08941,S0137,C022,SEM004,A-
E08942,S0715,C042,SEM006,C+
E08943,S0746,C082,SEM006,B-
E08944,S0979,C002,SEM006,A
E08945,S0047,C059,SEM004,D
E08946,S0625,C086,SEM008,B+
E08947,S0162,C062,SEM007,D
E08948,S0200,C054,SEM004,B
E08949,S0605,C028,SEM007,A-
E08950,S0032,C044,SEM005,B
E08951,S0810,C100,SEM004,C+
E08952,S0433,C058,SEM003,A-
E08953,S0144,C079,SEM001,B-
E08954,S0599,C007,SEM003,A
E08955,S0293,C044,SEM001,B
E08956,S0657,C113,SEM006,C+
E08957,S0650,C132,SEM002,D
E08958,S0117,C111,SEM004,B+
E08959,S0029,C071,SEM007,B+
E08960,S0089,C051,SEM002,B
E08961,S0090,C055,SEM003,B
E08962,S0794,C025,SEM005,A-
E08963,S0327,C033,SEM007,C+
E08964,S0869,C039,SEM008,B-
E08965,S0332,C119,SEM002,C+
E08966,S0429,C009,SEM008,B
E08967,S0952,C064,SEM002,B
E08968,S0556,C016,SEM004,C-
E08969,S0109,C004,SEM001,B+
E08970,S0645,C141,SEM003,B-
E08971,S0239,C007,SEM001,B
E08972,S0837,C028,SEM002,D
E08973,S0618,C047,SEM008,B-
E08974,S0944,C065,SEM005,B
E08975,S0401,C021,SEM005,C+
E08976,S0982,C056,SEM007,A-
E08977,S0707,C055,SEM008,B
E08978,S0028,C061,SEM007,B
E08979,S0529,C016,SEM007,C-
E08980,S0878,C013,SEM002,B-
E08981,S0588,C047,SEM003,B+
E08982,S0310,C059,SEM004,A-
E08983,S0668,C013,SEM004,C+
E08984,S0303,C043,SEM005,B
E08985,S0695,C057,SEM003,B-
E08986,S0705,C024,SEM003,A-
E08987,S0594,C051,SEM008,B+
E08988,S0632,C116,SEM007,B+
E08989,S0333,C072,SEM007,B
E08990,S0198,C053,SEM006,B+
E08991,S0348,C119,SEM005,C
E08992,S0374,C100,SEM004,B
E08993,S0470,C038,SEM005,B+
E08994,S0453,C006,SEM001,B
E08995,S0915,C076,SEM001,B
E08996,S0637,C096,SEM007,C+
E08997,S0077,C024,SEM006,B-
E08998,S0533,C075,SEM003,C+
E08999,S0246,C127,SEM004,A-
E09000,S0939,C054,SEM005,C
E09001,S0464,C082,SEM001,A
E09002,S0031,C087,SEM006,B
E09003,S0115,C137,SEM006,A
E09004,S0170,C071,SEM001,B
E09005,S0767,C120,SEM006,C+
E09006,S0021,C027,SEM008,C+
E09007,S0311,C117,SEM007,B-
E09008,S0717,C066,SEM003,C+
E09009,S0965,C070,SEM005,B
E09010,S0417,C030,SEM002,B-
E09011,S0760,C016,SEM006,B+
E09012,S0172,C101,SEM006,C-
E09013,S0367,C065,SEM004,A
E09014,S0613,C066,SEM006,B+
E09015,S0113,C050,SEM006,D
E09016,S0476,C092,SEM003,A
E09017,S0960,C002,SEM001,B
E09018,S0314,C004,SEM007,A-
E09019,S0388,C090,SEM006,B+
E09020,S0830,C028,SEM004,C
E09021,S0051,C105,SEM008,B
E09022,S0324,C031,SEM005,A-
E09023,S0862,C027,SEM004,B+
E09024,S0647,C016,SEM007,A
E09025,S0575,C101,SEM002,F
E09026,S0232,C037,SEM003,A-
E09027,S0954,C128,SEM004,B
E09028,S0971,C042,SEM007,B+
E09029,S0255,C043,SEM008,F
E09030,S0356,C022,SEM004,D
E09031,S0504,C142,SEM001,C
E09032,S0035,C030,SEM008,A-
E09033,S0639,C079,SEM004,B
E09034,S0641,C112,SEM007,B
E09035,S0419,C055,SEM001,B
E09036,S0370,C125,SEM004,B
E09037,S0617,C059,SEM008,A
E09038,S0021,C031,SEM005,B-
E09039,S0846,C121,SEM008,A
E09040,S0816,C047,SEM008,B+
E09041,S0222,C005,SEM008,C+
E09042,S0816,C057,SEM006,B-
E09043,S0598,C091,SEM001,C+
E09044,S0598,C060,SEM003,B
E09045,S0373,C035,SEM004,C+
E09046,S0786,C139,SEM002,A-
E09047,S0757,C072,SEM008,C-
E09048,S0278,C009,SEM004,B-
E09049,S0490,C088,SEM008,B-
E09050,S0893,C098,SEM006,B+
E09051,S0085,C086,SEM007,A
E09052,S0796,C098,SEM001,B-
E09053,S0221,C063,SEM003,B
E09054,S0762,C047,SEM005,B+
E09055,S0321,C038,SEM006,C-
E09056,S0393,C071,SEM001,A
E09057,S0286,C023,SEM007,A-
E09058,S0409,C001,SEM005,D
E09059,S0517,C120,SEM008,C
E09060,S0398,C062,SEM002,C
E09061,S0372,C019,SEM008,A-
E09062,S0779,C032,SEM003,B-
E09063,S0802,C011,SEM004,B-
E09064,S0223,C120,SEM004,C+
E09065,S0935,C057,SEM002,B
E09066,S0329,C003,SEM005,B
E09067,S0841,C044,SEM007,D
E09068,S0871,C024,SEM005,B+
E09069,S0319,C037,SEM005,C
E09070,S0682,C038,SEM004,B-
E09071,S0273,C043,SEM006,A-
E09072,S0216,C075,SEM005,A
E09073,S0981,C098,SEM003,D
E09074,S0833,C004,SEM004,C+
E09075,S0163,C105,SEM005,B
E09076,S0823,C076,SEM005,B
E09077,S0121,C061,SEM002,C+
E09078,S0856,C012,SEM002,C+
E09079,S0127,C113,SEM006,B+
E09080,S0072,C003,SEM003,B+
E09081,S0790,C083,SEM007,B-
E09082,S0064,C020,SEM005,B+
E09083,S0769,C057,SEM004,B+
E09084,S0822,C060,SEM008,B-
E09085,S0421,C049,SEM003,B+
E09086,S0958,C110,SEM003,B+
E09087,S0679,C045,SEM004,D
E09088,S0947,C005,SEM008,B-
E09089,S0987,C080,SEM007,B+
E09090,S0125,C040,SEM004,B
E09091,S0689,C067,SEM007,B+
E09092,S0280,C034,SEM001,B-
E09093,S0531,C136,SEM005,B-
E09094,S0159,C093,SEM004,B-
E09095,S0831,C045,SEM001,C+
E09096,S0062,C006,SEM003,C+
E09097,S0781,C094,SEM008,C-
E09098,S0531,C119,SEM001,A
E09099,S0818,C080,SEM004,B
E09100,S0698,C050,SEM001,B+
E09101,S0517,C034,SEM008,C
E09102,S0054,C065,SEM007,C+
E09103,S0345,C063,SEM002,B
E09104,S0200,C077,SEM004,B-
E09105,S0167,C031,SEM006,A
E09106,S0141,C066,SEM006,C-
E09107,S0327,C034,SEM001,B
E09108,S0535,C096,SEM003,B-
E09109,S0825,C058,SEM002,C
E09110,S0804,C028,SEM001,B
E09111,S0193,C065,SEM008,B
E09112,S0127,C040,SEM008,B
E09113,S0786,C011,SEM006,D
E09114,S0793,C020,SEM002,A
E09115,S0417,C005,SEM002,C+
E09116,S0728,C137,SEM006,C
E09117,S0190,C082,SEM004,A
E09118,S0241,C009,SEM001,A-
E09119,S0027,C006,SEM004,B+
E09120,S0298,C025,SEM006,C+
E09121,S0085,C107,SEM006,B-
E09122,S0775,C012,SEM003,D
E09123,S0557,C016,SEM006,B-
E09124,S0302,C046,SEM005,B
E09125,S0027,C015,SEM003,B-
E09126,S0885,C098,SEM007,B+
E09127,S0210,C137,SEM002,B+
E09128,S0905,C093,SEM004,B+
E09129,S0476,C090,SEM003,B+
E09130,S0010,C026,SEM001,C
E09131,S0941,C056,SEM001,B
E09132,S0904,C095,SEM001,B
E09133,S0917,C026,SEM003,C
E09134,S0846,C078,SEM001,C
E09135,S0171,C050,SEM002,F
E09136,S0819,C099,SEM004,B
E09137,S0357,C061,SEM003,A-
E09138,S0078,C078,SEM008,A
E09139,S0640,C083,SEM004,B-
E09140,S0163,C087,SEM001,B
E09141,S0802,C082,SEM002,A-
E09142,S0866,C018,SEM002,B-
E09143,S0671,C050,SEM007,C+
E09144,S0222,C035,SEM003,A-
E09145,S0464,C121,SEM002,B+
E09146,S0922,C076,SEM002,D
E09147,S0253,C111,SEM001,B-
E09148,S0476,C016,SEM006,B
E09149,S0033,C006,SEM006,B
E09150,S0114,C101,SEM005,B+
E09151,S0094,C024,SEM003,B-
E09152,S0721,C053,SEM006,B+
E09153,S0063,C135,SEM005,B
E09154,S0348,C029,SEM004,B
E09155,S0956,C049,SEM002,C-
E09156,S0560,C084,SEM003,B+
E09157,S0620,C022,SEM002,A-
E09158,S0106,C074,SEM004,C-
E09159,S0839,C063,SEM002,A
E09160,S0571,C002,SEM001,A
E09161,S0105,C029,SEM005,B
E09162,S0286,C080,SEM004,B
E09163,S0638,C007,SEM007,B
E09164,S0854,C032,SEM003,B-
E09165,S0344,C129,SEM006,A-
E09166,S0760,C054,SEM008,B-
E09167,S0785,C043,SEM008,B-
E09168,S0389,C006,SEM004,C+
E09169,S0800,C001,SEM001,C
E09170,S0459,C076,SEM004,C
E09171,S0541,C053,SEM001,B
E09172,S0886,C093,SEM002,C
E09173,S0555,C023,SEM006,C
E09174,S0800,C032,SEM003,F
E09175,S0244,C005,SEM003,C+
E09176,S0591,C001,SEM005,F
E09177,S0313,C052,SEM006,A
E09178,S0490,C106,SEM002,C
E09179,S0010,C104,SEM008,A
E09180,S0854,C053,SEM008,B
E09181,S0710,C056,SEM004,B
E09182,S0049,C044,SEM008,A
E09183,S0004,C028,SEM008,C
E09184,S0091,C025,SEM008,B+
E09185,S0853,C006,SEM007,C
E09186,S0819,C009,SEM007,B-
E09187,S0369,C033,SEM003,B-
E09188,S0271,C120,SEM002,B
E09189,S0601,C098,SEM002,A
E09190,S0414,C080,SEM004,B
E09191,S0760,C034,SEM008,B
E09192,S0763,C132,SEM005,C+
E09193,S0748,C103,SEM001,A-
E09194,S0700,C025,SEM002,B-
E09195,S0398,C005,SEM005,C
E09196,S0329,C075,SEM006,B
E09197,S0401,C078,SEM002,A-
E09198,S0738,C018,SEM003,B
E09199,S0225,C038,SEM008,A
E09200,S0574,C028,SEM003,B
E09201,S0573,C083,SEM001,C+
E09202,S0041,C004,SEM001,B+
E09203,S0230,C003,SEM003,B
E09204,S0628,C024,SEM001,B-
E09205,S0083,C116,SEM008,B
E09206,S0873,C077,SEM003,A-
E09207,S0572,C001,SEM008,F
E09208,S0053,C080,SEM005,B
E09209,S0760,C002,SEM007,C+
E09210,S0194,C043,SEM002,B
E09211,S0158,C097,SEM001,C
E09212,S0137,C059,SEM002,C+
E09213,S0715,C119,SEM007,C-
E09214,S0320,C024,SEM008,C+
E09215,S0584,C079,SEM006,A
E09216,S0504,C089,SEM003,C
E09217,S0334,C093,SEM005,B
E09218,S0369,C111,SEM001,B+
E09219,S0396,C119,SEM004,C
E09220,S0327,C002,SEM008,C+
E09221,S0181,C083,SEM008,F
E09222,S0518,C028,SEM001,A-
E09223,S0532,C036,SEM003,B-
E09224,S0614,C014,SEM005,B+
E09225,S0756,C012,SEM008,B+
E09226,S0175,C026,SEM008,A
E09227,S0449,C033,SEM005,A
E09228,S0903,C077,SEM008,C+
E09229,S0194,C107,SEM006,F
E09230,S0421,C075,SEM006,B
E09231,S0246,C063,SEM006,C
E09232,S0896,C084,SEM006,A-
E09233,S0116,C110,SEM005,C
E09234,S0191,C056,SEM004,B+
E09235,S0878,C063,SEM004,C
E09236,S0208,C091,SEM004,B
E09237,S0826,C016,SEM001,C-
E09238,S0575,C133,SEM008,C
E09239,S0167,C078,SEM006,A
E09240,S0049,C007,SEM008,C
E09241,S0361,C053,SEM003,B+
E09242,S0930,C077,SEM005,C-
E09243,S0489,C011,SEM001,A-
E09244,S0280,C075,SEM005,B
E09245,S0066,C055,SEM003,B
E09246,S0463,C085,SEM001,B
E09247,S0694,C079,SEM003,C
E09248,S0439,C004,SEM002,C+
E09249,S0176,C030,SEM008,B-
E09250,S0732,C086,SEM008,B
E09251,S0358,C071,SEM007,B
E09252,S0879,C035,SEM003,A-
E09253,S0511,C020,SEM004,D
E09254,S0442,C020,SEM005,A-
E09255,S0274,C093,SEM001,C-
E09256,S0997,C029,SEM007,C
E09257,S0375,C073,SEM002,B+
E09258,S0736,C087,SEM008,B-
E09259,S0598,C117,SEM006,A-
E09260,S0761,C091,SEM005,B
E09261,S0649,C016,SEM008,B-
E09262,S0565,C001,SEM005,C+
E09263,S0781,C040,SEM003,B
E09264,S0361,C006,SEM007,B+
E09265,S0944,C029,SEM007,C+
E09266,S0970,C124,SEM006,B+
E09267,S0095,C063,SEM003,A-
E09268,S0744,C050,SEM001,B-
E09269,S0359,C046,SEM007,B-
E09270,S0618,C045,SEM002,C
E09271,S0436,C018,SEM006,B
E09272,S0339,C028,SEM002,B-
E09273,S0187,C036,SEM004,B
E09274,S0858,C072,SEM003,A
E09275,S0136,C097,SEM003,B+
E09276,S0674,C024,SEM006,B-
E09277,S0085,C043,SEM003,C
E09278,S0944,C008,SEM002,B
E09279,S0960,C013,SEM002,B
E09280,S0614,C010,SEM008,A-
E09281,S0782,C020,SEM002,B+
E09282,S0269,C017,SEM007,B-
E09283,S0573,C100,SEM006,B+
E09284,S0559,C070,SEM004,C+
E09285,S0972,C058,SEM003,A-
E09286,S0932,C090,SEM007,A
E09287,S0519,C040,SEM001,C-
E09288,S0003,C049,SEM005,A
E09289,S0286,C094,SEM005,B
E09290,S0560,C116,SEM006,A-
E09291,S0598,C060,SEM003,A-
E09292,S0031,C053,SEM003,B
E09293,S0666,C114,SEM005,A
E09294,S0610,C065,SEM004,C+
E09295,S0391,C040,SEM008,B-
E09296,S0356,C047,SEM007,D
E09297,S0401,C060,SEM006,F
E09298,S0830,C036,SEM005,A-
E09299,S0456,C028,SEM002,B+
E09300,S0798,C003,SEM004,B+
E09301,S0867,C026,SEM007,B
E09302,S0353,C109,SEM003,B
E09303,S0021,C134,SEM002,B+
E09304,S0588,C113,SEM003,A-
E09305,S0252,C081,SEM003,F
E09306,S0037,C035,SEM008,B-
E09307,S0306,C004,SEM001,A
E09308,S0974,C018,SEM007,D
E09309,S0992,C079,SEM004,B+
E09310,S0775,C064,SEM001,B
E09311,S0937,C026,SEM004,B+
E09312,S0180,C058,SEM002,A-
E09313,S0840,C077,SEM002,B
E09314,S0352,C008,SEM006,B+
E09315,S0941,C059,SEM002,A-
E09316,S0586,C141,SEM001,B-
E09317,S0579,C066,SEM001,C
E09318,S0797,C075,SEM008,B+
E09319,S0850,C005,SEM001,B+
E09320,S0424,C077,SEM001,B
E09321,S0634,C006,SEM006,B
E09322,S0557,C088,SEM005,C+
E09323,S0410,C039,SEM002,B
E09324,S0072,C001,SEM007,A-
E09325,S1000,C003,SEM005,C+
E09326,S0146,C066,SEM007,B
E09327,S0026,C106,SEM006,A
E09328,S0167,C002,SEM002,A-
E09329,S0846,C068,SEM007,D
E09330,S0728,C021,SEM005,D
E09331,S0565,C029,SEM006,A-
E09332,S0993,C002,SEM004,B-
E09333,S0278,C013,SEM005,B
E09334,S0974,C122,SEM006,F
E09335,S0858,C002,SEM005,C-
E09336,S0186,C077,SEM008,B-
E09337,S0432,C057,SEM001,B-
E09338,S0944,C124,SEM001,C+
E09339,S0064,C100,SEM001,C
E09340,S0055,C050,SEM008,A-
E09341,S0009,C067,SEM006,C+
E09342,S0081,C096,SEM007,A-
E09343,S0235,C016,SEM005,B-
E09344,S0500,C073,SEM002,A-
E09345,S0596,C027,SEM002,B+
E09346,S0782,C012,SEM006,B
E09347,S0946,C091,SEM001,F
E09348,S0959,C102,SEM008,A
E09349,S0420,C001,SEM002,B-
E09350,S0697,C097,SEM002,B-
E09351,S0971,C140,SEM004,C-
E09352,S0726,C093,SEM003,A-
E09353,S0020,C092,SEM007,C
E09354,S0726,C055,SEM004,C+
E09355,S0914,C004,SEM008,A
E09356,S0988,C033,SEM003,C-
E09357,S0961,C013,SEM006,B
E09358,S0598,C117,SEM006,B+
E09359,S0810,C141,SEM004,B+
E09360,S0605,C095,SEM007,B-
E09361,S0268,C020,SEM003,C
E09362,S0077,C020,SEM003,B-
E09363,S0930,C027,SEM006,B
E09364,S0907,C029,SEM003,B
E09365,S0449,C052,SEM006,B-
E09366,S0380,C068,SEM003,A-
E09367,S0715,C046,SEM007,A
E09368,S0280,C055,SEM007,A
E09369,S0274,C026,SEM004,C+
E09370,S0446,C030,SEM006,C
E09371,S0830,C021,SEM001,B+
E09372,S0988,C029,SEM003,B
E09373,S0993,C063,SEM006,C-
E09374,S0588,C001,SEM008,C+
E09375,S0284,C059,SEM008,A-
E09376,S0808,C082,SEM005,A-
E09377,S0716,C001,SEM004,B
E09378,S0121,C049,SEM005,B-
E09379,S0585,C023,SEM007,B+
E09380,S0532,C077,SEM008,C
E09381,S0860,C025,SEM004,B-
E09382,S0493,C037,SEM003,B
E09383,S0518,C069,SEM006,B
E09384,S0362,C019,SEM002,F
E09385,S0611,C008,SEM001,A
E09386,S0577,C061,SEM007,C-
E09387,S0931,C040,SEM004,B+
E09388,S0637,C105,SEM006,B+
E09389,S0046,C088,SEM005,B-
E09390,S0589,C053,SEM004,B
E09391,S0809,C055,SEM001,A
E09392,S0245,C020,SEM004,B+
E09393,S0225,C020,SEM004,A-
E09394,S0121,C030,SEM003,C-
E09395,S0978,C030,SEM008,C-
E09396,S0621,C075,SEM002,B-
E09397,S0105,C075,SEM007,B+
E09398,S0415,C005,SEM005,A-
E09399,S0731,C113,SEM004,B+
E09400,S0791,C010,SEM005,B+
E09401,S0329,C052,SEM006,B
E09402,S0279,C004,SEM004,B
E09403,S0211,C106,SEM006,B
E09404,S0829,C018,SEM005,C+
E09405,S0206,C096,SEM001,C
E09406,S0201,C042,SEM002,B
E09407,S0249,C022,SEM007,B
E09408,S0851,C092,SEM005,C
E09409,S0428,C028,SEM004,A-
E09410,S0301,C096,SEM002,B+
E09411,S0648,C022,SEM004,B+
E09412,S0691,C064,SEM005,B-
E09413,S0770,C093,SEM008,C
E09414,S0898,C039,SEM008,B-
E09415,S0123,C055,SEM005,B
E09416,S0265,C077,SEM002,B
E09417,S0374,C006,SEM006,C+
E09418,S0261,C079,SEM008,C+
E09419,S0325,C044,SEM001,B+
E09420,S0111,C056,SEM002,C
E09421,S0522,C007,SEM001,D
E09422,S0074,C136,SEM007,B-
E09423,S0192,C015,SEM003,C
E09424,S0067,C065,SEM005,B-
E09425,S0519,C042,SEM007,C
E09426,S0662,C040,SEM005,B
E09427,S0837,C097,SEM005,B+
E09428,S0215,C120,SEM001,B
E09429,S0353,C067,SEM001,B
E09430,S0426,C012,SEM006,B
E09431,S0228,C131,SEM007,B-
E09432,S0418,C007,SEM004,A-
E09433,S0196,C118,SEM004,B
E09434,S0830,C056,SEM002,B+
E09435,S0172,C006,SEM001,B+
E09436,S0712,C010,SEM004,B-
E09437,S0835,C017,SEM003,A-
E09438,S0083,C018,SEM008,A-
E09439,S0887,C062,SEM004,B-
E09440,S0669,C040,SEM005,B
E09441,S0792,C017,SEM003,B+
E09442,S0275,C066,SEM006,B
E09443,S0856,C128,SEM006,A
E09444,S0675,C069,SEM002,B-
E09445,S0410,C117,SEM008,D
E09446,S0963,C059,SEM003,B-
E09447,S0464,C013,SEM005,B+
E09448,S0851,C030,SEM008,F
E09449,S0268,C001,SEM004,B+
E09450,S0328,C068,SEM006,B-
E09451,S0098,C035,SEM004,A
E09452,S0026,C090,SEM002,B
E09453,S0383,C130,SEM008,C+
E09454,S0942,C009,SEM006,C-
E09455,S0278,C096,SEM006,C-
E09456,S0306,C019,SEM001,C-
E09457,S0513,C068,SEM007,A-
E09458,S0277,C035,SEM003,B
E09459,S0949,C021,SEM003,A
E09460,S0164,C038,SEM003,B
E09461,S0133,C076,SEM005,A-
E09462,S0835,C134,SEM005,B
E09463,S0620,C020,SEM007,B+
E09464,S0139,C106,SEM001,B+
E09465,S0511,C147,SEM008,C+
E09466,S0705,C118,SEM001,A-
E09467,S0441,C069,SEM001,C-
E09468,S0719,C070,SEM001,B+
E09469,S0087,C095,SEM008,B-
E09470,S0998,C030,SEM002,A-
E09471,S0627,C077,SEM006,B-
E09472,S0770,C022,SEM003,B-
E09473,S0865,C074,SEM005,B+
E09474,S0066,C034,SEM003,B
E09475,S0582,C059,SEM006,B+
E09476,S0414,C066,SEM006,C-
E09477,S0286,C015,SEM001,C+
E09478,S0357,C046,SEM006,B
E09479,S0685,C058,SEM002,B
E09480,S0947,C120,SEM008,A
E09481,S0692,C071,SEM001,A
E09482,S0684,C030,SEM006,B
E09483,S0291,C075,SEM004,A-
E09484,S0715,C145,SEM005,D
E09485,S0839,C106,SEM004,F
E09486,S0165,C075,SEM003,B-
E09487,S0642,C046,SEM008,B-
E09488,S0162,C022,SEM004,B-
E09489,S0045,C023,SEM005,B
E09490,S0086,C006,SEM003,C-
E09491,S0597,C008,SEM006,C+
E09492,S0632,C072,SEM002,B
E09493,S0240,C101,SEM003,C
E09494,S0318,C063,SEM004,B+
E09495,S0692,C016,SEM004,B-
E09496,S0495,C030,SEM003,A
E09497,S0617,C040,SEM004,A
E09498,S0323,C076,SEM001,A
E09499,S0813,C117,SEM007,B+
E09500,S0983,C106,SEM008,B
E09501,S0962,C132,SEM007,B
E09502,S0892,C061,SEM007,B-
E09503,S0867,C105,SEM006,B+
E09504,S0495,C040,SEM004,B
E09505,S0398,C026,SEM002,B-
E09506,S0568,C018,SEM008,C-
E09507,S0528,C090,SEM002,B
E09508,S0210,C059,SEM003,C-
E09509,S0023,C059,SEM005,B-
E09510,S0079,C042,SEM004,A
E09511,S0100,C037,SEM007,B
E09512,S0451,C003,SEM002,B+
E09513,S0041,C070,SEM004,B-
E09514,S0757,C098,SEM006,B+
E09515,S0339,C018,SEM006,B
E09516,S0203,C015,SEM006,C
E09517,S0938,C091,SEM005,C
E09518,S0108,C028,SEM008,A
E09519,S0072,C039,SEM002,B-
E09520,S0675,C109,SEM008,B-
E09521,S0005,C081,SEM002,A
E09522,S0707,C079,SEM003,D
E09523,S0539,C002,SEM002,A-
E09524,S0871,C125,SEM007,C
E09525,S0941,C047,SEM004,B-
E09526,S0476,C037,SEM008,C
E09527,S0425,C011,SEM005,A
E09528,S0998,C085,SEM005,C
E09529,S0473,C050,SEM008,A-
E09530,S0257,C068,SEM001,B-
E09531,S0563,C012,SEM006,C+
E09532,S0627,C089,SEM002,C+
E09533,S0975,C037,SEM006,B
E09534,S0164,C010,SEM007,B-
E09535,S0154,C007,SEM002,A
E09536,S0067,C015,SEM003,C-
E09537,S0851,C061,SEM002,B-
E09538,S0986,C085,SEM001,B-
E09539,S0712,C009,SEM008,C
E09540,S0899,C057,SEM001,C
E09541,S0748,C055,SEM001,C-
E09542,S0385,C008,SEM003,C
E09543,S0235,C036,SEM003,B
E09544,S0813,C002,SEM008,B+
E09545,S0004,C021,SEM002,C
E09546,S0681,C039,SEM007,B
E09547,S0275,C077,SEM007,C
E09548,S0940,C043,SEM001,C-
E09549,S0571,C049,SEM006,C
E09550,S0553,C089,SEM003,A
E09551,S0717,C063,SEM005,B
E09552,S0011,C026,SEM001,B+
E09553,S0022,C044,SEM001,C+
E09554,S0779,C078,SEM008,C+
E09555,S0500,C060,SEM006,C
E09556,S0133,C019,SEM003,C+
E09557,S0411,C060,SEM006,F
E09558,S0937,C017,SEM004,C+
E09559,S0611,C105,SEM004,B-
E09560,S0069,C031,SEM008,B-
E09561,S0455,C089,SEM004,F
E09562,S0249,C128,SEM003,C-
E09563,S0809,C113,SEM008,A-
E09564,S0718,C007,SEM004,A-
E09565,S0430,C106,SEM008,B+
E09566,S0807,C029,SEM001,B
E09567,S0728,C078,SEM003,B
E09568,S0927,C118,SEM005,B
E09569,S0034,C019,SEM007,A-
E09570,S0103,C044,SEM007,B+
E09571,S0946,C076,SEM006,B
E09572,S0307,C092,SEM006,B+
E09573,S0705,C010,SEM002,B-
E09574,S0004,C062,SEM006,C+
E09575,S0969,C018,SEM004,B-
E09576,S0137,C049,SEM004,B+
E09577,S0670,C059,SEM008,B+
E09578,S0549,C092,SEM007,B+
E09579,S0099,C042,SEM001,C
E09580,S0511,C135,SEM002,A-
E09581,S0691,C010,SEM008,B-
E09582,S0073,C005,SEM003,C+
E09583,S0180,C001,SEM005,B
E09584,S0068,C023,SEM008,C-
E09585,S0196,C079,SEM001,B
E09586,S0700,C093,SEM001,C
E09587,S0499,C057,SEM008,C-
E09588,S0189,C119,SEM007,A
E09589,S0786,C037,SEM001,B+
E09590,S0314,C002,SEM002,B-
E09591,S0683,C045,SEM002,C
E09592,S0397,C101,SEM003,B+
E09593,S0844,C098,SEM002,B+
E09594,S0518,C103,SEM004,F
E09595,S0327,C089,SEM001,C+
E09596,S0164,C106,SEM002,A
E09597,S0181,C095,SEM006,B-
E09598,S0147,C053,SEM004,A
E09599,S0219,C092,SEM005,D
E09600,S0950,C073,SEM005,A
E09601,S0366,C002,SEM002,A
E09602,S0826,C014,SEM004,C
E09603,S0819,C081,SEM003,A
E09604,S0915,C025,SEM002,B-
E09605,S0088,C002,SEM006,B+
E09606,S0235,C075,SEM003,D
E09607,S0456,C008,SEM008,B
E09608,S0074,C016,SEM008,A-
E09609,S0813,C097,SEM001,B-
E09610,S0551,C038,SEM005,B
E09611,S0582,C096,SEM005,B-
E09612,S0930,C032,SEM002,D
E09613,S0745,C071,SEM001,C+
E09614,S0099,C055,SEM001,B
E09615,S0999,C072,SEM005,A-
E09616,S0041,C020,SEM007,A-
E09617,S0403,C048,SEM006,F
E09618,S0668,C120,SEM006,A-
E09619,S0591,C018,SEM008,B
E09620,S0050,C061,SEM006,B+
E09621,S0533,C082,SEM005,C
E09622,S0161,C093,SEM006,A
E09623,S0760,C079,SEM006,B+
E09624,S0781,C040,SEM007,B+
E09625,S0321,C096,SEM002,C+
E09626,S0453,C065,SEM006,B
E09627,S0036,C023,SEM003,C+
E09628,S0440,C047,SEM007,C-
E09629,S0661,C016,SEM004,B
E09630,S0271,C049,SEM001,B+
E09631,S0930,C006,SEM004,B+
E09632,S0599,C029,SEM001,D
E09633,S0804,C020,SEM003,C+
E09634,S0703,C062,SEM004,D
E09635,S0706,C137,SEM002,A
E09636,S0282,C024,SEM008,C-
E09637,S0652,C021,SEM002,D
E09638,S0902,C043,SEM007,B
E09639,S0525,C033,SEM001,F
E09640,S0950,C052,SEM006,C-
E09641,S0180,C001,SEM004,B-
E09642,S0022,C039,SEM001,B
E09643,S0249,C048,SEM007,B+
E09644,S0543,C064,SEM003,A-
E09645,S0216,C076,SEM004,B
E09646,S0275,C006,SEM008,C
E09647,S0480,C118,SEM007,B
E09648,S0339,C030,SEM007,A
E09649,S0160,C018,SEM001,B+
E09650,S1000,C023,SEM006,B
E09651,S0465,C133,SEM003,B
E09652,S0092,C081,SEM004,C+
E09653,S0966,C034,SEM008,B
E09654,S0522,C134,SEM008,B-
E09655,S0748,C032,SEM002,B-
E09656,S0112,C047,SEM005,D
E09657,S0996,C028,SEM002,B+
E09658,S0005,C037,SEM001,C+
E09659,S0028,C002,SEM007,F
E09660,S0298,C016,SEM005,C+
E09661,S0462,C061,SEM003,B+
E09662,S0818,C034,SEM004,F
E09663,S0316,C032,SEM001,D
E09664,S0230,C039,SEM007,C-
E09665,S0573,C093,SEM004,C+
E09666,S0650,C065,SEM002,C-
E09667,S0267,C012,SEM007,D
E09668,S0237,C037,SEM005,B
E09669,S0552,C067,SEM005,C+
E09670,S0802,C056,SEM004,C
E09671,S0383,C064,SEM005,D
E09672,S0712,C031,SEM003,A
E09673,S0731,C060,SEM003,F
E09674,S0832,C007,SEM001,B
E09675,S0621,C010,SEM005,B-
E09676,S0771,C093,SEM006,C+
E09677,S0142,C011,SEM003,C-
E09678,S0386,C120,SEM004,B
E09679,S0124,C077,SEM007,C+
E09680,S0612,C085,SEM005,B-
E09681,S0614,C023,SEM004,A
E09682,S0665,C067,SEM003,B+
E09683,S0678,C069,SEM004,B+
E09684,S0918,C123,SEM001,A-
E09685,S0137,C066,SEM004,A-
E09686,S0723,C008,SEM007,B
E09687,S0604,C001,SEM001,C+
E09688,S0498,C002,SEM006,B+
E09689,S0219,C045,SEM006,A-
E09690,S0952,C020,SEM002,A-
E09691,S0308,C043,SEM006,B
E09692,S0943,C047,SEM003,C
E09693,S0498,C019,SEM004,B
E09694,S0816,C049,SEM002,C
E09695,S0091,C069,SEM003,C+
E09696,S0990,C110,SEM005,B-
E09697,S0381,C068,SEM008,B
E09698,S0723,C068,SEM003,B+
E09699,S0303,C048,SEM008,B+
E09700,S0566,C008,SEM001,C
E09701,S0928,C027,SEM007,C+
E09702,S0457,C078,SEM005,B
E09703,S0856,C079,SEM004,C-
E09704,S0307,C078,SEM006,B+
E09705,S0798,C102,SEM005,F
E09706,S0895,C061,SEM006,B-
E09707,S0230,C046,SEM005,B-
E09708,S0357,C139,SEM001,B
E09709,S0351,C012,SEM006,C+
E09710,S0320,C096,SEM001,C+
E09711,S0295,C034,SEM007,B-
E09712,S0175,C087,SEM008,A-
E09713,S0581,C086,SEM007,B
E09714,S0038,C105,SEM007,C
E09715,S0738,C134,SEM007,A-
E09716,S0849,C044,SEM006,B+
E09717,S0273,C028,SEM006,C
E09718,S0245,C029,SEM001,B
E09719,S0280,C034,SEM003,A-
E09720,S0748,C031,SEM002,B-
E09721,S0068,C050,SEM006,C
E09722,S0395,C008,SEM001,A-
E09723,S0413,C023,SEM003,B-
E09724,S0926,C001,SEM001,B-
E09725,S0103,C121,SEM002,B+
E09726,S0326,C002,SEM005,B
E09727,S0617,C046,SEM007,C-
E09728,S0848,C003,SEM008,C+
E09729,S0841,C069,SEM006,A
E09730,S0891,C045,SEM006,A-
E09731,S0941,C010,SEM004,A
E09732,S0826,C027,SEM008,A-
E09733,S0990,C021,SEM007,B-
E09734,S0380,C055,SEM005,D
E09735,S0291,C134,SEM002,B-
E09736,S0617,C075,SEM008,B
E09737,S0191,C057,SEM001,B
E09738,S0529,C092,SEM002,C
E09739,S0379,C013,SEM006,A-
E09740,S0856,C068,SEM002,C-
E09741,S0702,C070,SEM003,B-
E09742,S0432,C041,SEM004,C+
E09743,S0633,C129,SEM001,C
E09744,S0599,C118,SEM005,A-
E09745,S0089,C004,SEM001,B
E09746,S0981,C045,SEM006,A
E09747,S0579,C023,SEM004,B+
E09748,S0146,C076,SEM002,B-
E09749,S0386,C095,SEM005,A
E09750,S0280,C024,SEM004,B
E09751,S0803,C011,SEM001,C-
E09752,S0149,C086,SEM004,B
E09753,S0979,C013,SEM008,B
E09754,S0070,C118,SEM002,F
E09755,S0172,C016,SEM004,B
E09756,S0483,C033,SEM003,B+
E09757,S0491,C002,SEM006,B+
E09758,S0229,C018,SEM005,A
E09759,S0899,C061,SEM006,B-
E09760,S0608,C012,SEM001,B
E09761,S0836,C098,SEM003,A-
E09762,S0325,C114,SEM006,A
E09763,S0865,C032,SEM007,B-
E09764,S0900,C038,SEM005,A
E09765,S0005,C042,SEM005,C
E09766,S0994,C046,SEM007,B-
E09767,S0027,C081,SEM002,B-
E09768,S0583,C078,SEM003,B+
E09769,S0538,C042,SEM001,A-
E09770,S0719,C032,SEM002,F
E09771,S0586,C018,SEM005,B-
E09772,S0449,C071,SEM004,B-
E09773,S0400,C006,SEM002,B
E09774,S0690,C046,SEM005,B
E09775,S0629,C114,SEM004,B-
E09776,S0805,C119,SEM004,C
E09777,S0019,C067,SEM004,A-
E09778,S0875,C019,SEM006,B
E09779,S0910,C011,SEM005,C
E09780,S0598,C065,SEM007,B+
E09781,S0410,C040,SEM001,B-
E09782,S0333,C113,SEM007,B
E09783,S0626,C025,SEM007,C-
E09784,S0289,C085,SEM003,B+
E09785,S0616,C082,SEM008,B
E09786,S0412,C027,SEM006,B+
E09787,S0139,C056,SEM007,A
E09788,S0256,C045,SEM006,B-
E09789,S0067,C014,SEM008,B
E09790,S0951,C029,SEM005,B+
E09791,S0502,C058,SEM006,B+
E09792,S0948,C047,SEM006,A-
E09793,S0060,C015,SEM001,B
E09794,S0709,C037,SEM001,C+
E09795,S0865,C062,SEM002,D
E09796,S0412,C076,SEM007,B
E09797,S0518,C073,SEM008,B+
E09798,S0866,C004,SEM006,B-
E09799,S0559,C143,SEM001,B
E09800,S0478,C030,SEM007,B
E09801,S0104,C083,SEM006,B-
E09802,S0926,C061,SEM007,F
E09803,S0350,C040,SEM005,B
E09804,S0033,C015,SEM007,B+
E09805,S0763,C031,SEM003,B+
E09806,S0545,C110,SEM005,B+
E09807,S0655,C079,SEM004,A-
E09808,S0635,C014,SEM004,A
E09809,S0781,C036,SEM005,A-
E09810,S0382,C019,SEM003,B
E09811,S0534,C006,SEM002,F
E09812,S0790,C024,SEM002,B
E09813,S0490,C071,SEM008,B+
E09814,S0958,C129,SEM003,C+
E09815,S0694,C131,SEM007,B+
E09816,S0449,C044,SEM006,B
E09817,S0072,C019,SEM002,C+
E09818,S0455,C027,SEM007,A-
E09819,S0242,C089,SEM007,A
E09820,S0293,C089,SEM008,B-
E09821,S0501,C010,SEM008,C+
E09822,S0689,C068,SEM004,B+
E09823,S0948,C013,SEM005,B+
E09824,S0072,C025,SEM002,B-
E09825,S0265,C063,SEM007,D
E09826,S0889,C025,SEM005,B
E09827,S0790,C015,SEM008,B
E09828,S0698,C073,SEM006,A
E09829,S0854,C012,SEM008,B
E09830,S0798,C111,SEM008,A
E09831,S0952,C043,SEM007,C
E09832,S0241,C062,SEM006,B+
E09833,S0774,C010,SEM008,A-
E09834,S0089,C082,SEM008,C
E09835,S0399,C014,SEM003,F
E09836,S0944,C113,SEM006,B-
E09837,S0802,C013,SEM007,F
E09838,S0782,C022,SEM005,B
E09839,S0286,C012,SEM008,B
E09840,S0803,C111,SEM007,B-
E09841,S0049,C135,SEM004,C-
E09842,S0162,C081,SEM004,B-
E09843,S0541,C053,SEM005,B+
E09844,S0507,C025,SEM006,B
E09845,S0527,C121,SEM002,B+
E09846,S0460,C028,SEM003,B+
E09847,S0653,C001,SEM004,B
E09848,S0996,C084,SEM007,B+
E09849,S0482,C081,SEM001,B
E09850,S0975,C079,SEM008,B
E09851,S0362,C070,SEM003,A-
E09852,S0358,C015,SEM002,A-
E09853,S0989,C052,SEM008,B+
E09854,S0172,C036,SEM007,C
E09855,S0179,C030,SEM005,B+
E09856,S0346,C016,SEM005,B
E09857,S0039,C007,SEM005,C-
E09858,S0741,C102,SEM007,B-
E09859,S0060,C040,SEM008,B+
E09860,S0686,C043,SEM005,C
E09861,S0627,C139,SEM005,C-
E09862,S0205,C055,SEM001,A-
E09863,S0480,C032,SEM001,B+
E09864,S0502,C025,SEM006,D
E09865,S0125,C012,SEM001,B-
E09866,S0008,C013,SEM001,C+
E09867,S0416,C112,SEM007,D
E09868,S0049,C106,SEM007,B+
E09869,S0842,C014,SEM003,B+
E09870,S0223,C027,SEM006,B+
E09871,S0729,C047,SEM003,B-
E09872,S0361,C015,SEM001,C+
E09873,S0669,C018,SEM003,B
E09874,S0517,C060,SEM002,B
E09875,S0059,C010,SEM006,A-
E09876,S0993,C071,SEM003,B+
E09877,S0782,C098,SEM007,C
E09878,S0117,C061,SEM004,A-
E09879,S0791,C084,SEM001,B
E09880,S0610,C070,SEM007,C+
E09881,S0702,C018,SEM001,C+
E09882,S0124,C008,SEM004,A
E09883,S0423,C021,SEM003,B
E09884,S0888,C024,SEM005,B-
E09885,S0046,C114,SEM007,A-
E09886,S0261,C111,SEM003,B
E09887,S0905,C001,SEM007,B
E09888,S0932,C048,SEM004,C+
E09889,S0679,C012,SEM007,B
E09890,S0272,C033,SEM001,C+
E09891,S0150,C020,SEM006,B
E09892,S0265,C052,SEM008,B
E09893,S0924,C106,SEM003,F
E09894,S0163,C042,SEM005,B
E09895,S0211,C006,SEM002,B
E09896,S0966,C037,SEM004,A
E09897,S0206,C035,SEM006,C+
E09898,S0381,C047,SEM002,B+
E09899,S0206,C043,SEM007,D
E09900,S0482,C035,SEM004,B
E09901,S0989,C071,SEM003,C-
E09902,S0243,C045,SEM008,B
E09903,S0426,C037,SEM003,C+
E09904,S0504,C003,SEM004,B
E09905,S0650,C057,SEM002,B+
E09906,S0462,C040,SEM006,B
E09907,S0551,C063,SEM005,D
E09908,S0281,C115,SEM008,B
E09909,S0151,C032,SEM008,C
E09910,S0785,C013,SEM006,B-
E09911,S0401,C036,SEM004,B+
E09912,S0337,C060,SEM004,B-
E09913,S0239,C068,SEM004,A-
E09914,S0715,C025,SEM003,B
E09915,S0066,C065,SEM004,C
E09916,S0670,C060,SEM008,B
E09917,S0933,C018,SEM008,B+
E09918,S0801,C032,SEM007,B+
E09919,S0266,C130,SEM006,B
E09920,S0643,C097,SEM004,C+
E09921,S0664,C013,SEM008,B
E09922,S0752,C048,SEM002,C-
E09923,S0038,C023,SEM004,B
E09924,S0449,C033,SEM005,C
E09925,S0160,C096,SEM003,C+
E09926,S0438,C059,SEM005,B-
E09927,S0299,C007,SEM006,C+
E09928,S0672,C010,SEM006,B
E09929,S0265,C008,SEM008,B
E09930,S0767,C123,SEM002,B-
E09931,S0910,C116,SEM006,C+
E09932,S0178,C006,SEM003,B-
E09933,S0998,C083,SEM003,B
E09934,S0065,C033,SEM008,B
E09935,S0731,C015,SEM004,B
E09936,S0517,C043,SEM005,A-
E09937,S0464,C015,SEM006,C-
E09938,S0585,C054,SEM006,A
E09939,S0253,C064,SEM002,B
E09940,S0915,C003,SEM008,A-
E09941,S0450,C058,SEM001,C+
E09942,S0654,C056,SEM007,C
E09943,S0253,C061,SEM004,B+
E09944,S0703,C021,SEM008,C+
E09945,S0766,C008,SEM008,B+
E09946,S0747,C033,SEM002,B
E09947,S0912,C057,SEM005,B
E09948,S0565,C064,SEM008,C+
E09949,S0083,C044,SEM002,B-
E09950,S0849,C088,SEM005,A-
E09951,S0139,C056,SEM003,D
E09952,S0858,C098,SEM006,B
E09953,S0420,C066,SEM008,B
E09954,S0801,C067,SEM005,F
E09955,S0926,C040,SEM004,B+
E09956,S0619,C014,SEM006,B+
E09957,S0827,C020,SEM004,B+
E09958,S0199,C044,SEM006,B+
E09959,S0849,C105,SEM003,A-
E09960,S0145,C057,SEM002,A
E09961,S0666,C016,SEM001,B-
E09962,S0216,C030,SEM008,C+
E09963,S0473,C095,SEM006,B+
E09964,S0627,C043,SEM008,B-
E09965,S0918,C105,SEM001,F
E09966,S0031,C001,SEM005,C+
E09967,S0755,C050,SEM004,C+
E09968,S0894,C048,SEM003,C
E09969,S0363,C109,SEM006,C-
E09970,S0160,C026,SEM008,B+
E09971,S0332,C119,SEM004,B
E09972,S0755,C098,SEM008,B
E09973,S0163,C024,SEM004,B
E09974,S0125,C094,SEM002,B
E09975,S0814,C103,SEM008,D
E09976,S0864,C034,SEM005,B+
E09977,S0813,C109,SEM003,B
E09978,S0903,C054,SEM006,B-
E09979,S0674,C002,SEM005,B-
E09980,S0590,C136,SEM007,C-
E09981,S0020,C072,SEM004,A-
E09982,S0467,C045,SEM003,C
E09983,S0711,C048,SEM005,B-
E09984,S0946,C084,SEM003,B
E09985,S0083,C080,SEM005,C
E09986,S0452,C075,SEM001,B
E09987,S0430,C061,SEM008,B-
E09988,S0656,C050,SEM004,C
E09989,S0566,C054,SEM005,B
E09990,S0228,C051,SEM002,B
E09991,S0691,C076,SEM001,C
E09992,S0533,C002,SEM005,C+
E09993,S0674,C033,SEM008,B+
E09994,S0793,C059,SEM007,C+
E09995,S0979,C090,SEM005,A
E09996,S0937,C016,SEM004,B+
E09997,S0815,C004,SEM006,A
E09998,S0266,C025,SEM003,B-
E09999,S0648,C003,SEM007,C+
E10000,S0590,C034,SEM006,B+
E10001,S0664,C011,SEM004,C-
E10002,S0822,C014,SEM008,B-
E10003,S0857,C017,SEM005,B
E10004,S0508,C022,SEM007,A-
E10005,S0362,C119,SEM007,C+
E10006,S0306,C036,SEM008,C
E10007,S0058,C092,SEM004,D
E10008,S0028,C110,SEM006,B
E10009,S0994,C041,SEM005,B+
E10010,S0296,C074,SEM008,A
E10011,S0854,C111,SEM006,C+
E10012,S0185,C122,SEM002,C+
E10013,S0709,C062,SEM005,B-
E10014,S0833,C011,SEM007,B
E10015,S0123,C080,SEM003,B-
E10016,S0074,C135,SEM001,C-
E10017,S0613,C023,SEM004,B
E10018,S0723,C068,SEM006,A-
E10019,S0012,C136,SEM006,B-
E10020,S0389,C100,SEM008,B
E10021,S0880,C016,SEM008,B
E10022,S0815,C084,SEM001,B+
E10023,S0394,C036,SEM008,B
E10024,S0653,C015,SEM004,B
E10025,S0894,C084,SEM006,C+
E10026,S0382,C070,SEM008,B
E10027,S0727,C021,SEM002,A-
E10028,S0641,C031,SEM005,B
E10029,S0539,C017,SEM007,B+
E10030,S0352,C044,SEM007,C+
E10031,S0745,C006,SEM008,A
E10032,S0853,C046,SEM005,C-
E10033,S0140,C059,SEM006,B+
E10034,S0945,C060,SEM008,C
E10035,S0375,C052,SEM006,B-
E10036,S0719,C043,SEM007,C+
E10037,S0608,C138,SEM006,B-
E10038,S0799,C057,SEM008,C+
E10039,S0963,C020,SEM006,A-
E10040,S0436,C043,SEM008,C+
E10041,S0354,C086,SEM006,B
E10042,S0690,C038,SEM005,A-
E10043,S0589,C016,SEM004,C
E10044,S0965,C102,SEM003,C
E10045,S0621,C026,SEM008,B-
E10046,S0575,C049,SEM007,B-
E10047,S0065,C136,SEM007,B-
E10048,S0049,C012,SEM005,C
E10049,S0932,C025,SEM007,B
E10050,S0758,C019,SEM008,B+
E10051,S0027,C083,SEM002,D
E10052,S0362,C038,SEM007,C+
E10053,S0282,C145,SEM004,A
E10054,S0141,C098,SEM004,B
E10055,S0659,C015,SEM006,B-
E10056,S0418,C130,SEM002,B+
E10057,S0592,C009,SEM005,B+
E10058,S0944,C011,SEM004,C
E10059,S0014,C127,SEM006,B+
E10060,S0225,C086,SEM006,B-
E10061,S0606,C038,SEM001,B
E10062,S0071,C046,SEM001,C+
E10063,S0172,C004,SEM005,B
E10064,S0765,C114,SEM004,B
E10065,S0355,C005,SEM005,B+
E10066,S0284,C044,SEM004,A-
E10067,S0913,C012,SEM003,B
E10068,S0320,C058,SEM004,B
E10069,S0949,C019,SEM008,B+
E10070,S0936,C077,SEM007,B-
E10071,S0016,C140,SEM004,B
E10072,S0464,C062,SEM006,C
E10073,S0445,C087,SEM004,A
E10074,S0427,C067,SEM007,D
E10075,S0067,C012,SEM007,B+
E10076,S0012,C047,SEM007,B-
E10077,S0989,C111,SEM006,D
E10078,S0443,C043,SEM001,C+
E10079,S0923,C091,SEM007,B-
E10080,S0994,C014,SEM007,A-
E10081,S0431,C010,SEM008,C-
E10082,S0900,C132,SEM006,C+
E10083,S0899,C028,SEM004,B+
E10084,S0020,C113,SEM005,B+
E10085,S0705,C079,SEM002,C
E10086,S0200,C100,SEM005,B+
E10087,S0055,C098,SEM008,B-
E10088,S0009,C002,SEM005,B
E10089,S0210,C006,SEM005,B
E10090,S0044,C099,SEM002,A-
E10091,S0081,C036,SEM005,B-
E10092,S0558,C061,SEM002,B+
E10093,S0112,C104,SEM005,F
E10094,S0084,C082,SEM004,B+
E10095,S0411,C034,SEM003,A-
E10096,S0682,C068,SEM002,D
E10097,S0140,C043,SEM002,D
E10098,S0047,C063,SEM001,C+
E10099,S0793,C049,SEM006,B
E10100,S0064,C011,SEM006,A
E10101,S0022,C064,SEM006,D
E10102,S0568,C082,SEM004,B
E10103,S0049,C064,SEM001,B-
E10104,S0429,C079,SEM007,A-
E10105,S0895,C011,SEM001,D
E10106,S0344,C001,SEM005,A-
E10107,S0259,C119,SEM001,B
E10108,S0108,C001,SEM008,A
E10109,S0777,C042,SEM001,A-
E10110,S0998,C025,SEM003,C-
E10111,S0338,C021,SEM002,C
E10112,S0697,C024,SEM001,D
E10113,S0239,C065,SEM001,A
E10114,S0642,C137,SEM007,B
E10115,S0449,C140,SEM002,C+
E10116,S0764,C039,SEM001,B
E10117,S0447,C048,SEM001,B+
E10118,S0232,C079,SEM008,B
E10119,S0627,C092,SEM008,C+
E10120,S0651,C097,SEM006,C+
E10121,S0054,C062,SEM005,C-
E10122,S0539,C003,SEM008,D
E10123,S0369,C074,SEM001,B+
E10124,S0072,C039,SEM006,C+
E10125,S0456,C030,SEM007,C-
E10126,S0953,C071,SEM007,A-
E10127,S0211,C064,SEM003,B
E10128,S0291,C042,SEM001,B
E10129,S0345,C044,SEM005,C+
E10130,S0930,C029,SEM005,B
E10131,S0584,C079,SEM008,B
E10132,S0078,C058,SEM001,C+
E10133,S0106,C023,SEM004,B+
E10134,S0830,C044,SEM008,C-
E10135,S0412,C045,SEM001,B+
E10136,S0449,C042,SEM007,B
E10137,S0627,C041,SEM005,B
E10138,S0749,C044,SEM004,C+
E10139,S0458,C024,SEM006,C+
E10140,S0936,C099,SEM002,F
E10141,S0719,C093,SEM002,B+
E10142,S0412,C047,SEM007,C+
E10143,S0326,C028,SEM007,A
E10144,S0722,C008,SEM006,C
E10145,S0172,C071,SEM001,A-
E10146,S0477,C035,SEM001,B
E10147,S0855,C037,SEM001,B-
E10148,S0991,C030,SEM005,B+
E10149,S0518,C075,SEM005,C
E10150,S0636,C025,SEM004,C+
E10151,S0127,C048,SEM001,B-
E10152,S0035,C113,SEM007,B
E10153,S0504,C048,SEM002,C+
E10154,S0894,C034,SEM003,C+
E10155,S0184,C007,SEM001,A-
E10156,S0801,C117,SEM001,B
E10157,S0514,C041,SEM005,B+
E10158,S0466,C036,SEM003,B-
E10159,S0486,C008,SEM001,B+
E10160,S0406,C031,SEM006,A
E10161,S0884,C034,SEM003,F
E10162,S0050,C118,SEM001,C
E10163,S0342,C090,SEM001,B+
E10164,S0064,C050,SEM003,C+
E10165,S0744,C067,SEM005,B+
E10166,S0826,C025,SEM005,B+
E10167,S0445,C064,SEM003,C-
E10168,S0919,C130,SEM008,B+
E10169,S0941,C065,SEM001,B
E10170,S0014,C012,SEM006,B+
E10171,S0644,C037,SEM006,C
E10172,S0111,C079,SEM008,B+
E10173,S0267,C048,SEM005,B
E10174,S0326,C090,SEM004,B+
E10175,S0686,C082,SEM005,B+
E10176,S0164,C057,SEM003,B+
E10177,S0783,C085,SEM001,C
E10178,S0532,C117,SEM003,C+
E10179,S0037,C098,SEM005,C+
E10180,S0478,C059,SEM007,A
E10181,S0564,C058,SEM001,B
E10182,S0069,C096,SEM005,B
E10183,S0504,C093,SEM008,B-
E10184,S0022,C058,SEM004,B-
E10185,S0403,C011,SEM006,B+
E10186,S0171,C019,SEM004,A-
E10187,S0665,C036,SEM007,B
E10188,S0316,C032,SEM006,B+
E10189,S0360,C013,SEM008,A-
E10190,S0781,C042,SEM005,A-
E10191,S0991,C144,SEM007,B-
E10192,S0805,C083,SEM006,A
E10193,S0063,C058,SEM003,D
E10194,S0834,C007,SEM001,C
E10195,S0861,C010,SEM003,B
E10196,S0307,C071,SEM001,B+
E10197,S0388,C035,SEM006,B-
E10198,S0179,C093,SEM005,B
E10199,S0360,C050,SEM005,F
E10200,S0369,C011,SEM007,B
E10201,S0995,C003,SEM008,C
E10202,S0793,C128,SEM006,B
E10203,S0275,C004,SEM003,C+
E10204,S0835,C108,SEM008,B
E10205,S0145,C025,SEM002,A-
E10206,S0066,C051,SEM006,A-
E10207,S0613,C022,SEM002,C-
E10208,S0279,C099,SEM006,B
E10209,S0935,C008,SEM001,C+
E10210,S0566,C066,SEM003,C+
E10211,S0411,C033,SEM004,A
E10212,S0841,C068,SEM001,B+
E10213,S0868,C049,SEM005,B-
E10214,S0724,C056,SEM005,C
E10215,S0782,C106,SEM005,C-
E10216,S0225,C018,SEM003,B
E10217,S0205,C074,SEM003,B-
E10218,S0293,C018,SEM002,C-
E10219,S0733,C017,SEM002,C
E10220,S0949,C109,SEM005,D
E10221,S0173,C050,SEM003,A
E10222,S0282,C120,SEM008,B+
E10223,S0295,C045,SEM004,B-
E10224,S0293,C025,SEM004,C-
E10225,S0804,C002,SEM001,B+
E10226,S0669,C066,SEM006,B-
E10227,S0710,C062,SEM003,F
E10228,S0006,C032,SEM005,B
E10229,S0184,C013,SEM002,B
E10230,S0349,C066,SEM002,B-
E10231,S0195,C108,SEM007,B
E10232,S0639,C001,SEM005,D
E10233,S0666,C008,SEM006,B-
E10234,S0278,C074,SEM008,A
E10235,S0394,C059,SEM007,A-
E10236,S0102,C042,SEM006,F
E10237,S0735,C094,SEM001,A
E10238,S0525,C104,SEM002,C+
E10239,S0331,C011,SEM004,B+
E10240,S0620,C018,SEM008,C+
E10241,S0752,C111,SEM001,D
E10242,S0200,C023,SEM006,B-
E10243,S0845,C077,SEM006,C+
E10244,S0381,C046,SEM001,B-
E10245,S0347,C037,SEM008,A
E10246,S0344,C027,SEM003,C+
E10247,S0825,C126,SEM008,C+
E10248,S0007,C035,SEM005,C
E10249,S0777,C007,SEM007,B+
E10250,S0675,C049,SEM005,A
E10251,S0451,C028,SEM006,C+
E10252,S0028,C013,SEM005,B+
E10253,S0798,C117,SEM005,B
E10254,S0558,C002,SEM001,C
E10255,S0886,C018,SEM007,C
E10256,S0556,C023,SEM007,B+
E10257,S0133,C021,SEM001,A-
E10258,S0822,C033,SEM008,C
E10259,S0891,C067,SEM002,C-
E10260,S0899,C067,SEM003,B
E10261,S0257,C043,SEM005,B
E10262,S0204,C059,SEM002,C-
E10263,S0107,C076,SEM006,B+
E10264,S0074,C141,SEM006,D
E10265,S0700,C091,SEM007,F
E10266,S0355,C001,SEM007,B+
E10267,S0818,C131,SEM005,A
E10268,S0565,C064,SEM007,A-
E10269,S1000,C033,SEM006,B
E10270,S0551,C072,SEM007,C-
E10271,S0780,C048,SEM004,C
E10272,S0977,C051,SEM003,B
E10273,S0713,C018,SEM007,B+
E10274,S0239,C042,SEM006,C-
E10275,S0271,C076,SEM007,A
E10276,S0629,C059,SEM002,B+
E10277,S0578,C087,SEM004,B-
E10278,S0111,C051,SEM006,B
E10279,S0695,C004,SEM002,C-
E10280,S0886,C024,SEM008,B
E10281,S0154,C043,SEM002,B
E10282,S0749,C077,SEM004,B
E10283,S0053,C046,SEM006,C
E10284,S0413,C006,SEM005,C
E10285,S0052,C146,SEM003,B
E10286,S0269,C092,SEM002,B
E10287,S0850,C055,SEM007,B
E10288,S0892,C091,SEM001,A
E10289,S0246,C005,SEM003,B-
E10290,S0296,C019,SEM002,A
E10291,S0099,C025,SEM004,B+
E10292,S0842,C095,SEM005,C+
E10293,S0076,C005,SEM008,B-
E10294,S0990,C015,SEM002,A
E10295,S0621,C016,SEM005,C
E10296,S0714,C147,SEM002,B+
E10297,S0708,C012,SEM008,B
E10298,S0419,C076,SEM004,D
E10299,S0266,C043,SEM003,F
E10300,S0022,C004,SEM006,C-
E10301,S0312,C041,SEM002,C+
E10302,S0896,C071,SEM008,B+
E10303,S0177,C005,SEM001,F
E10304,S0248,C041,SEM004,C+
E10305,S0251,C020,SEM003,F
E10306,S0836,C032,SEM001,B
E10307,S0077,C046,SEM006,B
E10308,S0474,C057,SEM004,B-
E10309,S0015,C004,SEM005,B
E10310,S0370,C073,SEM003,B-
E10311,S0295,C014,SEM001,B
E10312,S0993,C057,SEM007,A-
E10313,S0777,C015,SEM004,B
E10314,S0471,C080,SEM004,A
E10315,S0624,C012,SEM008,C
E10316,S0937,C054,SEM008,D
E10317,S0475,C082,SEM001,B+
E10318,S0041,C031,SEM002,B
E10319,S0177,C042,SEM008,B+
E10320,S0543,C016,SEM004,B-
E10321,S0693,C109,SEM008,B
E10322,S0742,C004,SEM004,A-
E10323,S0246,C065,SEM005,C
E10324,S0337,C003,SEM005,B+
E10325,S0496,C064,SEM004,A
E10326,S0328,C044,SEM007,C
E10327,S0483,C068,SEM001,B
E10328,S0201,C003,SEM006,B+
E10329,S0380,C049,SEM008,B-
E10330,S0212,C005,SEM008,B-
E10331,S0478,C019,SEM004,A
E10332,S0993,C025,SEM004,A
E10333,S0364,C070,SEM007,B
E10334,S0107,C013,SEM001,B
E10335,S0578,C085,SEM006,B
E10336,S0721,C043,SEM004,B
E10337,S0026,C019,SEM008,B
E10338,S0457,C040,SEM001,B-
E10339,S0676,C012,SEM001,C+
E10340,S0659,C046,SEM008,C-
E10341,S0793,C067,SEM005,C+
E10342,S0716,C075,SEM004,A
E10343,S0202,C027,SEM008,B-
E10344,S0461,C104,SEM004,A-
E10345,S0315,C056,SEM004,B+
E10346,S0116,C060,SEM005,C+
E10347,S0665,C103,SEM005,B
E10348,S0781,C012,SEM002,C
E10349,S0932,C131,SEM003,B
E10350,S0470,C101,SEM002,B
E10351,S0464,C003,SEM002,A-
E10352,S0676,C125,SEM004,B
E10353,S0325,C026,SEM006,B
E10354,S0813,C011,SEM008,A-
E10355,S0768,C068,SEM003,C-
E10356,S0394,C004,SEM002,B-
E10357,S0088,C097,SEM007,A-
E10358,S0852,C062,SEM006,B
E10359,S0227,C056,SEM007,B-
E10360,S0619,C016,SEM005,D
E10361,S0627,C051,SEM008,C+
E10362,S0885,C025,SEM008,B-
E10363,S0697,C034,SEM003,B-
E10364,S0425,C120,SEM008,B-
E10365,S0479,C091,SEM002,F
E10366,S0226,C102,SEM003,C-
E10367,S0676,C066,SEM001,A-
E10368,S0102,C031,SEM003,A-
E10369,S0972,C096,SEM004,C
E10370,S0526,C064,SEM005,C+
E10371,S0624,C114,SEM002,C
E10372,S0888,C071,SEM001,B
E10373,S0269,C045,SEM001,B
E10374,S0644,C022,SEM008,B
E10375,S0991,C094,SEM004,B
E10376,S0764,C003,SEM004,C+
E10377,S0892,C026,SEM008,B-
E10378,S0271,C074,SEM002,A-
E10379,S0234,C044,SEM007,A-
E10380,S0704,C085,SEM001,A-
E10381,S0760,C013,SEM001,C
E10382,S0452,C068,SEM007,C+
E10383,S0091,C007,SEM002,B+
E10384,S0441,C117,SEM002,F
E10385,S0667,C085,SEM002,A
E10386,S0392,C106,SEM006,A
E10387,S0553,C040,SEM006,B
E10388,S0260,C013,SEM005,F
E10389,S0192,C022,SEM005,A-
E10390,S0554,C035,SEM006,B
E10391,S0917,C080,SEM007,B
E10392,S0143,C011,SEM007,B-
E10393,S0932,C070,SEM002,A-
E10394,S0022,C069,SEM003,B+
E10395,S0493,C048,SEM007,A
E10396,S0960,C030,SEM001,C+
E10397,S0525,C011,SEM004,A-
E10398,S0921,C059,SEM003,D
E10399,S0818,C077,SEM008,B-
E10400,S0440,C026,SEM005,B
E10401,S0602,C001,SEM007,A
E10402,S0193,C003,SEM004,B-
E10403,S0772,C034,SEM003,A
E10404,S0681,C059,SEM005,B+
E10405,S0783,C129,SEM002,A-
E10406,S0376,C117,SEM006,C-
E10407,S0152,C066,SEM008,B
E10408,S0655,C007,SEM003,C+
E10409,S0552,C008,SEM008,F
E10410,S0267,C043,SEM005,B-
E10411,S0988,C088,SEM008,C+
E10412,S0570,C039,SEM003,B
E10413,S0011,C092,SEM005,A-
E10414,S0803,C104,SEM004,D
E10415,S0582,C025,SEM008,B-
E10416,S0680,C074,SEM001,C
E10417,S0537,C006,SEM008,C+
E10418,S0207,C014,SEM008,B-
E10419,S0318,C091,SEM005,B+
E10420,S0965,C001,SEM007,B
E10421,S0978,C110,SEM007,B
E10422,S0900,C094,SEM005,B
E10423,S0249,C065,SEM001,A
E10424,S0995,C003,SEM005,A-
E10425,S0578,C070,SEM008,B
E10426,S0136,C039,SEM008,B
E10427,S0782,C122,SEM004,C+
E10428,S0500,C010,SEM001,C+
E10429,S0001,C049,SEM003,B
E10430,S0928,C067,SEM005,A
E10431,S0185,C025,SEM003,C
E10432,S0959,C023,SEM005,B
E10433,S0973,C046,SEM004,B+
E10434,S0507,C055,SEM003,C+
E10435,S0150,C002,SEM001,A
E10436,S0608,C056,SEM003,B+
E10437,S0765,C038,SEM002,C+
E10438,S0363,C065,SEM004,A
E10439,S0944,C016,SEM002,B
E10440,S0874,C059,SEM008,A
E10441,S0246,C005,SEM001,C+
E10442,S0256,C018,SEM007,C-
E10443,S0702,C077,SEM002,D
E10444,S0568,C042,SEM003,C+
E10445,S0408,C127,SEM004,A
E10446,S0635,C050,SEM008,D
E10447,S0689,C023,SEM001,B+
E10448,S0696,C022,SEM001,B
E10449,S0860,C060,SEM008,C
E10450,S0235,C136,SEM007,B+
E10451,S0534,C079,SEM008,B-
E10452,S0752,C043,SEM001,B+
E10453,S0047,C051,SEM003,B
E10454,S0548,C054,SEM002,A-
E10455,S0095,C140,SEM003,C-
E10456,S0257,C055,SEM003,A-
E10457,S0536,C122,SEM005,B+
E10458,S0389,C035,SEM007,C
E10459,S0143,C104,SEM003,C+
E10460,S0329,C052,SEM003,C+
E10461,S0095,C022,SEM005,B
E10462,S0769,C081,SEM008,B+
E10463,S0590,C015,SEM005,C+
E10464,S0943,C034,SEM007,C+
E10465,S0209,C021,SEM004,B
E10466,S0130,C002,SEM002,C
E10467,S0281,C054,SEM004,B+
E10468,S0343,C011,SEM004,B-
E10469,S0574,C026,SEM003,A
E10470,S0565,C054,SEM007,A
E10471,S0015,C087,SEM002,A
E10472,S0860,C015,SEM001,A-
E10473,S0350,C100,SEM007,C+
E10474,S0185,C148,SEM004,A-
E10475,S0288,C010,SEM003,B-
E10476,S0354,C143,SEM008,C
E10477,S0996,C073,SEM007,A
E10478,S0316,C108,SEM001,B-
E10479,S0515,C059,SEM004,C
E10480,S0639,C041,SEM007,B
E10481,S0187,C040,SEM005,A-
E10482,S0323,C100,SEM002,B-
E10483,S0878,C082,SEM003,C
E10484,S0728,C007,SEM003,B-
E10485,S0168,C086,SEM005,A-
E10486,S0401,C077,SEM001,A-
E10487,S0671,C107,SEM004,B-
E10488,S0522,C074,SEM005,B+
E10489,S0515,C104,SEM007,B+
E10490,S0953,C012,SEM005,D
E10491,S0501,C014,SEM008,B+
E10492,S0199,C106,SEM003,B
E10493,S0947,C007,SEM007,B+
E10494,S0273,C031,SEM004,B+
E10495,S0780,C095,SEM006,B+
E10496,S0284,C011,SEM001,B
E10497,S0265,C004,SEM002,B
E10498,S0651,C054,SEM005,A-
E10499,S0415,C039,SEM002,B+
E10500,S0918,C081,SEM007,C+
E10501,S0775,C100,SEM004,C
E10502,S0602,C010,SEM004,B+
E10503,S0089,C057,SEM008,B
E10504,S0825,C054,SEM003,A
E10505,S0846,C021,SEM008,C
E10506,S0576,C054,SEM005,B
E10507,S0988,C011,SEM006,B+
E10508,S0857,C121,SEM001,B-
E10509,S0280,C089,SEM004,B
E10510,S0131,C003,SEM003,D
E10511,S0268,C064,SEM005,B-
E10512,S0612,C102,SEM004,D
E10513,S0712,C086,SEM008,F
E10514,S0451,C043,SEM004,C
E10515,S0101,C023,SEM002,A
E10516,S0789,C119,SEM007,B+
E10517,S0819,C009,SEM005,B+
E10518,S0101,C002,SEM008,B
E10519,S0160,C032,SEM008,C+
E10520,S0161,C028,SEM001,C+
E10521,S0596,C036,SEM008,B+
E10522,S0554,C076,SEM001,A-
E10523,S0747,C004,SEM002,C+
E10524,S0682,C025,SEM003,C
E10525,S0952,C137,SEM002,B+
E10526,S0195,C062,SEM004,B+
E10527,S0310,C111,SEM007,B
E10528,S0353,C063,SEM007,B-
E10529,S0715,C072,SEM005,A-
E10530,S0598,C015,SEM004,B
E10531,S0400,C007,SEM001,C+
E10532,S0308,C104,SEM002,C+
E10533,S0618,C085,SEM007,C-
E10534,S0030,C108,SEM005,A
E10535,S0234,C023,SEM008,C+
E10536,S1000,C031,SEM006,A-
E10537,S0244,C021,SEM005,B+
E10538,S0395,C039,SEM004,B-
E10539,S0887,C016,SEM003,D
E10540,S0480,C024,SEM005,D
E10541,S0910,C089,SEM007,A-
E10542,S0723,C034,SEM003,F
E10543,S0845,C050,SEM002,C-
E10544,S0812,C108,SEM008,D
E10545,S0831,C081,SEM003,B
E10546,S0401,C064,SEM006,A-
E10547,S0301,C048,SEM007,B
E10548,S0993,C034,SEM005,B+
E10549,S0971,C028,SEM006,C
E10550,S0144,C114,SEM008,B
E10551,S0042,C009,SEM004,B
E10552,S0591,C113,SEM003,B
E10553,S0563,C018,SEM003,B-
E10554,S0802,C013,SEM004,A-
E10555,S0188,C123,SEM002,B-
E10556,S0532,C082,SEM002,C
E10557,S0697,C049,SEM005,B+
E10558,S0272,C068,SEM006,B-
E10559,S0843,C115,SEM002,A-
E10560,S0567,C081,SEM003,B
E10561,S0266,C129,SEM002,B
E10562,S0255,C019,SEM004,B+
E10563,S0113,C037,SEM006,B
E10564,S0477,C061,SEM004,A-
E10565,S0708,C049,SEM001,A-
E10566,S0636,C133,SEM005,B
E10567,S0377,C025,SEM006,B+
E10568,S0470,C004,SEM006,B
E10569,S0080,C013,SEM005,B
E10570,S0295,C146,SEM007,B
E10571,S0643,C115,SEM005,B
E10572,S0148,C108,SEM001,B
E10573,S0428,C081,SEM003,C-
E10574,S0852,C138,SEM008,B
E10575,S0057,C041,SEM003,C
E10576,S0688,C115,SEM007,B-
E10577,S0529,C001,SEM008,A
E10578,S0093,C029,SEM007,B-
E10579,S0693,C141,SEM002,C+
E10580,S0164,C114,SEM008,C+
E10581,S0679,C037,SEM002,C+
E10582,S0500,C049,SEM007,B
E10583,S0856,C109,SEM008,B+
E10584,S0617,C009,SEM007,C
E10585,S0472,C087,SEM002,C+
E10586,S0693,C149,SEM008,A
E10587,S0496,C097,SEM008,B
E10588,S0503,C071,SEM006,C+
E10589,S0310,C057,SEM002,B+
E10590,S0288,C028,SEM004,A-
E10591,S0559,C024,SEM006,C+
E10592,S0380,C016,SEM002,B+
E10593,S0646,C024,SEM008,B+
E10594,S0324,C031,SEM006,B
E10595,S0188,C067,SEM006,B
E10596,S0496,C038,SEM002,C-
E10597,S0028,C038,SEM003,B
E10598,S0828,C046,SEM005,B+
E10599,S0705,C039,SEM001,A-
E10600,S0047,C134,SEM007,B
E10601,S0412,C125,SEM005,B-
E10602,S0736,C014,SEM008,B+
E10603,S0572,C015,SEM002,B
E10604,S0752,C105,SEM008,B-
E10605,S0344,C131,SEM001,B-
E10606,S0803,C074,SEM003,C+
E10607,S0884,C092,SEM002,A-
E10608,S0309,C100,SEM003,B+
E10609,S0499,C138,SEM001,B
E10610,S0874,C084,SEM002,C-
E10611,S0441,C074,SEM003,B-
E10612,S0278,C114,SEM005,B
E10613,S0663,C041,SEM003,B
E10614,S0325,C049,SEM001,A
E10615,S0794,C074,SEM004,B
E10616,S0521,C018,SEM005,A-
E10617,S0139,C061,SEM006,B
E10618,S0161,C063,SEM005,B+
E10619,S0338,C003,SEM006,B+
E10620,S0156,C065,SEM007,B+
E10621,S0551,C083,SEM004,B+
E10622,S0916,C005,SEM002,A
E10623,S0357,C141,SEM001,C+
E10624,S0062,C014,SEM005,A
E10625,S0966,C007,SEM003,C+
E10626,S0028,C035,SEM006,C-
E10627,S0498,C004,SEM007,B
E10628,S0133,C148,SEM001,B
E10629,S0792,C066,SEM008,C
E10630,S0642,C025,SEM008,A-
E10631,S0919,C114,SEM007,B-
E10632,S0813,C077,SEM003,C+
E10633,S0796,C009,SEM008,B+
E10634,S0547,C087,SEM001,B+
E10635,S0673,C143,SEM005,B-
E10636,S0669,C064,SEM006,B
E10637,S0603,C031,SEM002,C
E10638,S0816,C075,SEM006,A
E10639,S0231,C136,SEM006,B-
E10640,S0157,C089,SEM002,B-
E10641,S0673,C073,SEM005,C-
E10642,S0899,C025,SEM001,C
E10643,S0238,C040,SEM008,B+
E10644,S0854,C135,SEM003,F
E10645,S0635,C024,SEM004,A
E10646,S0833,C020,SEM005,A
E10647,S0822,C048,SEM001,B-
E10648,S0646,C086,SEM004,B
E10649,S0916,C091,SEM004,B-
E10650,S0618,C122,SEM008,B
E10651,S0053,C062,SEM005,B+
E10652,S0553,C042,SEM003,D
E10653,S0924,C059,SEM006,B-
E10654,S0783,C067,SEM008,B
E10655,S0481,C004,SEM003,C-
E10656,S0646,C070,SEM005,B+
E10657,S0360,C030,SEM003,C
E10658,S0025,C037,SEM003,A-
E10659,S0818,C003,SEM007,C+
E10660,S0541,C010,SEM008,C
E10661,S0868,C074,SEM008,C+
E10662,S0793,C108,SEM006,B
E10663,S0574,C043,SEM002,A
E10664,S0042,C008,SEM007,B+
E10665,S0564,C047,SEM005,B
E10666,S0991,C095,SEM008,C+
E10667,S0800,C104,SEM005,B+
E10668,S0649,C083,SEM002,A
E10669,S0565,C058,SEM008,B-
E10670,S0479,C032,SEM001,C
E10671,S0042,C024,SEM002,B-
E10672,S0096,C057,SEM007,A
E10673,S0955,C071,SEM006,B
E10674,S0771,C037,SEM008,B-
E10675,S0975,C064,SEM004,A
E10676,S0724,C068,SEM007,C+
E10677,S0013,C041,SEM005,C
E10678,S0152,C035,SEM007,B+
E10679,S0175,C075,SEM003,B-
E10680,S0057,C064,SEM003,C+
E10681,S0157,C090,SEM002,B+
E10682,S0106,C018,SEM005,B
E10683,S0679,C061,SEM004,B
E10684,S0064,C021,SEM008,B+
E10685,S0798,C020,SEM002,C
E10686,S0630,C108,SEM005,F
E10687,S0267,C031,SEM005,C
E10688,S0149,C089,SEM001,C+
E10689,S0775,C045,SEM002,C
E10690,S0659,C001,SEM003,B+
E10691,S0775,C080,SEM007,A
E10692,S0191,C028,SEM004,B+
E10693,S0787,C087,SEM005,B-
E10694,S0332,C119,SEM001,C
E10695,S0617,C037,SEM005,B+
E10696,S0198,C006,SEM002,B+
E10697,S0318,C013,SEM002,C+
E10698,S0802,C064,SEM003,C-
E10699,S0748,C058,SEM006,D
E10700,S0787,C056,SEM005,B-
E10701,S0868,C063,SEM008,B+
E10702,S0644,C007,SEM001,C-
E10703,S0227,C091,SEM001,A-
E10704,S0703,C019,SEM003,A-
E10705,S0369,C004,SEM004,C+
E10706,S0632,C094,SEM005,B
E10707,S0012,C081,SEM006,B+
E10708,S0435,C023,SEM005,B+
E10709,S0723,C057,SEM007,B+
E10710,S0700,C104,SEM002,B+
E10711,S0747,C021,SEM002,B+
E10712,S0724,C041,SEM007,B-
E10713,S0631,C052,SEM002,B
E10714,S0064,C145,SEM002,B-
E10715,S0281,C017,SEM006,B+
E10716,S0649,C015,SEM005,B-
E10717,S0086,C010,SEM004,A
E10718,S0608,C022,SEM006,B-
E10719,S0264,C007,SEM005,B
E10720,S0083,C117,SEM004,A
E10721,S0467,C069,SEM001,A-
E10722,S0164,C017,SEM006,B
E10723,S0001,C010,SEM004,A-
E10724,S0048,C093,SEM002,D
E10725,S0492,C004,SEM005,A-
E10726,S0141,C056,SEM006,B-
E10727,S0156,C013,SEM001,B+
E10728,S0644,C074,SEM003,B+
E10729,S0469,C028,SEM008,B-
E10730,S0597,C054,SEM008,B-
E10731,S0364,C090,SEM006,C-
E10732,S0656,C054,SEM005,A-
E10733,S0220,C094,SEM006,A
E10734,S0761,C033,SEM005,B+
E10735,S0955,C003,SEM006,B
E10736,S0617,C014,SEM001,B
E10737,S0157,C045,SEM006,C-
E10738,S0220,C032,SEM005,A-
E10739,S0821,C065,SEM002,B-
E10740,S0685,C141,SEM007,B-
E10741,S0653,C085,SEM004,B+
E10742,S0284,C075,SEM007,B
E10743,S0210,C043,SEM003,B+
E10744,S0265,C083,SEM003,B-
E10745,S0764,C063,SEM008,C+
E10746,S0103,C024,SEM006,B+
E10747,S0342,C030,SEM002,C+
E10748,S0692,C054,SEM005,C+
E10749,S0998,C070,SEM002,A-
E10750,S0317,C047,SEM005,D
E10751,S0394,C010,SEM002,B-
E10752,S0432,C073,SEM007,A-
E10753,S0516,C007,SEM001,B-
E10754,S0623,C015,SEM003,C
E10755,S0662,C138,SEM003,C
E10756,S0408,C019,SEM007,C+
E10757,S0399,C115,SEM008,C+
E10758,S0912,C049,SEM005,C
E10759,S0121,C012,SEM006,B-
E10760,S0165,C076,SEM002,C+
E10761,S0513,C045,SEM003,B-
E10762,S0676,C007,SEM002,A
E10763,S0079,C089,SEM006,B-
E10764,S0766,C079,SEM008,B+
E10765,S0419,C033,SEM006,C+
E10766,S0666,C047,SEM006,C-
E10767,S0111,C050,SEM001,B-
E10768,S0459,C018,SEM006,B
E10769,S0762,C056,SEM004,A-
E10770,S0601,C033,SEM004,B+
E10771,S0706,C025,SEM003,F
E10772,S0301,C109,SEM005,D
E10773,S0132,C041,SEM007,C
E10774,S0707,C047,SEM002,B
E10775,S0175,C046,SEM004,B
E10776,S0845,C073,SEM001,A
E10777,S0327,C095,SEM002,C-
E10778,S0250,C010,SEM005,B+
E10779,S0112,C064,SEM003,D
E10780,S0056,C102,SEM008,A
E10781,S0711,C081,SEM001,A-
E10782,S0721,C021,SEM008,B
E10783,S0332,C102,SEM006,B+
E10784,S0504,C008,SEM003,A
E10785,S0075,C087,SEM001,C-
E10786,S0809,C043,SEM002,B
E10787,S0213,C056,SEM006,C
E10788,S0314,C006,SEM003,A-
E10789,S0355,C021,SEM006,B
E10790,S0259,C001,SEM002,F
E10791,S0885,C096,SEM003,C+
E10792,S0267,C054,SEM003,B-
E10793,S0266,C013,SEM004,B
E10794,S0716,C027,SEM004,B+
E10795,S0188,C097,SEM005,B
E10796,S0383,C035,SEM001,B
E10797,S0846,C143,SEM006,C+
E10798,S0710,C067,SEM005,B-
E10799,S0012,C057,SEM002,A-
E10800,S0665,C007,SEM002,C
E10801,S0073,C007,SEM003,B-
E10802,S0851,C032,SEM002,B-
E10803,S0009,C082,SEM002,F
E10804,S0379,C021,SEM008,B
E10805,S0063,C012,SEM002,C+
E10806,S0823,C012,SEM004,B+
E10807,S0414,C116,SEM005,B-
E10808,S0430,C110,SEM001,A
E10809,S0874,C045,SEM001,C
E10810,S0693,C033,SEM003,B-
E10811,S0136,C016,SEM004,C
E10812,S0340,C039,SEM005,C
E10813,S0068,C009,SEM003,B-
E10814,S0337,C026,SEM008,C
E10815,S0792,C009,SEM001,B-
E10816,S0954,C042,SEM003,C-
E10817,S0996,C042,SEM004,B+
E10818,S0530,C099,SEM001,A
E10819,S0761,C111,SEM003,A
E10820,S0351,C086,SEM004,B
E10821,S0558,C099,SEM006,D
E10822,S0911,C133,SEM002,B-
E10823,S0906,C124,SEM003,A-
E10824,S0564,C111,SEM006,B+
E10825,S0451,C028,SEM005,B-
E10826,S0520,C034,SEM001,B-
E10827,S0496,C018,SEM008,A-
E10828,S0830,C005,SEM006,A-
E10829,S0946,C005,SEM003,B+
E10830,S0150,C039,SEM004,D
E10831,S0946,C009,SEM004,C-
E10832,S0415,C035,SEM003,C
E10833,S0703,C104,SEM006,A
E10834,S0983,C040,SEM001,B
E10835,S0969,C114,SEM003,B+
E10836,S0551,C114,SEM005,D
E10837,S0489,C010,SEM004,C
E10838,S0492,C063,SEM006,B
E10839,S0740,C003,SEM003,C+
E10840,S0007,C091,SEM008,B
E10841,S0221,C028,SEM001,C-
E10842,S0988,C040,SEM008,B-
E10843,S0774,C053,SEM007,C-
E10844,S0680,C032,SEM003,B-
E10845,S0288,C064,SEM003,C
E10846,S0900,C069,SEM007,A-
E10847,S0579,C030,SEM008,A
E10848,S0671,C024,SEM006,B-
E10849,S0296,C140,SEM006,A-
E10850,S0600,C074,SEM001,D
E10851,S0747,C010,SEM001,B+
E10852,S0822,C045,SEM001,B+
E10853,S0820,C007,SEM001,A-
E10854,S0758,C039,SEM004,B
E10855,S0804,C046,SEM007,A-
E10856,S0449,C056,SEM006,D
E10857,S0448,C002,SEM004,B+
E10858,S0940,C064,SEM003,B-
E10859,S0739,C023,SEM006,B
E10860,S0653,C061,SEM002,C+
E10861,S0237,C050,SEM006,B
E10862,S0249,C032,SEM007,C+
E10863,S0091,C045,SEM002,B
E10864,S0303,C141,SEM004,C+
E10865,S0175,C103,SEM005,D
E10866,S0214,C016,SEM008,B+
E10867,S0776,C107,SEM005,B
E10868,S0969,C127,SEM004,B-
E10869,S0678,C026,SEM002,D
E10870,S0240,C090,SEM003,A-
E10871,S0564,C115,SEM002,A-
E10872,S0927,C031,SEM006,B+
E10873,S0530,C076,SEM005,B
E10874,S0517,C079,SEM001,C
E10875,S0411,C019,SEM004,B+
E10876,S0590,C107,SEM006,B-
E10877,S0881,C026,SEM008,B+
E10878,S0892,C126,SEM002,A
E10879,S0371,C015,SEM001,F
E10880,S0561,C121,SEM004,B+
E10881,S0582,C053,SEM002,B
E10882,S0927,C138,SEM001,B
E10883,S0962,C100,SEM004,C+
E10884,S0676,C093,SEM001,B
E10885,S0783,C011,SEM008,C-
E10886,S0063,C023,SEM004,A
E10887,S0348,C007,SEM008,C
E10888,S0414,C126,SEM008,B
E10889,S0695,C059,SEM006,A-
E10890,S0346,C099,SEM008,B+
E10891,S0893,C114,SEM002,B-
E10892,S0059,C023,SEM004,B
E10893,S0101,C074,SEM003,F
E10894,S0568,C040,SEM006,D
E10895,S0459,C014,SEM004,B-
E10896,S0217,C078,SEM006,B-
E10897,S0770,C052,SEM008,A-
E10898,S0049,C037,SEM003,A-
E10899,S0600,C002,SEM007,A
E10900,S0060,C020,SEM005,B
E10901,S0506,C057,SEM003,A
E10902,S0464,C068,SEM004,C+
E10903,S0395,C015,SEM004,B+
E10904,S0276,C049,SEM002,A
E10905,S0029,C008,SEM006,B
E10906,S0508,C039,SEM001,B-
E10907,S0085,C012,SEM008,A
E10908,S0654,C039,SEM006,B+
E10909,S0178,C063,SEM001,B-
E10910,S0298,C102,SEM005,B+
E10911,S0311,C002,SEM006,A-
E10912,S0644,C123,SEM001,A
E10913,S0838,C016,SEM001,C+
E10914,S0136,C019,SEM001,B
E10915,S0373,C058,SEM003,B+
E10916,S0992,C108,SEM006,B-
E10917,S0064,C043,SEM002,A-
E10918,S0270,C132,SEM002,A-
E10919,S0473,C010,SEM006,B
E10920,S0697,C079,SEM004,B
E10921,S0263,C128,SEM008,B-
E10922,S0895,C057,SEM001,D
E10923,S0932,C071,SEM005,B
E10924,S0755,C095,SEM003,B
E10925,S0091,C019,SEM007,C
E10926,S0548,C004,SEM003,B+
E10927,S0776,C073,SEM003,C+
E10928,S0712,C006,SEM005,C+
E10929,S0982,C033,SEM001,B+
E10930,S0749,C009,SEM007,B
E10931,S0676,C008,SEM007,A-
E10932,S0395,C060,SEM007,A-
E10933,S0956,C025,SEM001,B
E10934,S0337,C024,SEM002,D
E10935,S0219,C031,SEM006,B+
E10936,S0211,C006,SEM005,A-
E10937,S0254,C106,SEM005,B-
E10938,S0789,C059,SEM008,B-
E10939,S0555,C009,SEM007,A
E10940,S0989,C051,SEM008,B-
E10941,S0963,C059,SEM005,B-
E10942,S0616,C141,SEM005,D
E10943,S0416,C007,SEM001,B
E10944,S0639,C048,SEM005,A
E10945,S0650,C010,SEM007,B
E10946,S0424,C002,SEM003,C+
E10947,S0826,C075,SEM003,B+
E10948,S0211,C143,SEM002,B+
E10949,S0732,C019,SEM006,B-
E10950,S0069,C019,SEM001,B
E10951,S0010,C113,SEM008,C+
E10952,S0899,C043,SEM006,C-
E10953,S0193,C064,SEM007,C
E10954,S0675,C012,SEM005,C-
E10955,S0748,C066,SEM005,B+
E10956,S0575,C055,SEM005,B+
E10957,S0137,C051,SEM004,A
E10958,S0514,C093,SEM004,C-
E10959,S0205,C107,SEM007,D
E10960,S0530,C047,SEM007,B-
E10961,S0543,C005,SEM005,B
E10962,S0668,C037,SEM003,B+
E10963,S0158,C083,SEM001,B+
E10964,S0100,C036,SEM002,C+
E10965,S0576,C008,SEM004,B-
E10966,S0519,C063,SEM003,B
E10967,S0494,C039,SEM003,A
E10968,S0291,C023,SEM006,C+
E10969,S0831,C017,SEM008,A
E10970,S0070,C077,SEM008,B-
E10971,S0557,C035,SEM001,B
E10972,S0474,C049,SEM008,C
E10973,S0823,C049,SEM003,C
E10974,S0226,C124,SEM005,B
E10975,S0338,C049,SEM002,C+
E10976,S0884,C098,SEM008,B
E10977,S0668,C092,SEM003,B
E10978,S0863,C103,SEM004,A
E10979,S0448,C124,SEM005,C
E10980,S0500,C034,SEM004,C+
E10981,S0767,C108,SEM003,B
E10982,S0471,C052,SEM005,B
E10983,S0376,C020,SEM002,C+
E10984,S0034,C082,SEM001,B
E10985,S0569,C073,SEM006,C+
E10986,S0119,C038,SEM003,F
E10987,S0724,C076,SEM008,C
E10988,S0824,C053,SEM003,B-
E10989,S0183,C069,SEM007,B+
E10990,S0975,C019,SEM002,C+
E10991,S0448,C015,SEM004,C+
E10992,S0619,C050,SEM004,B
E10993,S0933,C102,SEM008,F
E10994,S0065,C072,SEM003,C
E10995,S0140,C054,SEM001,B
E10996,S0605,C033,SEM002,F
E10997,S0292,C009,SEM006,B-
E10998,S0951,C006,SEM005,B-
E10999,S0101,C015,SEM004,B
E11000,S0682,C017,SEM004,B-
E11001,S0372,C071,SEM006,B+
E11002,S0829,C036,SEM002,B+
E11003,S0596,C121,SEM001,B
E11004,S0219,C115,SEM003,B-
E11005,S0365,C059,SEM008,B+
E11006,S0216,C141,SEM003,C
E11007,S0713,C064,SEM008,C+
E11008,S0576,C094,SEM002,B
E11009,S0830,C074,SEM005,B
E11010,S0845,C004,SEM001,A-
E11011,S0391,C127,SEM001,A-
E11012,S0576,C013,SEM003,B-
E11013,S0480,C006,SEM006,C
E11014,S0286,C008,SEM002,B
E11015,S0325,C141,SEM003,B+
E11016,S0366,C031,SEM001,C
E11017,S0876,C090,SEM007,B
E11018,S0683,C045,SEM007,D
E11019,S0930,C053,SEM003,B-
E11020,S0369,C043,SEM007,C
E11021,S0401,C062,SEM006,F
E11022,S0245,C025,SEM002,F
E11023,S0120,C091,SEM006,A
E11024,S0741,C051,SEM007,B+
E11025,S0291,C079,SEM008,C
E11026,S0201,C019,SEM003,B
E11027,S0336,C020,SEM001,A-
E11028,S0148,C043,SEM002,B+
E11029,S0549,C026,SEM005,B
E11030,S0823,C094,SEM004,B
E11031,S0508,C045,SEM008,C-
E11032,S0879,C067,SEM002,A
E11033,S0325,C074,SEM005,B
E11034,S0813,C043,SEM004,C+
E11035,S0125,C031,SEM003,A
E11036,S0106,C015,SEM006,B+
E11037,S0627,C081,SEM006,B
E11038,S0911,C053,SEM002,C+
E11039,S0677,C041,SEM006,B+
E11040,S0407,C053,SEM005,C+
E11041,S0838,C018,SEM006,A-
E11042,S0775,C011,SEM007,B+
E11043,S0657,C002,SEM008,C
E11044,S0055,C043,SEM007,C+
E11045,S0806,C017,SEM004,B-
E11046,S0949,C031,SEM001,A-
E11047,S0575,C083,SEM001,C+
E11048,S0706,C004,SEM004,B+
E11049,S0045,C125,SEM001,B-
E11050,S0403,C136,SEM006,B+
E11051,S0097,C019,SEM005,D
E11052,S0494,C038,SEM008,B-
E11053,S0460,C003,SEM003,B-
E11054,S0450,C076,SEM006,C
E11055,S0219,C070,SEM005,B-
E11056,S0401,C110,SEM003,C+
E11057,S0165,C084,SEM007,A-
E11058,S0479,C060,SEM003,A
E11059,S0782,C033,SEM003,A
E11060,S0329,C017,SEM001,D
E11061,S0964,C026,SEM007,A-
E11062,S0012,C094,SEM003,B
E11063,S0484,C029,SEM005,B+
E11064,S0829,C012,SEM006,B
E11065,S0359,C115,SEM007,B+
E11066,S0816,C071,SEM002,C+
E11067,S0863,C013,SEM008,B
E11068,S0206,C108,SEM002,B+
E11069,S0587,C021,SEM003,C-
E11070,S0316,C098,SEM004,A-
E11071,S0077,C003,SEM006,F
E11072,S0057,C094,SEM002,B
E11073,S0338,C011,SEM004,D
E11074,S0072,C133,SEM002,B
E11075,S0918,C088,SEM006,B-
E11076,S0383,C007,SEM003,B
E11077,S0225,C107,SEM008,B
E11078,S0282,C046,SEM004,B-
E11079,S0329,C017,SEM008,F
E11080,S0517,C017,SEM007,B
E11081,S0917,C085,SEM004,C
E11082,S0587,C016,SEM007,B
E11083,S0752,C010,SEM008,B-
E11084,S0323,C065,SEM008,A-
E11085,S0800,C023,SEM006,B
E11086,S0127,C025,SEM004,A
E11087,S0910,C001,SEM005,C+
E11088,S0892,C013,SEM005,C+
E11089,S0914,C038,SEM007,A
E11090,S0426,C137,SEM006,C-
E11091,S0071,C028,SEM006,C
E11092,S0123,C055,SEM004,C+
E11093,S0615,C074,SEM004,C-
E11094,S0862,C052,SEM006,B
E11095,S0248,C062,SEM008,A-
E11096,S0162,C098,SEM001,C
E11097,S0722,C106,SEM007,C+
E11098,S0691,C018,SEM002,D
E11099,S0461,C107,SEM008,B+
E11100,S0650,C074,SEM007,C+
E11101,S0432,C065,SEM001,B
E11102,S0814,C038,SEM008,C
E11103,S0526,C063,SEM007,A
E11104,S0961,C059,SEM001,C
E11105,S0928,C012,SEM003,C
E11106,S0766,C067,SEM002,C-
E11107,S0232,C031,SEM006,B+
E11108,S0450,C002,SEM005,C+
E11109,S0416,C046,SEM002,B
E11110,S0868,C041,SEM001,A-
E11111,S0653,C122,SEM007,A
E11112,S0918,C039,SEM007,C-
E11113,S0527,C076,SEM005,A
E11114,S0918,C038,SEM002,B
E11115,S0254,C072,SEM002,D
E11116,S0217,C076,SEM005,B
E11117,S0407,C045,SEM004,B+
E11118,S0635,C100,SEM001,B
E11119,S0346,C081,SEM005,B-
E11120,S0223,C087,SEM005,B+
E11121,S0480,C004,SEM006,B+
E11122,S0861,C145,SEM004,B
E11123,S0627,C008,SEM003,A
E11124,S0175,C128,SEM001,C
E11125,S0454,C008,SEM006,B
E11126,S0666,C018,SEM008,B+
E11127,S0103,C018,SEM007,B
E11128,S0512,C072,SEM006,B
E11129,S0094,C066,SEM001,A-
E11130,S0403,C101,SEM003,D
E11131,S0371,C001,SEM007,C-
E11132,S0178,C009,SEM004,C
E11133,S0624,C060,SEM004,B+
E11134,S0169,C080,SEM008,C
E11135,S0892,C007,SEM008,D
E11136,S0127,C122,SEM005,B
E11137,S0898,C074,SEM004,C
E11138,S0755,C057,SEM008,C-
E11139,S0884,C010,SEM001,B+
E11140,S0365,C032,SEM001,A
E11141,S0420,C067,SEM006,B-
E11142,S0187,C014,SEM006,A
E11143,S0417,C024,SEM006,C
E11144,S0833,C055,SEM003,B-
E11145,S0641,C139,SEM007,B
E11146,S0554,C078,SEM001,B
E11147,S0532,C029,SEM008,B+
E11148,S0726,C035,SEM004,B-
E11149,S0876,C031,SEM001,C+
E11150,S0070,C105,SEM002,D
E11151,S0460,C083,SEM002,B+
E11152,S0827,C026,SEM003,B
E11153,S0612,C093,SEM001,D
E11154,S0724,C036,SEM003,F
E11155,S0676,C055,SEM005,B
E11156,S0801,C014,SEM004,B
E11157,S0330,C008,SEM007,B
E11158,S0633,C020,SEM002,C
E11159,S0945,C025,SEM001,B
E11160,S0724,C027,SEM008,C+
E11161,S0042,C013,SEM007,B
E11162,S0337,C101,SEM001,C-
E11163,S0780,C109,SEM005,B+
E11164,S0646,C033,SEM002,F
E11165,S0383,C129,SEM006,B+
E11166,S0556,C030,SEM008,C+
E11167,S0232,C013,SEM006,B
E11168,S0417,C071,SEM005,B
E11169,S0984,C009,SEM006,C+
E11170,S0639,C010,SEM003,C+
E11171,S0665,C063,SEM008,F
E11172,S0806,C033,SEM008,D
E11173,S0358,C069,SEM001,F
E11174,S0937,C107,SEM004,B-
E11175,S0790,C053,SEM003,B
E11176,S0682,C125,SEM003,B-
E11177,S0438,C106,SEM003,A
E11178,S0497,C030,SEM005,B-
E11179,S0253,C052,SEM006,C+
E11180,S0898,C037,SEM004,B+
E11181,S0675,C112,SEM004,B+
E11182,S0446,C069,SEM007,B-
E11183,S0552,C068,SEM004,C
E11184,S0643,C076,SEM004,B+
E11185,S0625,C049,SEM004,A-
E11186,S0139,C006,SEM001,C-
E11187,S0754,C030,SEM001,C+
E11188,S0862,C029,SEM001,B+
E11189,S0616,C050,SEM002,C-
E11190,S0524,C040,SEM004,C-
E11191,S0354,C024,SEM002,B
E11192,S0226,C023,SEM007,A
E11193,S0622,C039,SEM006,B+
E11194,S0581,C023,SEM005,A
E11195,S0613,C021,SEM001,A
E11196,S0027,C129,SEM002,C-
E11197,S0116,C080,SEM003,B+
E11198,S0794,C116,SEM006,C+
E11199,S0927,C062,SEM002,A
E11200,S0471,C014,SEM003,C
E11201,S0976,C052,SEM008,B+
E11202,S0476,C005,SEM002,B
E11203,S0361,C053,SEM006,B
E11204,S0539,C020,SEM004,B+
E11205,S0032,C012,SEM003,B+
E11206,S0692,C113,SEM007,B
E11207,S0027,C033,SEM003,C-
E11208,S0915,C002,SEM001,F
E11209,S0049,C019,SEM001,C
E11210,S0627,C029,SEM007,B
E11211,S0750,C079,SEM003,B
E11212,S0946,C049,SEM007,A-
E11213,S0324,C036,SEM007,C
E11214,S0861,C013,SEM008,B-
E11215,S0512,C047,SEM002,B
E11216,S0442,C007,SEM007,B-
E11217,S0256,C066,SEM005,B-
E11218,S0849,C022,SEM004,F
E11219,S0580,C047,SEM001,B+
E11220,S0063,C065,SEM006,C+
E11221,S0639,C040,SEM008,B
E11222,S0637,C077,SEM007,B+
E11223,S0755,C064,SEM001,B
E11224,S0288,C054,SEM005,C-
E11225,S0456,C072,SEM006,C-
E11226,S0605,C040,SEM006,F
E11227,S0012,C149,SEM002,B-
E11228,S0854,C120,SEM002,A
E11229,S0077,C070,SEM001,B-
E11230,S0159,C106,SEM004,A-
E11231,S0566,C014,SEM001,B
E11232,S0121,C006,SEM001,A-
E11233,S0998,C002,SEM003,A
E11234,S0343,C072,SEM006,B-
E11235,S0995,C008,SEM005,B-
E11236,S0863,C112,SEM005,B
E11237,S0117,C110,SEM006,C+
E11238,S0567,C005,SEM004,C-
E11239,S0593,C086,SEM003,C+
E11240,S0469,C123,SEM008,B-
E11241,S0935,C031,SEM004,D
E11242,S0293,C024,SEM004,B-
E11243,S0906,C134,SEM008,B-
E11244,S0325,C104,SEM002,B-
E11245,S0175,C110,SEM008,D
E11246,S0546,C007,SEM001,C+
E11247,S0464,C087,SEM007,B
E11248,S0064,C083,SEM004,B
E11249,S0120,C074,SEM005,B
E11250,S0441,C075,SEM005,B
E11251,S0674,C049,SEM003,B+
E11252,S0905,C146,SEM004,A-
E11253,S0148,C033,SEM006,B
E11254,S0384,C010,SEM001,A-
E11255,S0408,C028,SEM005,B
E11256,S0953,C004,SEM001,B
E11257,S0832,C067,SEM002,F
E11258,S0179,C072,SEM005,C+
E11259,S0060,C019,SEM004,B+
E11260,S0835,C075,SEM002,F
E11261,S0416,C007,SEM008,B-
E11262,S0560,C004,SEM002,C+
E11263,S0545,C084,SEM007,B
E11264,S0411,C150,SEM004,A
E11265,S0783,C093,SEM001,C+
E11266,S0018,C024,SEM003,B
E11267,S0769,C033,SEM007,C+
E11268,S0984,C006,SEM007,A
E11269,S0585,C003,SEM007,A-
E11270,S0606,C021,SEM007,F
E11271,S0310,C084,SEM002,B+
E11272,S0143,C093,SEM004,C
E11273,S0935,C143,SEM002,B
E11274,S0635,C048,SEM001,B+
E11275,S0006,C032,SEM004,B+
E11276,S0543,C086,SEM005,C+
E11277,S0832,C038,SEM004,B+
E11278,S0559,C150,SEM003,C+
E11279,S0399,C003,SEM008,A-
E11280,S0021,C058,SEM005,B
E11281,S0947,C037,SEM008,A-
E11282,S0842,C070,SEM002,B
E11283,S0647,C059,SEM005,B-
E11284,S0906,C060,SEM001,C-
E11285,S0726,C016,SEM006,A-
E11286,S0255,C030,SEM005,A
E11287,S0194,C114,SEM003,B
E11288,S0210,C037,SEM003,A-
E11289,S0755,C100,SEM004,C+
E11290,S0379,C078,SEM004,B
E11291,S0483,C042,SEM006,B
E11292,S0336,C010,SEM004,B
E11293,S0621,C030,SEM001,B-
E11294,S0932,C127,SEM001,C-
E11295,S0775,C084,SEM002,B+
E11296,S0527,C098,SEM007,B
E11297,S0103,C084,SEM002,B-
E11298,S0909,C003,SEM002,C-
E11299,S0861,C124,SEM007,B+
E11300,S0067,C015,SEM004,B-
E11301,S0757,C006,SEM004,B-
E11302,S0936,C033,SEM002,A-
E11303,S0592,C077,SEM002,A
E11304,S0528,C043,SEM007,B+
E11305,S0704,C003,SEM008,B
E11306,S0966,C006,SEM005,B+
E11307,S0681,C005,SEM004,B
E11308,S0537,C146,SEM006,C+
E11309,S0451,C002,SEM002,B
E11310,S0477,C099,SEM007,A
E11311,S0794,C067,SEM006,A-
E11312,S0082,C054,SEM005,A
E11313,S0327,C071,SEM001,C
E11314,S0181,C022,SEM002,B+
E11315,S0190,C009,SEM006,C-
E11316,S0742,C101,SEM006,C-
E11317,S0511,C092,SEM008,B
E11318,S0161,C067,SEM005,B+
E11319,S0868,C031,SEM005,C+
E11320,S0400,C016,SEM003,C
E11321,S0178,C011,SEM003,B
E11322,S0111,C096,SEM008,B+
E11323,S0682,C056,SEM001,F
E11324,S0159,C094,SEM004,B+
E11325,S0071,C022,SEM008,B
E11326,S0981,C029,SEM004,B-
E11327,S0716,C040,SEM005,C+
E11328,S0788,C108,SEM001,D
E11329,S0418,C006,SEM005,B+
E11330,S0666,C023,SEM007,C
E11331,S0850,C087,SEM002,B
E11332,S0183,C080,SEM006,B+
E11333,S0726,C066,SEM006,B-
E11334,S0726,C051,SEM001,A-
E11335,S0139,C064,SEM001,A-
E11336,S0972,C020,SEM008,B+
E11337,S0737,C116,SEM003,B
E11338,S0698,C078,SEM004,A-
E11339,S0944,C120,SEM002,C
E11340,S0055,C028,SEM002,A-
E11341,S0374,C043,SEM002,B-
E11342,S0141,C012,SEM003,B+
E11343,S0158,C062,SEM002,C+
E11344,S0115,C031,SEM001,B
E11345,S0113,C101,SEM004,A-
E11346,S0613,C064,SEM005,B
E11347,S0013,C079,SEM001,B
E11348,S0232,C035,SEM008,B-
E11349,S0928,C107,SEM002,B-
E11350,S0302,C049,SEM002,B
E11351,S0809,C001,SEM006,B+
E11352,S0986,C112,SEM008,F
E11353,S0301,C008,SEM001,A-
E11354,S0744,C030,SEM003,B-
E11355,S0938,C094,SEM008,C
E11356,S0097,C024,SEM007,B
E11357,S0584,C017,SEM001,B+
E11358,S0268,C001,SEM003,A
E11359,S0147,C012,SEM001,C
E11360,S0197,C081,SEM004,C-
E11361,S0794,C030,SEM003,B+
E11362,S0610,C016,SEM002,A-
E11363,S0233,C009,SEM002,F
E11364,S0125,C036,SEM005,B-
E11365,S0171,C043,SEM004,C
E11366,S0362,C077,SEM002,B-
E11367,S0655,C029,SEM004,B
E11368,S0438,C005,SEM005,B-
E11369,S0682,C056,SEM006,B+
E11370,S0332,C079,SEM002,B+
E11371,S0536,C032,SEM007,C
E11372,S0867,C096,SEM002,A-
E11373,S0825,C004,SEM005,B
E11374,S0533,C086,SEM003,B+
E11375,S0541,C010,SEM005,B
E11376,S0205,C079,SEM001,B
E11377,S0146,C027,SEM004,D
E11378,S0517,C055,SEM004,C+
E11379,S0302,C034,SEM002,A-
E11380,S0262,C054,SEM001,B-
E11381,S0697,C092,SEM008,B
E11382,S0064,C010,SEM008,C+
E11383,S0095,C021,SEM007,B
E11384,S0985,C008,SEM004,C+
E11385,S0323,C094,SEM005,A
E11386,S0955,C078,SEM008,B+
E11387,S0048,C045,SEM004,B
E11388,S0837,C070,SEM006,B-
E11389,S0893,C020,SEM004,B
E11390,S0934,C036,SEM004,C-
E11391,S0265,C031,SEM005,A
E11392,S0299,C021,SEM004,B
E11393,S0056,C017,SEM001,B-
E11394,S0331,C099,SEM008,A-
E11395,S0720,C020,SEM006,B
E11396,S0166,C004,SEM008,A-
E11397,S0123,C039,SEM001,D
E11398,S0768,C039,SEM001,B+
E11399,S0924,C038,SEM003,B
E11400,S0574,C014,SEM006,A
E11401,S0042,C034,SEM002,C+
E11402,S0908,C083,SEM007,F
E11403,S0919,C065,SEM004,D
E11404,S0156,C093,SEM006,B+
E11405,S0593,C008,SEM004,D
E11406,S0787,C081,SEM002,C-
E11407,S0072,C104,SEM001,B
E11408,S0056,C008,SEM008,F
E11409,S0145,C093,SEM003,F
E11410,S0396,C099,SEM002,B+
E11411,S0315,C048,SEM002,C-
E11412,S0172,C039,SEM003,B+
E11413,S0123,C034,SEM005,A
E11414,S0851,C116,SEM007,F
E11415,S0854,C040,SEM005,B
E11416,S0931,C017,SEM004,B
E11417,S0821,C037,SEM008,A-
E11418,S0959,C008,SEM006,B-
E11419,S0589,C043,SEM006,A-
E11420,S0467,C018,SEM005,C+
E11421,S0032,C087,SEM008,A
E11422,S0392,C026,SEM003,C+
E11423,S0328,C012,SEM006,A-
E11424,S0614,C074,SEM001,B-
E11425,S0840,C042,SEM002,C-
E11426,S0369,C004,SEM008,C+
E11427,S0996,C007,SEM004,C
E11428,S0292,C019,SEM002,B
E11429,S0979,C076,SEM006,B-
E11430,S0001,C003,SEM008,B-
E11431,S0187,C054,SEM008,C
E11432,S0679,C027,SEM007,B+
E11433,S0156,C021,SEM008,B+
E11434,S0706,C018,SEM007,C
E11435,S0343,C060,SEM002,B+
E11436,S0543,C125,SEM002,A-
E11437,S0697,C024,SEM004,A
E11438,S0789,C029,SEM007,A
E11439,S0182,C120,SEM006,A
E11440,S0976,C048,SEM007,C
E11441,S0836,C016,SEM002,B-
E11442,S0441,C065,SEM006,C+
E11443,S0139,C020,SEM006,C+
E11444,S0103,C060,SEM006,B
E11445,S0128,C029,SEM006,B+
E11446,S0789,C054,SEM003,B+
E11447,S0006,C013,SEM007,B-
E11448,S0335,C009,SEM005,C+
E11449,S0505,C020,SEM003,B+
E11450,S0739,C011,SEM002,B
E11451,S0256,C110,SEM007,C+
E11452,S0821,C120,SEM007,B+
E11453,S0292,C036,SEM006,B-
E11454,S0458,C041,SEM003,C-
E11455,S0582,C001,SEM002,A-
E11456,S0133,C063,SEM004,A-
E11457,S0696,C076,SEM006,B-
E11458,S0787,C011,SEM008,C+
E11459,S0292,C130,SEM004,D
E11460,S0826,C085,SEM006,B+
E11461,S0164,C028,SEM005,A-
E11462,S0387,C029,SEM003,A-
E11463,S0488,C047,SEM007,B
E11464,S0958,C005,SEM003,B+
E11465,S0629,C041,SEM001,B
E11466,S0913,C114,SEM003,C-
E11467,S0793,C011,SEM007,F
E11468,S0517,C016,SEM008,B-
E11469,S0591,C072,SEM007,B+
E11470,S0043,C102,SEM006,B+
E11471,S0291,C110,SEM008,B-
E11472,S0997,C120,SEM005,C+
E11473,S0949,C013,SEM008,B+
E11474,S0251,C061,SEM006,C-
E11475,S0576,C048,SEM007,B-
E11476,S0770,C046,SEM004,B
E11477,S0882,C007,SEM008,A-
E11478,S0431,C079,SEM001,B-
E11479,S0986,C032,SEM006,B
E11480,S0928,C004,SEM003,D
E11481,S0788,C060,SEM005,C+
E11482,S0718,C068,SEM006,B-
E11483,S0815,C015,SEM007,A
E11484,S0664,C044,SEM005,B-
E11485,S0213,C010,SEM001,A-
E11486,S0677,C016,SEM002,B+
E11487,S0069,C067,SEM004,B+
E11488,S0339,C052,SEM001,A
E11489,S0480,C003,SEM001,D
E11490,S0958,C004,SEM006,B
E11491,S0247,C137,SEM005,B
E11492,S0834,C077,SEM003,B
E11493,S0275,C079,SEM007,B
E11494,S0811,C005,SEM007,C-
E11495,S0747,C035,SEM007,B+
E11496,S0842,C145,SEM004,B+
E11497,S0826,C066,SEM008,B
E11498,S0944,C094,SEM005,B
E11499,S0397,C058,SEM001,B
E11500,S0997,C081,SEM007,B+
E11501,S0091,C063,SEM003,C+
E11502,S0906,C059,SEM005,B
E11503,S0761,C044,SEM004,C-
E11504,S0244,C006,SEM005,C+
E11505,S0259,C001,SEM005,F
E11506,S0349,C030,SEM004,A
E11507,S0773,C084,SEM004,B
E11508,S0798,C007,SEM008,B+
E11509,S0616,C032,SEM004,B+
E11510,S0775,C001,SEM003,A-
E11511,S0671,C047,SEM004,B+
E11512,S0019,C045,SEM008,B
E11513,S0652,C053,SEM004,A-
E11514,S0671,C006,SEM002,B
E11515,S0118,C025,SEM005,B
E11516,S0476,C026,SEM001,B-
E11517,S0822,C026,SEM003,B+
E11518,S0899,C040,SEM006,C+
E11519,S0445,C082,SEM007,C-
E11520,S0631,C064,SEM007,B
E11521,S0574,C093,SEM005,B
E11522,S0320,C077,SEM006,B+
E11523,S0608,C045,SEM001,A-
E11524,S0815,C002,SEM002,A
E11525,S0202,C051,SEM008,B-
E11526,S0667,C070,SEM006,A
E11527,S0596,C118,SEM004,A
E11528,S0739,C069,SEM001,B+
E11529,S0722,C019,SEM004,A-
E11530,S0496,C017,SEM006,A-
E11531,S0101,C078,SEM007,C+
E11532,S0223,C092,SEM003,C+
E11533,S0994,C051,SEM008,B-
E11534,S0512,C061,SEM001,A
E11535,S0413,C023,SEM001,C
E11536,S0069,C038,SEM007,A-
E11537,S0259,C137,SEM001,C
E11538,S0801,C129,SEM001,B
E11539,S0186,C086,SEM003,C-
E11540,S0810,C022,SEM007,C+
E11541,S0600,C072,SEM002,B+
E11542,S0430,C009,SEM001,B-
E11543,S0158,C034,SEM006,B+
E11544,S0913,C070,SEM003,A
E11545,S0728,C005,SEM004,B+
E11546,S0024,C039,SEM003,A-
E11547,S0226,C028,SEM003,F
E11548,S0092,C044,SEM004,B
E11549,S0367,C057,SEM004,A-
E11550,S0742,C018,SEM006,B-
E11551,S0307,C091,SEM005,B
E11552,S0896,C054,SEM007,B
E11553,S0822,C115,SEM006,B-
E11554,S0154,C070,SEM006,B-
E11555,S0248,C050,SEM001,C+
E11556,S0059,C114,SEM008,D
E11557,S0135,C018,SEM004,B+
E11558,S0792,C050,SEM006,A-
E11559,S0836,C003,SEM001,B-
E11560,S0959,C140,SEM006,B
E11561,S0874,C013,SEM006,A
E11562,S0938,C011,SEM003,A
E11563,S0984,C032,SEM003,B-
E11564,S0563,C036,SEM004,B-
E11565,S0993,C002,SEM001,C
E11566,S0080,C028,SEM003,C-
E11567,S0039,C097,SEM006,B+
E11568,S0185,C102,SEM005,B
E11569,S0700,C015,SEM001,B+
E11570,S0415,C122,SEM002,C
E11571,S0106,C093,SEM006,B-
E11572,S0749,C062,SEM007,B-
E11573,S0759,C072,SEM005,C+
E11574,S0325,C006,SEM007,B-
E11575,S0807,C023,SEM005,B-
E11576,S0685,C094,SEM003,B
E11577,S0938,C051,SEM005,C+
E11578,S0024,C007,SEM001,C
E11579,S0090,C014,SEM006,A
E11580,S0333,C004,SEM005,B
E11581,S0223,C055,SEM005,C
E11582,S0543,C071,SEM006,B+
E11583,S0400,C064,SEM001,B
E11584,S0171,C068,SEM006,C-
E11585,S0352,C027,SEM007,B
E11586,S0122,C018,SEM006,C
E11587,S0408,C018,SEM005,C
E11588,S0801,C012,SEM005,C+
E11589,S0119,C076,SEM001,B-
E11590,S0381,C090,SEM006,B
E11591,S0429,C042,SEM005,B
E11592,S0730,C060,SEM002,B
E11593,S0521,C094,SEM001,B
E11594,S0258,C117,SEM006,A-
E11595,S0020,C016,SEM001,B
E11596,S0464,C020,SEM008,D
E11597,S0444,C003,SEM003,A
E11598,S0324,C020,SEM003,B
E11599,S0272,C009,SEM007,C
E11600,S0341,C021,SEM006,A-
E11601,S0410,C051,SEM004,B
E11602,S0074,C047,SEM004,A-
E11603,S0982,C062,SEM005,B
E11604,S0893,C068,SEM001,B-
E11605,S0185,C033,SEM007,A
E11606,S0463,C084,SEM006,B-
E11607,S0233,C044,SEM003,C
E11608,S0002,C074,SEM007,A-
E11609,S0645,C006,SEM003,A
E11610,S0158,C001,SEM006,B+
E11611,S0516,C002,SEM006,C
E11612,S0935,C124,SEM007,C+
E11613,S0313,C030,SEM003,A
E11614,S0818,C006,SEM001,B
E11615,S0747,C049,SEM005,B-
E11616,S0023,C059,SEM006,C
E11617,S0430,C027,SEM007,C+
E11618,S0131,C067,SEM005,A-
E11619,S0205,C111,SEM005,D
E11620,S0576,C026,SEM008,B+
E11621,S0994,C092,SEM007,B+
E11622,S1000,C036,SEM004,B+
E11623,S0387,C014,SEM007,C
E11624,S0276,C055,SEM003,B
E11625,S0281,C048,SEM006,B-
E11626,S0658,C092,SEM006,B+
E11627,S0355,C054,SEM001,B
E11628,S0841,C134,SEM006,A-
E11629,S0970,C035,SEM008,B+
E11630,S0882,C138,SEM004,D
E11631,S0951,C091,SEM005,A
E11632,S0142,C059,SEM004,D
E11633,S0172,C013,SEM006,A
E11634,S0195,C002,SEM001,A-
E11635,S0355,C010,SEM004,B-
E11636,S0526,C002,SEM007,A-
E11637,S0825,C095,SEM007,B
E11638,S0412,C016,SEM002,C+
E11639,S0886,C047,SEM003,A-
E11640,S0176,C026,SEM001,C
E11641,S0721,C150,SEM005,C
E11642,S0656,C039,SEM007,B-
E11643,S0945,C078,SEM005,C+
E11644,S0132,C074,SEM005,B-
E11645,S0888,C024,SEM005,C
E11646,S0726,C052,SEM003,B+
E11647,S0082,C025,SEM007,B-
E11648,S0126,C016,SEM003,C+
E11649,S0732,C099,SEM002,B
E11650,S0778,C037,SEM007,C
E11651,S0978,C062,SEM003,A
E11652,S0408,C011,SEM002,B
E11653,S0338,C127,SEM002,A-
E11654,S0837,C013,SEM006,B-
E11655,S0948,C018,SEM004,B
E11656,S0655,C047,SEM002,B-
E11657,S0138,C036,SEM003,C+
E11658,S0914,C014,SEM006,C+
E11659,S0423,C062,SEM007,C+
E11660,S0727,C035,SEM003,A-
E11661,S0330,C100,SEM006,F
E11662,S0211,C015,SEM003,B
E11663,S0638,C016,SEM008,A-
E11664,S0542,C045,SEM007,B-
E11665,S0043,C100,SEM003,C
E11666,S0804,C042,SEM003,C
E11667,S0765,C108,SEM003,B-
E11668,S0582,C007,SEM001,A-
E11669,S0402,C035,SEM002,C
E11670,S0051,C022,SEM004,B+
E11671,S0271,C003,SEM008,A-
E11672,S0020,C080,SEM003,B-
E11673,S0764,C109,SEM004,B
E11674,S0179,C088,SEM004,B
E11675,S0030,C057,SEM001,B
E11676,S0153,C083,SEM008,B
E11677,S0268,C092,SEM008,B+
E11678,S0404,C017,SEM002,B+
E11679,S0691,C031,SEM003,B+
E11680,S0578,C057,SEM006,B
E11681,S0496,C067,SEM007,B
E11682,S0553,C030,SEM001,B+
E11683,S0853,C048,SEM007,B
E11684,S0285,C023,SEM002,C
E11685,S0809,C028,SEM003,B
E11686,S0965,C039,SEM007,B-
E11687,S0242,C065,SEM008,B
E11688,S0288,C038,SEM007,A-
E11689,S0360,C002,SEM008,B-
E11690,S0532,C009,SEM006,C-
E11691,S0868,C113,SEM005,B-
E11692,S0014,C066,SEM001,B
E11693,S0706,C113,SEM002,B+
E11694,S0247,C004,SEM008,C-
E11695,S0904,C015,SEM001,B-
E11696,S0905,C057,SEM001,B-
E11697,S0945,C063,SEM005,B
E11698,S0296,C064,SEM001,C
E11699,S0462,C031,SEM007,B
E11700,S0236,C024,SEM001,B
E11701,S0869,C006,SEM004,A-
E11702,S0417,C091,SEM003,B
E11703,S0373,C014,SEM004,B
E11704,S0890,C053,SEM003,A
E11705,S0148,C091,SEM001,B+
E11706,S0208,C016,SEM003,A
E11707,S0676,C114,SEM008,B-
E11708,S0522,C109,SEM008,B
E11709,S0842,C013,SEM001,C+
E11710,S0231,C070,SEM006,A-
E11711,S0110,C065,SEM006,B+
E11712,S0226,C043,SEM008,B+
E11713,S0269,C098,SEM005,B-
E11714,S0645,C125,SEM008,B
E11715,S0621,C029,SEM003,D
E11716,S0850,C051,SEM004,B-
E11717,S0123,C021,SEM008,F
E11718,S0882,C008,SEM005,A-
E11719,S0071,C056,SEM007,C
E11720,S0295,C003,SEM002,B-
E11721,S0049,C070,SEM006,B
E11722,S0544,C068,SEM007,C
E11723,S0640,C107,SEM008,F
E11724,S0003,C003,SEM002,B-
E11725,S0851,C001,SEM003,B-
E11726,S0319,C004,SEM005,B+
E11727,S0533,C016,SEM002,F
E11728,S0151,C022,SEM005,A-
E11729,S0646,C003,SEM004,B+
E11730,S0369,C107,SEM002,B-
E11731,S0734,C023,SEM006,C-
E11732,S0391,C011,SEM004,B-
E11733,S0439,C048,SEM006,A-
E11734,S0805,C056,SEM003,A-
E11735,S0622,C066,SEM003,B-
E11736,S0529,C080,SEM005,B
E11737,S0528,C071,SEM008,C-
E11738,S0178,C001,SEM005,B-
E11739,S0032,C099,SEM006,B+
E11740,S0390,C010,SEM001,B
E11741,S0130,C063,SEM004,B
E11742,S0910,C002,SEM002,A
E11743,S0925,C087,SEM001,C+
E11744,S0190,C135,SEM001,A-
E11745,S0912,C004,SEM006,B
E11746,S0220,C106,SEM008,B-
E11747,S0519,C041,SEM002,A-
E11748,S0878,C007,SEM001,A-
E11749,S0809,C061,SEM004,B-
E11750,S0651,C055,SEM001,C
E11751,S0582,C002,SEM001,B-
E11752,S0766,C010,SEM008,B+
E11753,S0387,C031,SEM008,B+
E11754,S0629,C048,SEM002,C
E11755,S0243,C039,SEM008,A
E11756,S0263,C115,SEM001,B
E11757,S0115,C033,SEM002,A-
E11758,S0969,C024,SEM003,A
E11759,S0588,C039,SEM006,C+
E11760,S0861,C006,SEM004,A
E11761,S0513,C007,SEM006,B-
E11762,S0921,C003,SEM008,C-
E11763,S0280,C051,SEM001,C
E11764,S0568,C042,SEM006,B-
E11765,S0133,C108,SEM004,A
E11766,S0522,C065,SEM002,B-
E11767,S0366,C047,SEM005,B
E11768,S0126,C032,SEM006,B+
E11769,S0406,C053,SEM002,A-
E11770,S0410,C010,SEM001,B
E11771,S0871,C016,SEM001,F
E11772,S0541,C022,SEM006,B-
E11773,S0636,C011,SEM001,B-
E11774,S0334,C126,SEM001,D
E11775,S0902,C074,SEM003,A-
E11776,S0466,C031,SEM008,B
E11777,S0193,C003,SEM007,C
E11778,S0227,C002,SEM004,B+
E11779,S0312,C044,SEM006,B
E11780,S0849,C020,SEM001,B+
E11781,S0884,C100,SEM005,B-
E11782,S0388,C060,SEM007,B+
E11783,S0902,C070,SEM006,B-
E11784,S0828,C032,SEM004,A-
E11785,S0591,C004,SEM001,B
E11786,S0503,C003,SEM005,B-
E11787,S0125,C072,SEM002,A
E11788,S0396,C039,SEM005,C
E11789,S0287,C065,SEM002,C-
E11790,S0037,C053,SEM008,C+
E11791,S0960,C070,SEM004,C+
E11792,S0992,C089,SEM001,B
E11793,S0471,C017,SEM007,B-
E11794,S0386,C039,SEM003,B-
E11795,S0021,C039,SEM003,C+
E11796,S0473,C133,SEM005,C+
E11797,S0033,C067,SEM008,C+
E11798,S0544,C037,SEM006,A-
E11799,S0955,C015,SEM008,C
E11800,S0318,C006,SEM007,C
E11801,S0992,C003,SEM002,A
E11802,S0135,C070,SEM008,D
E11803,S0713,C010,SEM002,F
E11804,S0845,C139,SEM007,B+
E11805,S0775,C035,SEM008,C
E11806,S0897,C067,SEM006,B
E11807,S0787,C092,SEM002,C+
E11808,S0043,C001,SEM008,C+
E11809,S0689,C133,SEM001,B
E11810,S0636,C009,SEM005,C
E11811,S0395,C117,SEM002,A-
E11812,S0317,C097,SEM008,A-
E11813,S0903,C087,SEM004,C
E11814,S0262,C011,SEM004,B
E11815,S0333,C075,SEM006,B+
E11816,S0411,C009,SEM006,D
E11817,S0111,C052,SEM003,F
E11818,S0003,C115,SEM005,B
E11819,S0694,C001,SEM003,B+
E11820,S0367,C065,SEM007,B+
E11821,S0110,C050,SEM006,B-
E11822,S0790,C016,SEM004,B+
E11823,S0269,C106,SEM004,A
E11824,S0275,C106,SEM003,B
E11825,S0752,C100,SEM006,B
E11826,S0810,C080,SEM005,C+
E11827,S0038,C067,SEM006,B+
E11828,S0749,C035,SEM008,B-
E11829,S0427,C086,SEM005,C+
E11830,S0779,C002,SEM001,B+
E11831,S0066,C088,SEM001,C
E11832,S0214,C007,SEM004,C+
E11833,S0190,C017,SEM008,D
E11834,S0788,C007,SEM005,B
E11835,S0557,C118,SEM006,B+
E11836,S0318,C013,SEM006,C
E11837,S0107,C011,SEM003,A
E11838,S0139,C095,SEM003,B+
E11839,S0137,C041,SEM006,C+
E11840,S0806,C002,SEM001,F
E11841,S0020,C053,SEM003,C
E11842,S0681,C074,SEM005,B
E11843,S0510,C062,SEM006,C-
E11844,S0749,C073,SEM005,C
E11845,S0149,C054,SEM007,B-
E11846,S0580,C017,SEM005,B-
E11847,S0936,C105,SEM008,B+
E11848,S0623,C019,SEM002,B-
E11849,S0376,C011,SEM008,B
E11850,S0105,C050,SEM006,B
E11851,S0307,C049,SEM005,B+
E11852,S0900,C039,SEM008,B-
E11853,S0658,C066,SEM007,A
E11854,S0323,C019,SEM005,B
E11855,S0833,C039,SEM001,B
E11856,S0815,C135,SEM001,C+
E11857,S0515,C029,SEM007,B
E11858,S0254,C073,SEM005,B+
E11859,S0005,C010,SEM003,C+
E11860,S0950,C016,SEM003,B
E11861,S0077,C042,SEM008,B+
E11862,S0817,C055,SEM002,D
E11863,S0379,C031,SEM001,B
E11864,S0153,C121,SEM005,B-
E11865,S0327,C049,SEM004,B-
E11866,S0651,C005,SEM007,C
E11867,S0972,C039,SEM006,D
E11868,S0258,C134,SEM006,B
E11869,S0098,C017,SEM004,C-
E11870,S0006,C036,SEM003,B
E11871,S0934,C001,SEM001,B+
E11872,S0398,C081,SEM002,C
E11873,S0492,C019,SEM003,B
E11874,S0855,C031,SEM005,B+
E11875,S0552,C029,SEM001,A-
E11876,S0960,C012,SEM001,B+
E11877,S0655,C001,SEM002,A-
E11878,S0890,C082,SEM004,B
E11879,S0718,C045,SEM005,B-
E11880,S0571,C013,SEM007,C
E11881,S0922,C017,SEM002,A
E11882,S0724,C042,SEM003,B-
E11883,S0115,C030,SEM001,B-
E11884,S0656,C072,SEM006,B+
E11885,S0165,C015,SEM006,D
E11886,S0393,C060,SEM005,B
E11887,S0127,C072,SEM003,A-
E11888,S0211,C031,SEM001,B
E11889,S0796,C102,SEM001,C
E11890,S0125,C018,SEM008,C-
E11891,S0667,C030,SEM003,B+
E11892,S0237,C040,SEM006,C-
E11893,S0557,C142,SEM008,B
E11894,S0367,C079,SEM006,C
E11895,S0193,C081,SEM002,B
E11896,S0412,C034,SEM001,C+
E11897,S0736,C038,SEM006,B-
E11898,S0086,C068,SEM002,B
E11899,S0292,C046,SEM002,B-
E11900,S0081,C061,SEM001,B-
E11901,S0697,C048,SEM003,C-
E11902,S0631,C027,SEM004,B
E11903,S0604,C058,SEM008,D
E11904,S0180,C046,SEM008,B
E11905,S0613,C083,SEM007,B+
E11906,S0111,C083,SEM005,B-
E11907,S0969,C076,SEM008,B
E11908,S0870,C059,SEM004,A-
E11909,S0844,C057,SEM002,B-
E11910,S0664,C008,SEM007,A-
E11911,S0674,C053,SEM008,A
E11912,S0307,C110,SEM005,B-
E11913,S0761,C098,SEM007,A-
E11914,S0947,C031,SEM005,F
E11915,S0118,C012,SEM005,C
E11916,S0623,C056,SEM007,B+
E11917,S0739,C038,SEM004,B+
E11918,S0422,C065,SEM007,C+
E11919,S0362,C008,SEM008,B+
E11920,S0017,C026,SEM008,C
E11921,S0909,C005,SEM007,A-
E11922,S0217,C007,SEM004,C
E11923,S0955,C031,SEM006,B
E11924,S0673,C050,SEM002,B-
E11925,S0697,C026,SEM007,A
E11926,S0808,C068,SEM003,D
E11927,S0174,C055,SEM007,F
E11928,S0084,C023,SEM003,B
E11929,S0297,C046,SEM004,C
E11930,S0745,C066,SEM005,B+
E11931,S0684,C016,SEM007,C
E11932,S0528,C014,SEM008,F
E11933,S0516,C050,SEM008,B-
E11934,S0480,C024,SEM005,C+
E11935,S0324,C065,SEM004,B-
E11936,S0446,C072,SEM005,B+
E11937,S0078,C109,SEM008,C+
E11938,S0130,C020,SEM004,A
E11939,S0962,C079,SEM007,A
E11940,S0661,C126,SEM005,B
E11941,S0958,C077,SEM002,C+
E11942,S0382,C081,SEM002,B-
E11943,S0907,C002,SEM005,A
E11944,S0897,C065,SEM003,A-
E11945,S0837,C069,SEM004,B-
E11946,S0961,C086,SEM008,C
E11947,S0153,C073,SEM002,B
E11948,S0267,C028,SEM003,B-
E11949,S0005,C101,SEM004,B+
E11950,S0479,C017,SEM001,C
E11951,S0950,C112,SEM001,A-
E11952,S0671,C150,SEM002,B-
E11953,S0603,C005,SEM008,A-
E11954,S0674,C071,SEM003,A
E11955,S0508,C010,SEM003,B-
E11956,S0308,C088,SEM003,B
E11957,S0293,C110,SEM002,F
E11958,S0519,C012,SEM001,C
E11959,S0959,C119,SEM001,B+
E11960,S0571,C108,SEM004,C
E11961,S0847,C007,SEM005,A
E11962,S0901,C003,SEM004,C+
E11963,S0343,C086,SEM005,B-
E11964,S0945,C007,SEM005,B
E11965,S0776,C051,SEM004,B+
E11966,S0684,C102,SEM002,B
E11967,S0531,C036,SEM007,B-
E11968,S0317,C020,SEM008,A-
E11969,S0426,C091,SEM001,B+
E11970,S0054,C090,SEM005,B
E11971,S0533,C122,SEM007,C+
E11972,S0392,C098,SEM005,C-
E11973,S0116,C108,SEM008,B
E11974,S0413,C029,SEM006,D
E11975,S0257,C079,SEM006,C-
E11976,S0357,C030,SEM008,A-
E11977,S0060,C017,SEM005,C+
E11978,S0685,C079,SEM005,B
E11979,S0347,C024,SEM004,B
E11980,S0582,C129,SEM008,D
E11981,S0821,C054,SEM003,A-
E11982,S0393,C062,SEM001,C+
E11983,S0563,C120,SEM003,B+
E11984,S0772,C113,SEM006,B+
E11985,S0336,C035,SEM002,B+
E11986,S0375,C068,SEM001,B
E11987,S0756,C034,SEM006,A
E11988,S0399,C008,SEM003,D
E11989,S0485,C040,SEM001,C+
E11990,S0419,C008,SEM007,B-
E11991,S0897,C024,SEM004,B+
E11992,S0706,C137,SEM008,A-
E11993,S0076,C033,SEM006,B
E11994,S0258,C010,SEM007,B+
E11995,S0768,C068,SEM007,A
E11996,S0957,C004,SEM008,B-
E11997,S0538,C105,SEM004,B
E11998,S0666,C046,SEM001,B+
E11999,S0558,C050,SEM002,C
E12000,S0836,C115,SEM001,B
E12001,S0395,C020,SEM008,B-
E12002,S0274,C130,SEM003,B
E12003,S0401,C012,SEM007,A-
E12004,S0074,C028,SEM005,B
E12005,S0192,C034,SEM006,B
E12006,S0495,C009,SEM007,B
E12007,S0426,C021,SEM004,B
E12008,S0616,C011,SEM004,B
E12009,S0112,C019,SEM002,B
E12010,S0529,C100,SEM003,B+
E12011,S0117,C057,SEM005,B+
E12012,S0912,C033,SEM001,A
E12013,S0422,C097,SEM004,A
E12014,S0849,C035,SEM005,C+
E12015,S0340,C006,SEM002,A-
E12016,S0659,C042,SEM006,B+
E12017,S0104,C108,SEM007,B-
E12018,S0754,C013,SEM004,A
E12019,S0145,C103,SEM005,B
E12020,S0848,C086,SEM004,B-
E12021,S0978,C084,SEM005,C+
E12022,S0382,C005,SEM003,D
E12023,S0942,C045,SEM001,C
E12024,S0545,C034,SEM006,B
E12025,S0052,C028,SEM001,C-
E12026,S0138,C025,SEM002,B+
E12027,S0180,C026,SEM007,C+
E12028,S0835,C049,SEM002,B
E12029,S0985,C035,SEM002,B+
E12030,S0194,C082,SEM007,A-
E12031,S0857,C028,SEM008,C
E12032,S0446,C051,SEM002,B
E12033,S0663,C120,SEM005,B
E12034,S0570,C045,SEM008,B
E12035,S0020,C069,SEM005,A-
E12036,S0290,C021,SEM005,B
E12037,S0617,C078,SEM007,B+
E12038,S0760,C030,SEM001,B+
E12039,S0157,C064,SEM008,B+
E12040,S0121,C040,SEM004,B
E12041,S0893,C076,SEM007,B-
E12042,S0337,C027,SEM002,C-
E12043,S0677,C017,SEM007,B
E12044,S0729,C075,SEM003,B+
E12045,S0302,C025,SEM001,C
E12046,S0353,C081,SEM002,A-
E12047,S0210,C102,SEM008,B
E12048,S0123,C068,SEM006,A-
E12049,S0279,C010,SEM005,C
E12050,S0444,C115,SEM007,B
E12051,S0755,C098,SEM007,B
E12052,S0303,C059,SEM006,B+
E12053,S0531,C080,SEM005,B
E12054,S0078,C038,SEM007,B
E12055,S0831,C035,SEM008,C
E12056,S0468,C051,SEM002,A-
E12057,S0977,C057,SEM007,C-
E12058,S0835,C043,SEM006,B
E12059,S0196,C020,SEM004,B
E12060,S0692,C081,SEM007,A-
E12061,S0582,C009,SEM008,C
E12062,S0539,C007,SEM007,D
E12063,S0758,C078,SEM007,B
E12064,S0804,C092,SEM002,F
E12065,S0350,C094,SEM001,C+
E12066,S0839,C034,SEM006,B-
E12067,S0197,C063,SEM006,C
E12068,S0691,C016,SEM002,B+
E12069,S0562,C115,SEM006,C
E12070,S0211,C038,SEM004,B+
E12071,S0920,C051,SEM004,A
E12072,S0808,C059,SEM005,B+
E12073,S0472,C148,SEM008,A
E12074,S0929,C045,SEM002,C
E12075,S0420,C071,SEM006,C+
E12076,S0301,C119,SEM002,B-
E12077,S0618,C003,SEM001,B
E12078,S0735,C022,SEM001,B-
E12079,S0763,C071,SEM005,C+
E12080,S0203,C107,SEM007,C
E12081,S0078,C101,SEM004,C+
E12082,S0408,C056,SEM005,B+
E12083,S0099,C020,SEM002,A-
E12084,S0518,C057,SEM001,C
E12085,S0542,C036,SEM004,C
E12086,S0460,C056,SEM008,B
E12087,S0458,C035,SEM008,A-
E12088,S0365,C062,SEM008,B-
E12089,S0135,C022,SEM002,B-
E12090,S0384,C007,SEM006,C-
E12091,S0834,C079,SEM008,B+
E12092,S0609,C041,SEM002,B-
E12093,S0001,C057,SEM006,B-
E12094,S0230,C009,SEM003,B+
E12095,S0152,C008,SEM008,B-
E12096,S0214,C072,SEM006,B
E12097,S0471,C001,SEM002,A-
E12098,S0509,C019,SEM004,C
E12099,S0506,C057,SEM007,B-
E12100,S0050,C019,SEM001,A
E12101,S0194,C035,SEM007,C+
E12102,S0851,C110,SEM007,A-
E12103,S0300,C021,SEM004,B
E12104,S0951,C026,SEM006,C-
E12105,S0308,C052,SEM003,C-
E12106,S0748,C003,SEM008,C
E12107,S0992,C003,SEM003,C+
E12108,S0079,C048,SEM005,B
E12109,S0132,C049,SEM002,C
E12110,S0788,C106,SEM003,A
E12111,S0274,C040,SEM002,B
E12112,S0505,C081,SEM003,B
E12113,S0246,C075,SEM008,F
E12114,S0745,C047,SEM005,B
E12115,S0020,C007,SEM001,C
E12116,S0369,C022,SEM005,C
E12117,S0633,C015,SEM008,C+
E12118,S0383,C082,SEM002,C
E12119,S0576,C023,SEM007,D
E12120,S0504,C084,SEM002,A-
E12121,S0086,C105,SEM008,B+
E12122,S0383,C025,SEM008,A-
E12123,S0665,C102,SEM004,B
E12124,S0568,C010,SEM005,B-
E12125,S0649,C030,SEM002,B+
E12126,S0935,C008,SEM003,B-
E12127,S0983,C116,SEM003,C
E12128,S0395,C009,SEM005,B-
E12129,S0640,C125,SEM001,B-
E12130,S0375,C050,SEM003,A-
E12131,S0517,C071,SEM005,C
E12132,S0634,C062,SEM008,B+
E12133,S0347,C071,SEM004,B+
E12134,S0897,C048,SEM006,C-
E12135,S0215,C052,SEM005,B
E12136,S0838,C103,SEM002,C-
E12137,S0334,C039,SEM005,B+
E12138,S0982,C071,SEM002,B-
E12139,S0115,C014,SEM003,B+
E12140,S0448,C067,SEM008,C+
E12141,S0442,C033,SEM001,B-
E12142,S0308,C001,SEM006,B
E12143,S0757,C010,SEM001,B-
E12144,S0857,C101,SEM006,C+
E12145,S0123,C120,SEM005,B
E12146,S0375,C020,SEM001,B
E12147,S0690,C043,SEM001,D
E12148,S0176,C024,SEM008,C-
E12149,S0249,C107,SEM005,B-
E12150,S0498,C044,SEM004,C+
E12151,S0005,C055,SEM005,C+
E12152,S0113,C129,SEM008,A-
E12153,S0651,C039,SEM007,B-
E12154,S0154,C021,SEM007,B-
E12155,S0747,C007,SEM007,B
E12156,S0997,C051,SEM003,B
E12157,S0040,C099,SEM004,B
E12158,S0174,C024,SEM005,B
E12159,S0237,C111,SEM007,B
E12160,S0528,C008,SEM008,F
E12161,S0965,C098,SEM004,C-
E12162,S0528,C007,SEM002,B+
E12163,S0038,C050,SEM007,B-
E12164,S0123,C016,SEM006,C+
E12165,S0671,C022,SEM002,A-
E12166,S0408,C105,SEM006,B+
E12167,S0993,C040,SEM001,C
E12168,S0025,C017,SEM007,B-
E12169,S0773,C073,SEM007,A
E12170,S0992,C008,SEM004,B-
E12171,S0509,C038,SEM008,B+
E12172,S0777,C049,SEM006,A-
E12173,S0917,C125,SEM002,D
E12174,S0267,C012,SEM003,A-
E12175,S0098,C013,SEM005,C-
E12176,S0072,C023,SEM002,B+
E12177,S0732,C093,SEM003,D
E12178,S0209,C020,SEM003,B+
E12179,S0405,C001,SEM003,B-
E12180,S0391,C097,SEM002,C
E12181,S0516,C026,SEM001,A
E12182,S0565,C014,SEM007,C+
E12183,S0923,C101,SEM004,A
E12184,S0072,C003,SEM001,A
E12185,S0140,C073,SEM001,A-
E12186,S0907,C005,SEM003,A-
E12187,S0690,C049,SEM002,B+
E12188,S0003,C085,SEM005,B
E12189,S0024,C011,SEM008,B
E12190,S0200,C053,SEM007,B+
E12191,S0860,C053,SEM005,A
E12192,S0626,C045,SEM004,A-
E12193,S0424,C117,SEM005,B+
E12194,S0055,C005,SEM003,A-
E12195,S0381,C041,SEM008,C
E12196,S0466,C030,SEM006,A-
E12197,S0083,C044,SEM002,B+
E12198,S0241,C010,SEM003,A-
E12199,S0071,C020,SEM006,C+
E12200,S0607,C056,SEM008,B+
E12201,S0152,C065,SEM003,B+
E12202,S0826,C118,SEM008,B+
E12203,S0735,C017,SEM005,C-
E12204,S0735,C023,SEM006,B+
E12205,S0892,C019,SEM002,A
E12206,S0243,C032,SEM001,F
E12207,S0918,C040,SEM006,B-
E12208,S0569,C039,SEM003,C+
E12209,S0613,C018,SEM001,C+
E12210,S0094,C100,SEM001,B+
E12211,S0260,C085,SEM006,B
E12212,S0155,C055,SEM005,B+
E12213,S0288,C102,SEM003,B
E12214,S0437,C092,SEM004,A-
E12215,S0200,C044,SEM008,C+
E12216,S0741,C014,SEM005,B-
E12217,S0966,C059,SEM001,B-
E12218,S0702,C110,SEM001,B-
E12219,S0033,C003,SEM006,C+
E12220,S0337,C051,SEM007,B+
E12221,S0128,C074,SEM006,C-
E12222,S0411,C044,SEM001,C+
E12223,S0636,C087,SEM006,C
E12224,S0973,C136,SEM003,B
E12225,S0032,C093,SEM008,B
E12226,S0310,C030,SEM001,C-
E12227,S0701,C040,SEM006,D
E12228,S0864,C077,SEM003,B+
E12229,S0870,C111,SEM003,C-
E12230,S0015,C118,SEM001,C+
E12231,S0198,C036,SEM005,B-
E12232,S0439,C065,SEM003,B+
E12233,S0466,C051,SEM002,C
E12234,S0171,C068,SEM001,B-
E12235,S0279,C010,SEM003,B-
E12236,S0761,C095,SEM001,D
E12237,S0331,C069,SEM004,B+
E12238,S0699,C090,SEM003,A-
E12239,S0087,C002,SEM002,B-
E12240,S0499,C015,SEM007,C-
E12241,S0893,C112,SEM005,B
E12242,S0348,C088,SEM008,A-
E12243,S0103,C030,SEM006,B
E12244,S0381,C051,SEM008,B-
E12245,S0382,C046,SEM003,B+
E12246,S0296,C093,SEM001,B
E12247,S0530,C084,SEM005,F
E12248,S0433,C083,SEM004,C+
E12249,S0768,C059,SEM007,B+
E12250,S0426,C022,SEM003,B-
E12251,S0317,C042,SEM001,C+
E12252,S0110,C026,SEM005,F
E12253,S0074,C128,SEM005,B+
E12254,S0071,C048,SEM001,D
E12255,S0599,C053,SEM004,C+
E12256,S0454,C002,SEM004,B
E12257,S0236,C015,SEM001,C+
E12258,S0766,C046,SEM003,A-
E12259,S0022,C032,SEM008,C
E12260,S0857,C044,SEM003,B+
E12261,S0285,C055,SEM007,B+
E12262,S0247,C009,SEM001,B-
E12263,S0635,C033,SEM003,A
E12264,S0875,C005,SEM001,A
E12265,S0837,C036,SEM001,B+
E12266,S0381,C128,SEM007,B-
E12267,S0214,C085,SEM002,B-
E12268,S0542,C015,SEM002,C
E12269,S0141,C091,SEM002,B
E12270,S0260,C112,SEM005,B-
E12271,S0089,C018,SEM001,B
E12272,S0420,C106,SEM006,C+
E12273,S0609,C005,SEM007,A-
E12274,S0382,C075,SEM007,B
E12275,S0309,C035,SEM001,C
E12276,S0209,C016,SEM002,C
E12277,S0040,C037,SEM007,A-
E12278,S0334,C032,SEM008,C+
E12279,S0818,C065,SEM006,B+
E12280,S0965,C049,SEM007,A
E12281,S0256,C023,SEM005,B
E12282,S0897,C018,SEM004,A
E12283,S0991,C036,SEM006,B+
E12284,S0658,C003,SEM002,B
E12285,S0073,C012,SEM003,B+
E12286,S0037,C076,SEM003,A-
E12287,S0658,C090,SEM005,C+
E12288,S0486,C001,SEM007,D
E12289,S0367,C026,SEM002,D
E12290,S0997,C029,SEM007,B
E12291,S0380,C026,SEM007,A-
E12292,S0960,C099,SEM002,A-
E12293,S0495,C109,SEM003,B
E12294,S0386,C128,SEM006,B-
E12295,S0056,C094,SEM006,B-
E12296,S0483,C047,SEM007,B+
E12297,S0309,C033,SEM008,D
E12298,S0455,C019,SEM005,A
E12299,S0686,C014,SEM008,A-
E12300,S0672,C096,SEM005,A
E12301,S0555,C082,SEM004,B
E12302,S0127,C141,SEM001,B
E12303,S0425,C133,SEM002,D
E12304,S0650,C015,SEM007,A
E12305,S0558,C078,SEM003,B+
E12306,S0708,C005,SEM008,B-
E12307,S0146,C028,SEM003,C+
E12308,S0007,C032,SEM006,B-
E12309,S0977,C043,SEM005,B+
E12310,S0825,C004,SEM006,A-
E12311,S0182,C102,SEM003,A
E12312,S0720,C109,SEM004,A-
E12313,S0431,C068,SEM008,B-
E12314,S0133,C099,SEM008,C+
E12315,S0178,C051,SEM001,C+
E12316,S0176,C026,SEM004,B
E12317,S0294,C074,SEM002,C-
E12318,S0019,C016,SEM003,B
E12319,S0719,C005,SEM007,B+
E12320,S0437,C101,SEM003,B-
E12321,S0731,C061,SEM005,B+
E12322,S0730,C065,SEM002,A-
E12323,S0388,C067,SEM006,B
E12324,S0441,C004,SEM005,B+
E12325,S0262,C032,SEM006,B+
E12326,S0462,C004,SEM001,B+
E12327,S0887,C045,SEM004,C-
E12328,S0740,C054,SEM007,B
E12329,S0095,C049,SEM003,C
E12330,S0281,C007,SEM002,B+
E12331,S0926,C095,SEM003,F
E12332,S0503,C107,SEM003,D
E12333,S0896,C006,SEM003,A-
E12334,S0544,C032,SEM003,A
E12335,S0978,C041,SEM005,A
E12336,S0183,C058,SEM006,C
E12337,S0808,C092,SEM008,B
E12338,S0956,C033,SEM001,C
E12339,S0378,C004,SEM007,B+
E12340,S0251,C063,SEM005,B-
E12341,S0562,C025,SEM004,C+
E12342,S0450,C022,SEM006,B
E12343,S0168,C027,SEM002,C
E12344,S0560,C040,SEM008,D
E12345,S0695,C085,SEM007,C-
E12346,S0035,C067,SEM008,B
E12347,S0655,C112,SEM004,A
E12348,S0984,C099,SEM002,D
E12349,S0404,C037,SEM004,C
E12350,S0704,C037,SEM005,B-
E12351,S0633,C025,SEM002,B-
E12352,S0997,C040,SEM001,B-
E12353,S0771,C045,SEM008,A-
E12354,S0742,C054,SEM008,B
E12355,S0964,C071,SEM002,B+
E12356,S0576,C118,SEM003,C+
E12357,S0433,C139,SEM007,B+
E12358,S0116,C048,SEM005,C
E12359,S0392,C013,SEM007,C+
E12360,S0931,C050,SEM004,B
E12361,S0040,C105,SEM002,B+
E12362,S0692,C130,SEM007,B
E12363,S0413,C061,SEM002,A
E12364,S0849,C031,SEM004,B
E12365,S0032,C064,SEM003,C-
E12366,S0364,C021,SEM007,B+
E12367,S0175,C047,SEM002,C+
E12368,S0026,C048,SEM006,A-
E12369,S0832,C081,SEM004,B+
E12370,S0078,C049,SEM003,B
E12371,S0942,C106,SEM004,F
E12372,S0088,C127,SEM003,A-
E12373,S0485,C019,SEM008,C+
E12374,S0052,C047,SEM008,B
E12375,S0775,C115,SEM006,B+
E12376,S0449,C056,SEM006,B
E12377,S0013,C036,SEM004,B-
E12378,S0235,C042,SEM006,C-
E12379,S0617,C026,SEM001,B
E12380,S0441,C054,SEM003,D
E12381,S0558,C018,SEM008,B+
E12382,S0570,C037,SEM003,B
E12383,S0584,C083,SEM004,B-
E12384,S0767,C114,SEM005,F
E12385,S0090,C038,SEM006,B
E12386,S0416,C017,SEM001,A
E12387,S0632,C120,SEM005,B+
E12388,S0957,C013,SEM001,B
E12389,S0423,C005,SEM008,B+
E12390,S0254,C061,SEM005,B
E12391,S0188,C113,SEM006,A
E12392,S0013,C122,SEM006,F
E12393,S0781,C147,SEM004,C+
E12394,S0840,C076,SEM005,A-
E12395,S0212,C064,SEM002,B-
E12396,S0244,C001,SEM001,B-
E12397,S0793,C017,SEM001,B-
E12398,S0646,C005,SEM007,A
E12399,S0835,C078,SEM003,A
E12400,S0769,C035,SEM002,B-
E12401,S0440,C137,SEM003,C
E12402,S0805,C027,SEM007,C+
E12403,S0468,C047,SEM006,B+
E12404,S0719,C060,SEM006,B+
E12405,S0738,C130,SEM004,C
E12406,S0545,C085,SEM005,B-
E12407,S0618,C026,SEM007,B+
E12408,S0670,C018,SEM002,B-
E12409,S0384,C016,SEM006,B
E12410,S0915,C007,SEM004,B
E12411,S0674,C020,SEM008,B
E12412,S0489,C125,SEM003,B
E12413,S0172,C149,SEM006,B-
E12414,S0757,C103,SEM007,B
E12415,S0969,C096,SEM006,C-
E12416,S0208,C002,SEM001,B-
E12417,S0264,C048,SEM006,B+
E12418,S0222,C043,SEM008,B
E12419,S0783,C005,SEM003,B+
E12420,S0212,C001,SEM004,B+
E12421,S0300,C077,SEM008,A-
E12422,S0592,C076,SEM006,C
E12423,S0825,C052,SEM005,B-
E12424,S0787,C006,SEM002,B
E12425,S0918,C020,SEM005,B
E12426,S0033,C036,SEM007,B+
E12427,S0566,C025,SEM006,B
E12428,S0865,C028,SEM004,C
E12429,S0214,C121,SEM003,A-
E12430,S0236,C061,SEM001,B
E12431,S0101,C110,SEM005,A-
E12432,S0713,C022,SEM005,B+
E12433,S0189,C067,SEM003,B+
E12434,S0202,C019,SEM001,B-
E12435,S0935,C028,SEM002,B-
E12436,S0973,C046,SEM004,C-
E12437,S0694,C025,SEM003,B
E12438,S0470,C124,SEM005,B
E12439,S0488,C127,SEM007,B-
E12440,S0210,C133,SEM007,A
E12441,S0799,C052,SEM003,D
E12442,S0887,C060,SEM002,C
E12443,S0976,C051,SEM003,B
E12444,S0347,C002,SEM004,A
E12445,S0238,C114,SEM006,C
E12446,S0587,C004,SEM003,C+
E12447,S0043,C092,SEM004,B
E12448,S0540,C068,SEM005,B+
E12449,S0890,C063,SEM002,A
E12450,S0180,C009,SEM008,A-
E12451,S0224,C080,SEM003,C
E12452,S0908,C141,SEM008,B+
E12453,S0885,C018,SEM005,B
E12454,S0517,C005,SEM007,B
E12455,S0698,C064,SEM007,B
E12456,S0501,C120,SEM002,B-
E12457,S0594,C057,SEM001,B-
E12458,S0977,C098,SEM005,C
E12459,S0517,C019,SEM008,B+
E12460,S0588,C001,SEM005,C-
E12461,S0986,C040,SEM001,B-
E12462,S0451,C015,SEM006,F
E12463,S0360,C027,SEM007,C
E12464,S0747,C118,SEM007,A-
E12465,S0265,C052,SEM004,A
E12466,S0844,C001,SEM004,B-
E12467,S0735,C132,SEM005,B
E12468,S0356,C045,SEM005,B
E12469,S0817,C069,SEM002,B+
E12470,S0693,C013,SEM003,B-
E12471,S0596,C091,SEM005,A
E12472,S0679,C091,SEM005,B-
E12473,S0647,C074,SEM008,A-
E12474,S0716,C001,SEM008,B
E12475,S0455,C083,SEM003,C-
E12476,S0553,C074,SEM007,B+
E12477,S0926,C003,SEM007,B-
E12478,S0690,C012,SEM005,A-
E12479,S0239,C024,SEM008,B+
E12480,S0433,C052,SEM008,A
E12481,S0956,C146,SEM002,A-
E12482,S0980,C074,SEM007,D
E12483,S0069,C007,SEM005,D
E12484,S0381,C055,SEM008,A
E12485,S0626,C004,SEM007,A-
E12486,S0441,C131,SEM003,B
E12487,S0702,C041,SEM008,A
E12488,S0939,C054,SEM008,B
E12489,S0801,C011,SEM001,B
E12490,S0112,C090,SEM002,B+
E12491,S0561,C036,SEM005,B
E12492,S0953,C004,SEM001,D
E12493,S0691,C001,SEM001,A
E12494,S0703,C026,SEM008,B+
E12495,S0267,C116,SEM001,B-
E12496,S0650,C033,SEM004,C+
E12497,S0105,C117,SEM005,B
E12498,S0039,C088,SEM006,B
E12499,S0515,C030,SEM006,B+
E12500,S0805,C013,SEM001,B+
E12501,S0309,C028,SEM004,A-
E12502,S0604,C024,SEM007,B
E12503,S0126,C077,SEM005,B
E12504,S0874,C062,SEM003,B
E12505,S0140,C022,SEM007,B
E12506,S0541,C032,SEM006,A
E12507,S0232,C017,SEM005,B
E12508,S0880,C119,SEM002,D
E12509,S0147,C099,SEM008,B+
E12510,S0588,C070,SEM005,A-
E12511,S0438,C036,SEM005,D
E12512,S0673,C038,SEM005,A-
E12513,S0388,C135,SEM006,D
E12514,S0444,C056,SEM003,B-
E12515,S0437,C040,SEM002,B-
E12516,S0833,C024,SEM004,B
E12517,S0364,C038,SEM004,A
E12518,S0180,C065,SEM007,C
E12519,S0032,C098,SEM008,C
E12520,S0903,C129,SEM001,B
E12521,S0422,C041,SEM005,B-
E12522,S0562,C112,SEM006,A
E12523,S0940,C014,SEM008,C-
E12524,S0314,C039,SEM007,B
E12525,S0058,C026,SEM008,B+
E12526,S0827,C057,SEM002,C+
E12527,S0463,C039,SEM007,F
E12528,S0633,C092,SEM006,B
E12529,S0884,C002,SEM003,C+
E12530,S0005,C063,SEM007,B-
E12531,S0037,C013,SEM001,B
E12532,S0178,C142,SEM008,B
E12533,S0433,C086,SEM007,B+
E12534,S0391,C003,SEM004,B+
E12535,S0344,C007,SEM006,B
E12536,S0995,C069,SEM008,B+
E12537,S0308,C057,SEM006,C+
E12538,S0893,C032,SEM007,C
E12539,S0255,C004,SEM004,A-
E12540,S0740,C051,SEM001,C
E12541,S0919,C044,SEM005,C+
E12542,S0276,C138,SEM008,C-
E12543,S0519,C086,SEM004,B
E12544,S0151,C079,SEM004,C-
E12545,S0900,C058,SEM002,C
E12546,S0945,C033,SEM002,C
E12547,S0810,C122,SEM003,B+
E12548,S0760,C089,SEM001,D
E12549,S0177,C045,SEM008,C
E12550,S0181,C109,SEM002,C+
E12551,S0859,C045,SEM001,B+
E12552,S0840,C060,SEM006,A
E12553,S0501,C019,SEM006,A
E12554,S0341,C121,SEM005,B
E12555,S0088,C026,SEM006,C
E12556,S0304,C036,SEM001,B+
E12557,S0012,C095,SEM005,C+
E12558,S0116,C108,SEM001,B
E12559,S0068,C015,SEM004,B+
E12560,S0002,C083,SEM005,C-
E12561,S0167,C046,SEM004,B+
E12562,S0601,C045,SEM008,A
E12563,S0312,C049,SEM003,C+
E12564,S0647,C038,SEM001,B
E12565,S0251,C092,SEM005,A-
E12566,S0398,C030,SEM001,A
E12567,S0366,C027,SEM006,B
E12568,S0057,C044,SEM007,B
E12569,S0325,C025,SEM006,B+
E12570,S0890,C114,SEM002,B
E12571,S0135,C083,SEM002,B
E12572,S0143,C120,SEM004,A-
E12573,S0717,C049,SEM006,B-
E12574,S0241,C084,SEM006,B
E12575,S0165,C025,SEM007,B+
E12576,S0793,C065,SEM003,B
E12577,S0713,C025,SEM003,B
E12578,S0189,C039,SEM001,B
E12579,S0834,C098,SEM005,C+
E12580,S0844,C046,SEM003,B
E12581,S0992,C069,SEM003,B
E12582,S0939,C019,SEM006,B
E12583,S0449,C023,SEM007,B
E12584,S0412,C059,SEM005,B-
E12585,S0581,C036,SEM004,A-
E12586,S0134,C081,SEM005,A-
E12587,S0416,C013,SEM003,B+
E12588,S0705,C079,SEM004,A
E12589,S0497,C014,SEM003,C+
E12590,S0229,C038,SEM005,F
E12591,S0435,C005,SEM008,B
E12592,S0703,C049,SEM003,C-
E12593,S0039,C037,SEM006,B+
E12594,S0257,C024,SEM004,C
E12595,S0628,C138,SEM004,B
E12596,S0093,C123,SEM008,A-
E12597,S0392,C036,SEM007,C+
E12598,S0805,C095,SEM002,B
E12599,S0693,C004,SEM006,B
E12600,S0828,C073,SEM007,C
E12601,S0637,C018,SEM001,B
E12602,S0499,C135,SEM003,B+
E12603,S0137,C111,SEM008,B+
E12604,S0216,C023,SEM001,B
E12605,S0701,C008,SEM002,C
E12606,S0293,C103,SEM005,A
E12607,S0066,C018,SEM006,C
E12608,S0720,C141,SEM006,B-
E12609,S0929,C113,SEM007,B
E12610,S0575,C102,SEM004,B
E12611,S0816,C080,SEM005,B
E12612,S0850,C013,SEM006,C
E12613,S0233,C110,SEM002,C
E12614,S0124,C012,SEM004,B-
E12615,S0901,C121,SEM006,A
E12616,S0961,C046,SEM002,A
E12617,S0154,C096,SEM002,C-
E12618,S0069,C140,SEM005,C+
E12619,S0263,C019,SEM005,D
E12620,S0816,C129,SEM005,A
E12621,S0676,C052,SEM007,A-
E12622,S0863,C038,SEM005,B+
E12623,S0160,C130,SEM004,D
E12624,S0120,C046,SEM006,C+
E12625,S0845,C037,SEM007,B
E12626,S0199,C082,SEM008,B+
E12627,S0514,C060,SEM002,C+
E12628,S0780,C033,SEM001,B
E12629,S0093,C033,SEM008,B-
E12630,S0883,C043,SEM003,D
E12631,S0840,C007,SEM007,B+
E12632,S0678,C013,SEM001,A-
E12633,S0672,C101,SEM002,B-
E12634,S0066,C032,SEM001,A
E12635,S0996,C086,SEM005,B+
E12636,S0676,C089,SEM007,B+
E12637,S0589,C076,SEM006,A-
E12638,S0700,C051,SEM005,A
E12639,S0848,C129,SEM004,B-
E12640,S0393,C045,SEM003,D
E12641,S0215,C019,SEM007,C+
E12642,S0576,C009,SEM005,B-
E12643,S0567,C062,SEM004,B+
E12644,S0642,C119,SEM003,A
E12645,S0361,C019,SEM002,F
E12646,S0580,C009,SEM005,A
E12647,S0767,C080,SEM001,C-
E12648,S0750,C026,SEM003,B
E12649,S0488,C044,SEM008,B+
E12650,S0079,C131,SEM001,D
E12651,S0965,C015,SEM006,B-
E12652,S0222,C082,SEM008,B+
E12653,S0142,C083,SEM006,C+
E12654,S0814,C119,SEM005,B-
E12655,S0574,C029,SEM006,B-
E12656,S0308,C001,SEM007,B
E12657,S0102,C024,SEM006,C+
E12658,S0747,C001,SEM008,B-
E12659,S0612,C003,SEM002,C-
E12660,S0640,C052,SEM006,C-
E12661,S0288,C079,SEM001,A
E12662,S0932,C028,SEM006,A-
E12663,S0520,C092,SEM002,B-
E12664,S0440,C102,SEM007,B-
E12665,S0309,C011,SEM005,B
E12666,S0590,C100,SEM001,B+
E12667,S0506,C052,SEM008,C
E12668,S0376,C064,SEM007,C
E12669,S0074,C018,SEM004,A
E12670,S0548,C055,SEM008,C+
E12671,S0669,C028,SEM002,B
E12672,S0670,C019,SEM008,B
E12673,S0530,C066,SEM007,A
E12674,S0951,C106,SEM006,C+
E12675,S0322,C034,SEM002,A
E12676,S0855,C003,SEM008,A
E12677,S0565,C090,SEM001,A
E12678,S0893,C022,SEM003,B
E12679,S0617,C020,SEM001,C+
E12680,S0672,C004,SEM004,A-
E12681,S0867,C022,SEM003,C+
E12682,S0722,C092,SEM008,A-
E12683,S0542,C101,SEM003,A-
E12684,S0015,C027,SEM002,B
E12685,S0853,C109,SEM002,B-
E12686,S0288,C001,SEM004,B+
E12687,S0129,C028,SEM008,B
E12688,S0348,C067,SEM001,B
E12689,S0136,C016,SEM005,B
E12690,S0301,C063,SEM007,C
E12691,S0590,C079,SEM001,C+
E12692,S0267,C063,SEM005,A-
E12693,S0527,C051,SEM003,A-
E12694,S0013,C021,SEM002,B
E12695,S0389,C013,SEM006,C+
E12696,S0240,C084,SEM002,B+
E12697,S0024,C040,SEM004,B+
E12698,S0422,C069,SEM006,B+
E12699,S0705,C061,SEM003,C+
E12700,S0259,C014,SEM001,B+
E12701,S0391,C034,SEM007,A
E12702,S0448,C008,SEM001,A-
E12703,S0082,C087,SEM004,A-
E12704,S0382,C114,SEM001,C-
E12705,S0413,C037,SEM004,C
E12706,S0390,C049,SEM002,A-
E12707,S0031,C020,SEM002,B-
E12708,S0930,C104,SEM003,B+
E12709,S0005,C045,SEM003,B-
E12710,S0404,C095,SEM001,C+
E12711,S0299,C081,SEM006,B
E12712,S0563,C093,SEM006,B+
E12713,S0636,C115,SEM008,A-
E12714,S0966,C061,SEM003,B
E12715,S0882,C048,SEM005,A
E12716,S0242,C045,SEM006,A
E12717,S0226,C080,SEM002,D
E12718,S0069,C015,SEM002,B+
E12719,S0174,C008,SEM006,B-
E12720,S0862,C026,SEM003,B+
E12721,S0553,C076,SEM007,A
E12722,S0011,C044,SEM006,B+
E12723,S0379,C123,SEM004,B-
E12724,S0783,C042,SEM002,B-
E12725,S0328,C049,SEM005,A-
E12726,S0190,C032,SEM006,A
E12727,S0153,C003,SEM006,A
E12728,S0282,C047,SEM008,C
E12729,S0998,C026,SEM003,B-
E12730,S0149,C016,SEM001,C+
E12731,S0491,C139,SEM005,F
E12732,S0819,C022,SEM004,C+
E12733,S0065,C048,SEM006,B
E12734,S0820,C113,SEM003,A
E12735,S0127,C025,SEM008,B-
E12736,S0524,C059,SEM001,C+
E12737,S0383,C079,SEM005,B+
E12738,S0794,C073,SEM002,A-
E12739,S0841,C049,SEM007,B
E12740,S0513,C092,SEM003,C+
E12741,S0648,C003,SEM006,C
E12742,S0942,C003,SEM007,B+
E12743,S0331,C095,SEM006,A
E12744,S0740,C016,SEM007,B
E12745,S0380,C134,SEM002,B+
E12746,S0001,C022,SEM003,C
E12747,S0127,C030,SEM007,B
E12748,S0388,C057,SEM008,A-
E12749,S0307,C041,SEM005,B+
E12750,S0553,C012,SEM004,C
E12751,S0735,C124,SEM005,B
E12752,S0925,C118,SEM003,B+
E12753,S0725,C058,SEM004,B
E12754,S0318,C079,SEM006,B+
E12755,S0924,C043,SEM003,B
E12756,S0441,C005,SEM006,A
E12757,S0456,C129,SEM006,B+
E12758,S0174,C051,SEM004,C
E12759,S0456,C049,SEM003,A-
E12760,S0109,C012,SEM001,A
E12761,S0040,C124,SEM001,B
E12762,S0317,C026,SEM008,B
E12763,S0395,C105,SEM003,C
E12764,S0814,C026,SEM001,B-
E12765,S0643,C001,SEM006,A-
E12766,S0782,C092,SEM003,B
E12767,S0798,C053,SEM008,B
E12768,S0941,C077,SEM005,C
E12769,S0858,C028,SEM005,C+
E12770,S0633,C026,SEM006,B-
E12771,S0468,C058,SEM004,C+
E12772,S0231,C001,SEM007,A
E12773,S0987,C104,SEM002,C
E12774,S0058,C063,SEM006,B-
E12775,S0749,C010,SEM006,B-
E12776,S0103,C061,SEM003,B
E12777,S0413,C056,SEM004,B+
E12778,S0623,C029,SEM007,B
E12779,S0511,C077,SEM004,F
E12780,S0478,C012,SEM002,A-
E12781,S0969,C040,SEM007,B+
E12782,S0708,C084,SEM002,F
E12783,S0582,C053,SEM003,C+
E12784,S0557,C072,SEM005,A
E12785,S0916,C022,SEM007,A-
E12786,S0350,C061,SEM007,B+
E12787,S0839,C080,SEM001,A
E12788,S0275,C004,SEM007,A-
E12789,S0272,C009,SEM006,B-
E12790,S0088,C099,SEM008,B
E12791,S0679,C036,SEM007,B
E12792,S0833,C018,SEM004,A
E12793,S0945,C012,SEM001,A-
E12794,S0270,C014,SEM007,A-
E12795,S0402,C028,SEM006,C+
E12796,S0798,C026,SEM008,A-
E12797,S0859,C019,SEM004,A-
E12798,S0773,C008,SEM001,B
E12799,S0251,C105,SEM004,B
E12800,S0186,C037,SEM003,A-
E12801,S0277,C048,SEM008,B-
E12802,S0503,C065,SEM005,B+
E12803,S0897,C039,SEM003,B
E12804,S0081,C077,SEM004,D
E12805,S0041,C087,SEM006,B
E12806,S0602,C026,SEM007,B
E12807,S0051,C045,SEM008,C-
E12808,S0717,C011,SEM007,C+
E12809,S0847,C039,SEM005,B
E12810,S0151,C054,SEM004,B+
E12811,S0848,C085,SEM004,C
E12812,S0371,C062,SEM003,B-
E12813,S0976,C115,SEM003,A-
E12814,S0371,C086,SEM003,C-
E12815,S0114,C096,SEM007,A
E12816,S0387,C003,SEM008,B+
E12817,S0862,C084,SEM006,C+
E12818,S0334,C101,SEM008,A-
E12819,S0905,C020,SEM006,A-
E12820,S0217,C025,SEM006,B
E12821,S0735,C076,SEM003,B+
E12822,S0652,C051,SEM006,C-
E12823,S0305,C097,SEM008,B-
E12824,S0398,C008,SEM004,B+
E12825,S0241,C012,SEM004,C-
E12826,S0013,C008,SEM001,B
E12827,S0951,C054,SEM004,B+
E12828,S0732,C040,SEM003,B+
E12829,S0293,C009,SEM005,B
E12830,S0402,C059,SEM004,A-
E12831,S0967,C109,SEM001,A-
E12832,S0390,C048,SEM003,B-
E12833,S0032,C118,SEM005,C+
E12834,S0190,C067,SEM008,B+
E12835,S0531,C012,SEM005,A-
E12836,S0079,C142,SEM005,A
E12837,S0949,C024,SEM001,B+
E12838,S0668,C043,SEM005,C+
E12839,S0280,C047,SEM008,D
E12840,S0904,C070,SEM003,B
E12841,S0959,C068,SEM001,A
E12842,S0999,C045,SEM006,A-
E12843,S0263,C001,SEM005,A-
E12844,S0715,C121,SEM003,A-
E12845,S0068,C049,SEM007,B-
E12846,S0769,C035,SEM008,A
E12847,S0335,C120,SEM001,B
E12848,S0463,C096,SEM002,A-
E12849,S0602,C120,SEM008,D
E12850,S0736,C092,SEM004,D
E12851,S0040,C008,SEM007,C+
E12852,S0572,C046,SEM007,C-
E12853,S0668,C138,SEM003,B
E12854,S0826,C019,SEM006,B+
E12855,S0053,C031,SEM001,A-
E12856,S0361,C021,SEM002,C
E12857,S0465,C015,SEM007,B-
E12858,S0083,C005,SEM007,C-
E12859,S0789,C001,SEM008,C+
E12860,S0985,C002,SEM002,B+
E12861,S0306,C104,SEM003,B+
E12862,S0046,C036,SEM008,A-
E12863,S0789,C126,SEM004,C-
E12864,S0568,C069,SEM005,B
E12865,S0491,C055,SEM002,A-
E12866,S0606,C006,SEM003,C-
E12867,S0976,C108,SEM005,C+
E12868,S0452,C080,SEM007,A
E12869,S0261,C059,SEM003,B
E12870,S0905,C039,SEM005,B
E12871,S0812,C001,SEM008,B+
E12872,S0505,C032,SEM002,B+
E12873,S0606,C016,SEM007,C-
E12874,S0194,C056,SEM006,B
E12875,S0011,C040,SEM001,B+
E12876,S0749,C092,SEM001,A
E12877,S0176,C002,SEM004,B+
E12878,S0724,C017,SEM006,B
E12879,S0558,C067,SEM003,D
E12880,S0591,C139,SEM007,A
E12881,S0996,C010,SEM004,B+
E12882,S0071,C075,SEM003,B-
E12883,S0645,C078,SEM003,F
E12884,S0190,C095,SEM001,B+
E12885,S0839,C067,SEM007,B-
E12886,S0088,C018,SEM007,F
E12887,S0139,C056,SEM002,C+
E12888,S0752,C018,SEM002,A
E12889,S0418,C014,SEM003,B+
E12890,S0550,C009,SEM002,C-
E12891,S0616,C106,SEM007,B+
E12892,S0787,C016,SEM006,B
E12893,S0593,C054,SEM006,B-
E12894,S0700,C012,SEM007,C+
E12895,S0764,C108,SEM002,A-
E12896,S0267,C039,SEM002,D
E12897,S0107,C050,SEM001,B
E12898,S0869,C085,SEM003,B
E12899,S0567,C026,SEM004,A-
E12900,S0885,C001,SEM001,B+
E12901,S0781,C016,SEM002,A
E12902,S0943,C025,SEM005,B-
E12903,S0446,C014,SEM001,B
E12904,S0613,C008,SEM006,D
E12905,S0391,C004,SEM008,C+
E12906,S0259,C013,SEM006,A-
E12907,S0833,C130,SEM007,D
E12908,S0713,C025,SEM006,B+
E12909,S0272,C010,SEM002,B
E12910,S0331,C038,SEM003,B
E12911,S0819,C034,SEM002,A-
E12912,S0977,C105,SEM005,B+
E12913,S0931,C134,SEM005,F
E12914,S0630,C025,SEM002,B
E12915,S0284,C014,SEM001,B+
E12916,S0814,C027,SEM008,A-
E12917,S0128,C086,SEM006,B+
E12918,S0452,C032,SEM004,B-
E12919,S0059,C087,SEM001,A-
E12920,S0904,C072,SEM006,B+
E12921,S0455,C098,SEM004,B+
E12922,S0221,C028,SEM004,C
E12923,S0340,C061,SEM003,B+
E12924,S0735,C023,SEM006,B-
E12925,S0131,C019,SEM006,A-
E12926,S0274,C069,SEM007,B-
E12927,S0934,C112,SEM001,B+
E12928,S0406,C020,SEM007,B-
E12929,S0503,C011,SEM007,B
E12930,S0334,C089,SEM007,B+
E12931,S0475,C018,SEM003,B+
E12932,S0709,C121,SEM008,B
E12933,S0956,C029,SEM005,C+
E12934,S0106,C057,SEM001,C+
E12935,S0200,C119,SEM002,B-
E12936,S0350,C046,SEM001,C
E12937,S0125,C092,SEM008,D
E12938,S0576,C009,SEM002,B+
E12939,S0896,C043,SEM003,C+
E12940,S0610,C028,SEM005,B-
E12941,S0958,C058,SEM005,C
E12942,S0288,C074,SEM004,B+
E12943,S0169,C063,SEM001,C
E12944,S0531,C017,SEM003,C+
E12945,S0899,C054,SEM006,B+
E12946,S0258,C096,SEM004,A-
E12947,S0013,C040,SEM005,B-
E12948,S0605,C091,SEM001,C
E12949,S0751,C027,SEM002,B
E12950,S0898,C008,SEM001,B
E12951,S0516,C013,SEM003,B+
E12952,S0967,C045,SEM001,B
E12953,S0367,C004,SEM007,B
E12954,S0892,C022,SEM004,A-
E12955,S0337,C088,SEM001,A-
E12956,S0685,C085,SEM006,A
E12957,S0823,C038,SEM006,B
E12958,S0232,C088,SEM006,A
E12959,S0928,C073,SEM006,C-
E12960,S0459,C034,SEM008,B+
E12961,S0354,C097,SEM006,B
E12962,S0936,C089,SEM007,C
E12963,S0172,C039,SEM005,B
E12964,S0038,C011,SEM006,C+
E12965,S0310,C028,SEM006,C
E12966,S0231,C101,SEM003,B
E12967,S0276,C075,SEM004,C-
E12968,S0894,C047,SEM008,A
E12969,S0737,C080,SEM005,C-
E12970,S0811,C124,SEM008,B+
E12971,S0989,C041,SEM005,C
E12972,S0503,C076,SEM002,B-
E12973,S0430,C036,SEM007,A
E12974,S0302,C113,SEM002,C
E12975,S0568,C059,SEM008,B
E12976,S0679,C025,SEM002,C-
E12977,S0585,C099,SEM002,B-
E12978,S0561,C096,SEM004,C-
E12979,S0358,C021,SEM005,B+
E12980,S0249,C037,SEM001,C+
E12981,S0792,C015,SEM005,A
E12982,S0347,C110,SEM001,B-
E12983,S0117,C062,SEM004,B-
E12984,S0997,C027,SEM002,A-
E12985,S0241,C012,SEM008,B-
E12986,S0571,C034,SEM004,B+
E12987,S0125,C003,SEM003,B-
E12988,S0542,C132,SEM006,B
E12989,S0395,C027,SEM006,A
E12990,S0293,C004,SEM008,B
E12991,S0790,C095,SEM008,B
E12992,S0406,C143,SEM002,A
E12993,S0168,C098,SEM005,C+
E12994,S0826,C034,SEM005,B+
E12995,S0709,C097,SEM007,B+
E12996,S0862,C027,SEM007,B+
E12997,S0598,C038,SEM008,C+
E12998,S0578,C003,SEM001,A
E12999,S0932,C057,SEM003,B+
E13000,S0993,C105,SEM002,A-
E13001,S0537,C017,SEM002,B
E13002,S0711,C132,SEM001,B+
E13003,S0630,C003,SEM002,B
E13004,S0834,C024,SEM008,C-
E13005,S0848,C125,SEM005,C+
E13006,S0318,C091,SEM003,B+
E13007,S0966,C022,SEM002,B+
E13008,S0485,C044,SEM002,C+
E13009,S0105,C099,SEM008,B
E13010,S0514,C002,SEM004,A-
E13011,S0895,C009,SEM003,B
E13012,S0366,C073,SEM008,A
E13013,S0486,C098,SEM001,B
E13014,S0584,C073,SEM004,A
E13015,S0560,C023,SEM008,C+
E13016,S0858,C005,SEM007,B
E13017,S0845,C056,SEM007,B
E13018,S0376,C006,SEM005,B
E13019,S0511,C059,SEM004,D
E13020,S0996,C120,SEM004,C+
E13021,S0802,C035,SEM002,B+
E13022,S0788,C009,SEM005,C
E13023,S0119,C125,SEM003,C
E13024,S0742,C044,SEM003,A
E13025,S0324,C114,SEM003,B
E13026,S0091,C148,SEM006,B
E13027,S0613,C038,SEM008,B+
E13028,S0992,C042,SEM005,B+
E13029,S0645,C084,SEM006,A-
E13030,S0614,C117,SEM005,B+
E13031,S0511,C065,SEM007,B
E13032,S0252,C009,SEM004,B
E13033,S0268,C086,SEM008,B+
E13034,S0878,C064,SEM007,D
E13035,S0156,C036,SEM001,A
E13036,S0919,C079,SEM002,B
E13037,S0311,C015,SEM008,C+
E13038,S0838,C062,SEM005,A-
E13039,S0422,C066,SEM007,C-
E13040,S0360,C016,SEM005,D
E13041,S0739,C056,SEM007,A
E13042,S0276,C114,SEM001,B-
E13043,S0050,C016,SEM001,B-
E13044,S0947,C047,SEM008,A
E13045,S0477,C118,SEM006,B
E13046,S0162,C011,SEM005,B+
E13047,S0904,C101,SEM007,B
E13048,S0628,C085,SEM004,C+
E13049,S0354,C069,SEM008,C+
E13050,S0508,C072,SEM006,D
E13051,S0408,C095,SEM001,A-
E13052,S0690,C079,SEM001,C+
E13053,S0353,C107,SEM002,C-
E13054,S0912,C003,SEM004,B+
E13055,S0489,C070,SEM004,B
E13056,S0682,C070,SEM003,C+
E13057,S0462,C120,SEM001,C+
E13058,S0417,C032,SEM007,B-
E13059,S0127,C086,SEM005,C-
E13060,S0368,C068,SEM001,A
E13061,S0090,C041,SEM001,A
E13062,S0400,C040,SEM003,A-
E13063,S0024,C099,SEM001,C
E13064,S0923,C061,SEM004,C
E13065,S0935,C101,SEM001,D
E13066,S0615,C035,SEM008,A-
E13067,S0061,C061,SEM002,B
E13068,S0552,C097,SEM002,C
E13069,S0510,C061,SEM004,B
E13070,S0911,C019,SEM008,A-
E13071,S0778,C028,SEM006,A-
E13072,S0770,C007,SEM008,C
E13073,S0420,C089,SEM003,C
E13074,S0886,C028,SEM008,C+
E13075,S0149,C091,SEM005,A
E13076,S0944,C026,SEM004,B+
E13077,S0541,C110,SEM002,A-
E13078,S0319,C043,SEM001,F
E13079,S0266,C008,SEM007,C
E13080,S0147,C026,SEM006,C+
E13081,S0211,C089,SEM007,C+
E13082,S0035,C088,SEM005,B+
E13083,S0696,C073,SEM001,B
E13084,S0770,C055,SEM004,A-
E13085,S0512,C010,SEM005,B-
E13086,S0861,C048,SEM002,B-
E13087,S0931,C036,SEM004,C
E13088,S0287,C029,SEM008,B
E13089,S0162,C008,SEM005,B
E13090,S0343,C096,SEM003,B
E13091,S0479,C009,SEM008,A-
E13092,S0216,C027,SEM007,B
E13093,S0235,C035,SEM008,B+
E13094,S0102,C023,SEM005,B
E13095,S0289,C007,SEM007,B+
E13096,S0087,C084,SEM001,B
E13097,S0200,C016,SEM007,B-
E13098,S0199,C123,SEM002,B+
E13099,S0478,C103,SEM004,B+
E13100,S0036,C048,SEM001,C+
E13101,S0647,C099,SEM008,B-
E13102,S0558,C080,SEM004,B+
E13103,S0265,C009,SEM008,C+
E13104,S0163,C089,SEM004,B
E13105,S0810,C042,SEM004,B
E13106,S0286,C077,SEM003,C
E13107,S0009,C068,SEM003,B
E13108,S0207,C066,SEM004,B
E13109,S0110,C007,SEM001,B
E13110,S0983,C073,SEM008,C
E13111,S0565,C065,SEM007,A-
E13112,S0409,C086,SEM006,C-
E13113,S0991,C058,SEM004,B+
E13114,S0092,C025,SEM008,C
E13115,S0377,C034,SEM008,B+
E13116,S0164,C004,SEM007,B
E13117,S0185,C038,SEM005,B
E13118,S0487,C013,SEM001,B+
E13119,S0482,C083,SEM005,B
E13120,S0308,C056,SEM007,C+
E13121,S0523,C142,SEM002,C+
E13122,S0092,C108,SEM005,B
E13123,S0326,C023,SEM007,A-
E13124,S0780,C050,SEM008,B-
E13125,S0248,C036,SEM007,B
E13126,S0853,C046,SEM003,B+
E13127,S0691,C066,SEM008,A
E13128,S0153,C004,SEM008,B
E13129,S0327,C016,SEM008,B-
E13130,S0083,C074,SEM004,F
E13131,S0148,C031,SEM004,B-
E13132,S0788,C068,SEM008,B+
E13133,S0116,C047,SEM002,C
E13134,S0454,C045,SEM002,B+
E13135,S0527,C001,SEM008,C+
E13136,S0235,C072,SEM008,C
E13137,S0785,C050,SEM005,C-
E13138,S0366,C049,SEM005,B
E13139,S0753,C138,SEM004,B+
E13140,S0636,C074,SEM005,B+
E13141,S0020,C032,SEM008,B+
E13142,S0652,C002,SEM008,C+
E13143,S0032,C043,SEM003,B+
E13144,S0088,C143,SEM001,C
E13145,S0997,C043,SEM002,B-
E13146,S0596,C036,SEM006,A
E13147,S0937,C074,SEM001,B+
E13148,S0572,C049,SEM004,B
E13149,S0200,C034,SEM008,C
E13150,S0670,C034,SEM004,D
E13151,S0073,C011,SEM002,C
E13152,S0076,C026,SEM005,A-
E13153,S0510,C147,SEM001,F
E13154,S0458,C058,SEM002,F
E13155,S0020,C073,SEM006,A-
E13156,S0211,C096,SEM007,D
E13157,S0354,C014,SEM001,A-
E13158,S0742,C090,SEM005,C+
E13159,S0429,C023,SEM005,C
E13160,S0789,C019,SEM002,B
E13161,S0801,C049,SEM005,B
E13162,S0601,C062,SEM007,B
E13163,S0081,C081,SEM003,B+
E13164,S0481,C052,SEM003,C
E13165,S0335,C035,SEM002,B+
E13166,S0638,C084,SEM005,B-
E13167,S0184,C015,SEM006,C-
E13168,S0746,C005,SEM002,B+
E13169,S0636,C113,SEM001,B
E13170,S0951,C018,SEM004,A
E13171,S0069,C104,SEM007,C
E13172,S0300,C127,SEM004,F
E13173,S0122,C103,SEM003,B
E13174,S0131,C046,SEM008,B
E13175,S0225,C037,SEM008,B
E13176,S0778,C006,SEM006,B+
E13177,S0733,C105,SEM007,A-
E13178,S0526,C022,SEM006,B+
E13179,S0006,C083,SEM003,A-
E13180,S0149,C106,SEM004,B
E13181,S0552,C096,SEM006,B
E13182,S0882,C113,SEM004,B-
E13183,S0838,C075,SEM008,A
E13184,S0881,C019,SEM003,C
E13185,S0527,C035,SEM001,B
E13186,S0656,C145,SEM008,B-
E13187,S0659,C099,SEM007,A-
E13188,S0008,C102,SEM005,B-
E13189,S0756,C124,SEM008,B
E13190,S0097,C107,SEM001,B
E13191,S0313,C035,SEM003,C
E13192,S0293,C091,SEM005,B-
E13193,S0292,C002,SEM007,B
E13194,S0662,C087,SEM008,B-
E13195,S0628,C001,SEM007,C+
E13196,S0217,C040,SEM005,B
E13197,S0731,C077,SEM002,C
E13198,S0679,C043,SEM007,A-
E13199,S0573,C032,SEM007,B
E13200,S0200,C043,SEM004,B
E13201,S0728,C073,SEM001,B+
E13202,S0760,C034,SEM006,B-
E13203,S0987,C118,SEM002,C+
E13204,S0686,C043,SEM001,A
E13205,S0587,C089,SEM004,B
E13206,S0703,C008,SEM001,B
E13207,S0362,C005,SEM007,B
E13208,S0295,C122,SEM001,B+
E13209,S0521,C136,SEM006,B+
E13210,S0146,C048,SEM006,B
E13211,S0417,C062,SEM005,A-
E13212,S0873,C018,SEM003,B
E13213,S0656,C081,SEM007,A
E13214,S0021,C003,SEM004,C-
E13215,S0158,C031,SEM008,B+
E13216,S0776,C090,SEM003,B+
E13217,S0074,C022,SEM007,B+
E13218,S0057,C005,SEM006,B
E13219,S0153,C006,SEM005,C+
E13220,S0078,C009,SEM006,C-
E13221,S0566,C094,SEM002,B+
E13222,S0282,C013,SEM004,C
E13223,S0390,C018,SEM001,C-
E13224,S0010,C119,SEM002,B
E13225,S0940,C089,SEM005,C+
E13226,S0811,C071,SEM001,B
E13227,S0171,C031,SEM008,B+
E13228,S0996,C037,SEM006,B+
E13229,S0193,C107,SEM007,B
E13230,S0558,C030,SEM003,B-
E13231,S0502,C046,SEM007,C+
E13232,S0896,C005,SEM005,B
E13233,S0286,C006,SEM002,A-
E13234,S0924,C061,SEM006,C-
E13235,S0453,C125,SEM008,B+
E13236,S0933,C038,SEM001,C
E13237,S0087,C050,SEM005,B
E13238,S0344,C092,SEM004,A-
E13239,S0005,C001,SEM005,B+
E13240,S0413,C003,SEM002,B
E13241,S0706,C122,SEM005,B
E13242,S0502,C081,SEM003,A
E13243,S0616,C083,SEM001,C-
E13244,S0097,C014,SEM006,C
E13245,S0729,C038,SEM003,A-
E13246,S0568,C039,SEM007,B+
E13247,S0541,C013,SEM005,B
E13248,S0923,C029,SEM006,B-
E13249,S0136,C005,SEM008,A
E13250,S0436,C108,SEM005,A
E13251,S0399,C033,SEM007,B
E13252,S0094,C018,SEM004,C
E13253,S0174,C079,SEM006,B
E13254,S0166,C013,SEM007,C
E13255,S0327,C030,SEM001,A-
E13256,S0331,C080,SEM004,A-
E13257,S0335,C022,SEM006,B
E13258,S0239,C127,SEM008,B-
E13259,S0461,C054,SEM002,B+
E13260,S0992,C028,SEM005,C
E13261,S0077,C029,SEM004,C+
E13262,S0937,C084,SEM002,B+
E13263,S0310,C136,SEM002,A
E13264,S0435,C029,SEM002,C+
E13265,S0170,C053,SEM008,A-
E13266,S0705,C080,SEM006,A-
E13267,S0866,C001,SEM005,B+
E13268,S0089,C012,SEM005,B+
E13269,S0545,C065,SEM002,B
E13270,S0860,C009,SEM004,B
E13271,S0731,C075,SEM008,B-
E13272,S0800,C017,SEM004,B-
E13273,S0266,C012,SEM006,B-
E13274,S0314,C004,SEM002,B+
E13275,S0339,C027,SEM005,B-
E13276,S0859,C120,SEM004,D
E13277,S0555,C112,SEM002,F
E13278,S0197,C034,SEM001,C
E13279,S0281,C048,SEM007,F
E13280,S0059,C071,SEM008,B
E13281,S0249,C041,SEM006,B
E13282,S0329,C084,SEM002,B-
E13283,S0066,C035,SEM007,B+
E13284,S0445,C010,SEM001,C
E13285,S0845,C013,SEM005,B
E13286,S0840,C115,SEM002,F
E13287,S0675,C011,SEM002,B+
E13288,S0916,C016,SEM006,C
E13289,S0288,C036,SEM003,B
E13290,S0312,C082,SEM007,B+
E13291,S0231,C008,SEM003,B
E13292,S0034,C003,SEM008,B+
E13293,S0329,C058,SEM008,A-
E13294,S0082,C088,SEM001,B
E13295,S0667,C005,SEM003,D
E13296,S0299,C052,SEM008,B-
E13297,S0934,C039,SEM001,B+
E13298,S0800,C125,SEM002,A
E13299,S0974,C016,SEM001,C
E13300,S0788,C020,SEM007,B
E13301,S0903,C054,SEM006,A-
E13302,S0894,C022,SEM008,B+
E13303,S0227,C056,SEM008,B-
E13304,S0029,C122,SEM006,A-
E13305,S0635,C004,SEM005,B+
E13306,S0276,C044,SEM005,B
E13307,S0334,C133,SEM007,B-
E13308,S0336,C033,SEM007,B-
E13309,S0307,C100,SEM006,A
E13310,S0240,C040,SEM006,B
E13311,S0921,C060,SEM007,D
E13312,S0004,C076,SEM008,A-
E13313,S0408,C046,SEM002,B-
E13314,S0525,C042,SEM004,C+
E13315,S0307,C031,SEM003,C+
E13316,S0831,C076,SEM008,B+
E13317,S0200,C015,SEM007,D
E13318,S0970,C013,SEM007,A
E13319,S0222,C064,SEM002,B
E13320,S0044,C142,SEM004,B
E13321,S0900,C014,SEM005,B
E13322,S0749,C014,SEM003,D
E13323,S0731,C061,SEM001,C+
E13324,S0699,C031,SEM002,C
E13325,S0950,C008,SEM003,B-
E13326,S0569,C077,SEM001,A-
E13327,S0136,C121,SEM001,C-
E13328,S0861,C095,SEM001,A-
E13329,S0483,C041,SEM001,B
E13330,S0496,C135,SEM003,A-
E13331,S0509,C046,SEM007,B
E13332,S0564,C055,SEM003,B
E13333,S0837,C013,SEM004,B+
E13334,S0245,C084,SEM002,A-
E13335,S0301,C049,SEM005,A-
E13336,S0373,C119,SEM006,B
E13337,S0707,C062,SEM005,A
E13338,S0887,C030,SEM006,B
E13339,S0675,C036,SEM002,C+
E13340,S0284,C005,SEM002,B
E13341,S0022,C107,SEM001,C+
E13342,S0315,C033,SEM006,C
E13343,S0860,C083,SEM007,B-
E13344,S0788,C064,SEM002,A
E13345,S0375,C089,SEM007,B-
E13346,S0459,C015,SEM007,B
E13347,S0004,C006,SEM003,A
E13348,S0664,C031,SEM003,B+
E13349,S0418,C116,SEM004,B
E13350,S0620,C068,SEM004,C+
E13351,S0567,C045,SEM006,B+
E13352,S0857,C061,SEM006,B+
E13353,S0957,C019,SEM005,A-
E13354,S0471,C056,SEM004,A-
E13355,S0636,C037,SEM008,B+
E13356,S0400,C003,SEM007,B
E13357,S0366,C015,SEM004,B
E13358,S0512,C053,SEM003,C
E13359,S0423,C003,SEM007,B+
E13360,S0202,C055,SEM005,F
E13361,S0384,C044,SEM007,B-
E13362,S0774,C037,SEM001,A
E13363,S0319,C057,SEM006,C-
E13364,S0477,C012,SEM004,C+
E13365,S0261,C007,SEM003,B-
E13366,S0271,C028,SEM001,D
E13367,S0841,C041,SEM004,B
E13368,S0127,C044,SEM003,B
E13369,S0178,C056,SEM005,B
E13370,S0675,C117,SEM004,C
E13371,S0553,C131,SEM007,D
E13372,S0620,C053,SEM006,C
E13373,S0961,C019,SEM005,A-
E13374,S0639,C061,SEM003,B-
E13375,S0798,C044,SEM008,B+
E13376,S0163,C120,SEM006,B+
E13377,S0156,C024,SEM004,C-
E13378,S0519,C099,SEM002,B-
E13379,S0452,C002,SEM001,B+
E13380,S0980,C086,SEM004,B-
E13381,S0212,C023,SEM001,D
E13382,S0041,C038,SEM008,A
E13383,S0185,C060,SEM005,C+
E13384,S0845,C046,SEM006,B-
E13385,S0261,C100,SEM002,B-
E13386,S0553,C038,SEM003,B-
E13387,S0072,C121,SEM004,B
E13388,S0890,C029,SEM008,C+
E13389,S0616,C068,SEM003,B+
E13390,S0469,C017,SEM008,B
E13391,S0672,C039,SEM008,B
E13392,S0608,C015,SEM004,D
E13393,S0895,C055,SEM008,C+
E13394,S0061,C045,SEM003,A
E13395,S0988,C017,SEM008,B-
E13396,S0190,C145,SEM004,B-
E13397,S0454,C095,SEM002,B
E13398,S0374,C002,SEM005,C+
E13399,S0421,C008,SEM005,D
E13400,S0309,C017,SEM004,F
E13401,S0686,C072,SEM002,A
E13402,S0665,C126,SEM004,B
E13403,S0142,C127,SEM003,F
E13404,S0301,C040,SEM008,A-
E13405,S0241,C070,SEM003,B
E13406,S0534,C130,SEM008,B
E13407,S0443,C080,SEM008,B
E13408,S0065,C067,SEM003,B-
E13409,S0943,C038,SEM001,A-
E13410,S0999,C105,SEM008,B-
E13411,S0285,C095,SEM004,A
E13412,S0213,C018,SEM002,A-
E13413,S0563,C082,SEM004,A-
E13414,S0597,C086,SEM003,B-
E13415,S0853,C001,SEM005,A-
E13416,S0745,C090,SEM004,B+
E13417,S0111,C052,SEM005,B+
E13418,S0913,C007,SEM001,D
E13419,S0858,C142,SEM006,B-
E13420,S0593,C067,SEM004,D
E13421,S0288,C006,SEM007,D
E13422,S0413,C045,SEM005,A-
E13423,S0193,C023,SEM004,B-
E13424,S0755,C032,SEM001,C+
E13425,S0324,C007,SEM004,C-
E13426,S0361,C096,SEM001,B+
E13427,S0767,C022,SEM006,B
E13428,S0648,C013,SEM008,B+
E13429,S0821,C041,SEM004,B+
E13430,S0437,C090,SEM005,B+
E13431,S0293,C047,SEM003,C-
E13432,S0014,C012,SEM001,C+
E13433,S0974,C053,SEM001,B-
E13434,S0476,C049,SEM005,B
E13435,S0576,C107,SEM005,A-
E13436,S0851,C035,SEM002,C+
E13437,S0198,C016,SEM005,B+
E13438,S0306,C002,SEM004,A-
E13439,S0430,C028,SEM001,C
E13440,S0657,C118,SEM004,B+
E13441,S0301,C051,SEM007,A
E13442,S0079,C008,SEM004,B-
E13443,S0298,C055,SEM003,B
E13444,S0905,C006,SEM001,B+
E13445,S0123,C118,SEM008,C-
E13446,S0730,C011,SEM003,B
E13447,S0153,C048,SEM002,B+
E13448,S0473,C031,SEM007,B
E13449,S0805,C038,SEM003,A
E13450,S0806,C072,SEM003,B+
E13451,S0120,C045,SEM006,C+
E13452,S0977,C005,SEM007,B-
E13453,S0872,C057,SEM003,F
E13454,S0299,C045,SEM006,B
E13455,S0381,C018,SEM008,B
E13456,S0578,C096,SEM004,C
E13457,S0086,C027,SEM002,B
E13458,S0892,C076,SEM003,A
E13459,S0067,C132,SEM004,A
E13460,S0516,C112,SEM002,B-
E13461,S0828,C054,SEM003,B
E13462,S0277,C129,SEM004,A-
E13463,S0760,C043,SEM003,C
E13464,S0546,C028,SEM002,D
E13465,S0670,C111,SEM006,B-
E13466,S0874,C081,SEM008,B+
E13467,S0438,C029,SEM002,A
E13468,S0490,C010,SEM006,C+
E13469,S0812,C012,SEM008,B+
E13470,S0424,C130,SEM004,C+
E13471,S0853,C058,SEM004,A
E13472,S0502,C092,SEM008,B-
E13473,S0688,C013,SEM008,A
E13474,S0325,C010,SEM007,B
E13475,S0858,C080,SEM007,D
E13476,S0518,C002,SEM001,C+
E13477,S0522,C086,SEM003,B-
E13478,S0648,C118,SEM006,B
E13479,S0866,C019,SEM005,A-
E13480,S0909,C085,SEM001,F
E13481,S0331,C039,SEM007,B+
E13482,S0169,C087,SEM004,B
E13483,S0169,C009,SEM005,B+
E13484,S0670,C093,SEM006,B
E13485,S0181,C055,SEM008,B
E13486,S0597,C060,SEM005,C
E13487,S0891,C040,SEM008,F
E13488,S0774,C110,SEM008,A-
E13489,S0557,C106,SEM005,B
E13490,S0955,C003,SEM003,C-
E13491,S0868,C064,SEM008,C
E13492,S0203,C116,SEM008,B
E13493,S0441,C008,SEM001,C-
E13494,S0188,C003,SEM003,B-
E13495,S0324,C094,SEM007,F
E13496,S0062,C013,SEM002,B-
E13497,S0879,C137,SEM003,A
E13498,S0733,C039,SEM004,C+
E13499,S0198,C047,SEM004,C-
E13500,S0129,C099,SEM004,A
E13501,S0058,C040,SEM004,D
E13502,S0822,C010,SEM001,B
E13503,S0444,C115,SEM001,C
E13504,S0465,C004,SEM005,B
E13505,S0835,C087,SEM008,B+
E13506,S0562,C089,SEM001,F
E13507,S0274,C021,SEM008,D
E13508,S0731,C036,SEM004,C+
E13509,S0179,C091,SEM002,B
E13510,S0109,C040,SEM007,B
E13511,S0932,C063,SEM001,D
E13512,S0003,C103,SEM002,C
E13513,S0100,C040,SEM005,D
E13514,S0563,C019,SEM006,B
E13515,S0014,C030,SEM003,B
E13516,S0019,C013,SEM004,F
E13517,S0243,C003,SEM001,D
E13518,S0504,C001,SEM007,D
E13519,S0960,C013,SEM007,B+
E13520,S0297,C058,SEM006,B-
E13521,S0206,C001,SEM003,C-
E13522,S0332,C064,SEM004,B-
E13523,S0199,C132,SEM001,B
E13524,S0816,C050,SEM006,B
E13525,S0669,C018,SEM007,B+
E13526,S0943,C053,SEM005,D
E13527,S0589,C067,SEM006,C-
E13528,S0012,C148,SEM007,B
E13529,S0372,C062,SEM001,B
E13530,S0926,C032,SEM006,B-
E13531,S0353,C028,SEM008,B+
E13532,S0958,C003,SEM002,F
E13533,S0008,C066,SEM003,C
E13534,S0779,C018,SEM003,B
E13535,S0282,C081,SEM004,B
E13536,S0090,C007,SEM004,A
E13537,S0727,C044,SEM003,D
E13538,S0542,C118,SEM006,C
E13539,S0244,C116,SEM001,B-
E13540,S0413,C039,SEM006,C+
E13541,S0311,C143,SEM008,B
E13542,S0656,C013,SEM006,B-
E13543,S0065,C071,SEM001,B
E13544,S0983,C018,SEM001,B+
E13545,S0114,C073,SEM006,B-
E13546,S0547,C046,SEM004,B
E13547,S0591,C002,SEM002,B
E13548,S0543,C051,SEM001,B
E13549,S0277,C013,SEM008,A-
E13550,S0957,C106,SEM004,B+
E13551,S0533,C036,SEM005,B
E13552,S0879,C018,SEM003,A-
E13553,S0328,C032,SEM004,F
E13554,S0118,C082,SEM007,B-
E13555,S0431,C112,SEM006,B-
E13556,S0397,C075,SEM005,B-
E13557,S0922,C063,SEM002,C+
E13558,S0302,C116,SEM001,B+
E13559,S0643,C027,SEM006,B
E13560,S0337,C003,SEM001,B
E13561,S0154,C022,SEM003,A-
E13562,S0761,C067,SEM002,C+
E13563,S0386,C072,SEM004,B+
E13564,S0195,C027,SEM006,B
E13565,S0871,C036,SEM007,B
E13566,S0091,C034,SEM005,B-
E13567,S0222,C013,SEM008,B
E13568,S0412,C011,SEM001,A
E13569,S0971,C055,SEM006,A
E13570,S0508,C005,SEM002,A
E13571,S0554,C054,SEM007,B
E13572,S0279,C015,SEM007,C-
E13573,S0722,C051,SEM002,B
E13574,S0957,C030,SEM007,B-
E13575,S0922,C057,SEM006,C-
E13576,S0857,C125,SEM001,B
E13577,S0033,C001,SEM001,A
E13578,S0295,C001,SEM007,C
E13579,S0200,C034,SEM001,A-
E13580,S0492,C109,SEM007,B-
E13581,S0682,C091,SEM007,F
E13582,S0181,C092,SEM003,B
E13583,S0056,C048,SEM004,C+
E13584,S0444,C055,SEM004,C+
E13585,S0639,C053,SEM003,B
E13586,S0097,C018,SEM001,B-
E13587,S0467,C045,SEM001,F
E13588,S0304,C017,SEM006,B+
E13589,S0214,C021,SEM005,C+
E13590,S0313,C062,SEM001,B
E13591,S0364,C081,SEM008,A
E13592,S0410,C098,SEM003,F
E13593,S0412,C067,SEM003,A-
E13594,S0469,C089,SEM005,B-
E13595,S0635,C012,SEM002,B-
E13596,S0872,C004,SEM004,C
E13597,S0702,C092,SEM006,A
E13598,S0087,C063,SEM003,F
E13599,S0684,C057,SEM006,B
E13600,S0626,C007,SEM005,B+
E13601,S0410,C005,SEM001,B
E13602,S0831,C008,SEM003,B
E13603,S0755,C050,SEM006,B
E13604,S0671,C011,SEM003,A-
E13605,S0605,C035,SEM001,B
E13606,S0363,C060,SEM007,B
E13607,S0637,C089,SEM004,B+
E13608,S0569,C074,SEM001,A-
E13609,S0290,C025,SEM007,B
E13610,S0735,C058,SEM004,F
E13611,S0981,C040,SEM004,B
E13612,S0761,C122,SEM007,B-
E13613,S0276,C035,SEM003,B+
E13614,S0195,C096,SEM006,B+
E13615,S0308,C079,SEM002,A
E13616,S0897,C027,SEM008,C+
E13617,S0171,C132,SEM001,B
E13618,S0865,C042,SEM006,B+
E13619,S0873,C010,SEM004,D
E13620,S0409,C002,SEM003,C
E13621,S0022,C103,SEM006,C-
E13622,S0646,C019,SEM006,B-
E13623,S0529,C032,SEM007,B-
E13624,S0602,C043,SEM007,B
E13625,S0832,C071,SEM001,A-
E13626,S0384,C149,SEM003,A-
E13627,S0318,C009,SEM006,B
E13628,S0187,C039,SEM008,C+
E13629,S0897,C060,SEM007,C+
E13630,S0807,C020,SEM008,D
E13631,S0145,C029,SEM002,B-
E13632,S0010,C129,SEM002,B-
E13633,S0789,C018,SEM004,B
E13634,S0964,C131,SEM008,B
E13635,S0661,C014,SEM002,B
E13636,S0713,C061,SEM001,C+
E13637,S0837,C065,SEM005,F
E13638,S0693,C014,SEM002,B
E13639,S0299,C027,SEM005,B-
E13640,S0620,C007,SEM003,F
E13641,S0217,C033,SEM003,B
E13642,S0186,C061,SEM008,A-
E13643,S0912,C037,SEM001,D
E13644,S0702,C037,SEM001,A
E13645,S0771,C033,SEM007,B-
E13646,S0336,C116,SEM002,A-
E13647,S0712,C013,SEM007,C-
E13648,S0633,C027,SEM004,B+
E13649,S0152,C052,SEM005,B+
E13650,S0299,C054,SEM005,B
E13651,S0743,C148,SEM005,B
E13652,S0623,C050,SEM001,B
E13653,S0472,C029,SEM007,C-
E13654,S0685,C040,SEM007,B+
E13655,S0708,C038,SEM003,B
E13656,S0182,C066,SEM001,B+
E13657,S0361,C033,SEM006,C
E13658,S0080,C015,SEM002,B
E13659,S0187,C023,SEM004,C-
E13660,S0790,C005,SEM006,C-
E13661,S0799,C054,SEM001,B-
E13662,S0736,C046,SEM004,B
E13663,S0392,C069,SEM008,C+
E13664,S0862,C115,SEM008,A
E13665,S0026,C047,SEM008,C+
E13666,S0470,C029,SEM005,A-
E13667,S0946,C036,SEM008,C+
E13668,S0499,C011,SEM003,C+
E13669,S0456,C010,SEM003,B-
E13670,S0039,C058,SEM004,C-
E13671,S0456,C056,SEM006,B+
E13672,S0378,C021,SEM008,B+
E13673,S0748,C058,SEM007,B-
E13674,S0696,C068,SEM008,F
E13675,S0182,C005,SEM003,C
E13676,S0163,C009,SEM004,B-
E13677,S0655,C114,SEM007,B+
E13678,S0129,C040,SEM007,A-
E13679,S0204,C017,SEM005,B
E13680,S0756,C060,SEM006,C+
E13681,S0598,C049,SEM002,B+
E13682,S0822,C014,SEM008,A
E13683,S0967,C078,SEM006,A-
E13684,S0329,C041,SEM006,B
E13685,S0735,C037,SEM005,B
E13686,S0707,C023,SEM004,C-
E13687,S0217,C117,SEM007,C
E13688,S0304,C012,SEM006,A-
E13689,S0304,C063,SEM001,A-
E13690,S0689,C104,SEM004,B-
E13691,S0282,C015,SEM003,A-
E13692,S0404,C096,SEM002,B
E13693,S0601,C145,SEM001,C
E13694,S0570,C091,SEM005,B+
E13695,S0525,C062,SEM006,A
E13696,S0923,C046,SEM002,C
E13697,S0492,C002,SEM007,C
E13698,S0812,C016,SEM008,B
E13699,S0743,C014,SEM008,B
E13700,S0563,C120,SEM002,B
E13701,S0114,C141,SEM007,C+
E13702,S0851,C080,SEM002,B
E13703,S0194,C089,SEM005,C
E13704,S0445,C042,SEM008,A-
E13705,S0541,C078,SEM004,A-
E13706,S0147,C053,SEM007,D
E13707,S0926,C054,SEM007,B-
E13708,S0154,C054,SEM004,C
E13709,S0461,C020,SEM004,B-
E13710,S0563,C129,SEM008,D
E13711,S0064,C111,SEM002,B
E13712,S0063,C019,SEM008,C-
E13713,S0729,C037,SEM002,B+
E13714,S0024,C110,SEM001,D
E13715,S0552,C049,SEM005,B-
E13716,S0110,C034,SEM003,A-
E13717,S0035,C039,SEM005,C+
E13718,S0305,C082,SEM007,B+
E13719,S0306,C045,SEM004,B+
E13720,S0143,C082,SEM006,C+
E13721,S0146,C034,SEM001,C-
E13722,S0516,C026,SEM007,C+
E13723,S0858,C084,SEM001,A
E13724,S0291,C083,SEM003,B
E13725,S0090,C073,SEM003,B
E13726,S0714,C019,SEM003,F
E13727,S0324,C126,SEM007,B+
E13728,S0061,C106,SEM001,B+
E13729,S0090,C096,SEM007,D
E13730,S0265,C107,SEM001,B
E13731,S0886,C095,SEM006,C
E13732,S0751,C113,SEM006,A
E13733,S0970,C068,SEM006,A-
E13734,S0460,C013,SEM008,C
E13735,S0356,C048,SEM002,C+
E13736,S0993,C021,SEM001,C
E13737,S0454,C005,SEM002,A-
E13738,S0656,C129,SEM004,C
E13739,S0669,C103,SEM004,B+
E13740,S0718,C018,SEM004,C-
E13741,S0314,C004,SEM003,B+
E13742,S0762,C070,SEM001,D
E13743,S0237,C062,SEM005,A
E13744,S0585,C022,SEM006,B
E13745,S0456,C017,SEM004,B-
E13746,S0568,C012,SEM003,A-
E13747,S0186,C054,SEM002,C+
E13748,S0486,C066,SEM001,B-
E13749,S0763,C038,SEM008,B
E13750,S0378,C034,SEM004,B+
E13751,S0549,C036,SEM003,B
E13752,S0441,C146,SEM005,B+
E13753,S0422,C068,SEM002,A
E13754,S0927,C049,SEM005,B+
E13755,S0241,C112,SEM003,A-
E13756,S0683,C073,SEM007,B+
E13757,S0990,C023,SEM007,A-
E13758,S0009,C061,SEM002,C
E13759,S0083,C089,SEM006,B
E13760,S0061,C095,SEM005,A
E13761,S0640,C002,SEM003,B+
E13762,S0082,C091,SEM007,B+
E13763,S0977,C013,SEM003,B
E13764,S0406,C022,SEM002,C
E13765,S0088,C029,SEM001,B
E13766,S0918,C039,SEM005,C-
E13767,S0471,C019,SEM007,B-
E13768,S0689,C072,SEM006,A-
E13769,S0202,C104,SEM003,C
E13770,S0148,C085,SEM008,B+
E13771,S0719,C080,SEM001,B+
E13772,S0525,C040,SEM002,C-
E13773,S0107,C019,SEM004,B
E13774,S0523,C105,SEM002,D
E13775,S0668,C020,SEM002,B+
E13776,S0811,C048,SEM006,B-
E13777,S0223,C071,SEM001,D
E13778,S0654,C120,SEM007,B
E13779,S0715,C093,SEM007,B
E13780,S0645,C016,SEM007,B
E13781,S0192,C008,SEM005,B+
E13782,S0648,C052,SEM002,A-
E13783,S0436,C148,SEM003,B
E13784,S0824,C099,SEM006,B
E13785,S0616,C105,SEM004,B
E13786,S0549,C059,SEM008,B+
E13787,S0329,C090,SEM003,C-
E13788,S0704,C045,SEM008,B+
E13789,S0573,C023,SEM005,C-
E13790,S0401,C040,SEM001,C+
E13791,S0004,C026,SEM005,B+
E13792,S0808,C008,SEM003,A-
E13793,S0512,C078,SEM008,B+
E13794,S0536,C015,SEM002,C+
E13795,S0662,C005,SEM004,B+
E13796,S0955,C002,SEM004,C+
E13797,S0416,C020,SEM006,A
E13798,S0162,C112,SEM003,B-
E13799,S0726,C066,SEM007,F
E13800,S0412,C010,SEM001,B-
E13801,S0236,C006,SEM004,A
E13802,S0456,C042,SEM006,B
E13803,S0318,C088,SEM002,C
E13804,S0331,C099,SEM003,A-
E13805,S0777,C028,SEM006,B
E13806,S0517,C001,SEM004,B+
E13807,S0738,C135,SEM007,B-
E13808,S0847,C012,SEM002,A-
E13809,S0416,C102,SEM002,C+
E13810,S0075,C110,SEM006,B
E13811,S0053,C043,SEM007,C+
E13812,S0012,C051,SEM008,F
E13813,S0596,C003,SEM001,B+
E13814,S0205,C002,SEM007,B
E13815,S0690,C031,SEM004,B+
E13816,S0723,C089,SEM003,B+
E13817,S0660,C027,SEM001,C+
E13818,S0511,C019,SEM006,B
E13819,S0863,C023,SEM005,B-
E13820,S0263,C032,SEM003,B
E13821,S0012,C007,SEM006,C-
E13822,S0140,C124,SEM002,B
E13823,S0735,C078,SEM003,B
E13824,S0763,C133,SEM008,B+
E13825,S0723,C032,SEM007,B+
E13826,S0842,C136,SEM004,C+
E13827,S0613,C022,SEM001,C-
E13828,S0776,C111,SEM006,C
E13829,S0498,C019,SEM007,B-
E13830,S0707,C022,SEM007,B
E13831,S0729,C010,SEM005,B+
E13832,S0414,C068,SEM008,C
E13833,S0811,C081,SEM003,A-
E13834,S0304,C031,SEM008,D
E13835,S0697,C002,SEM002,B-
E13836,S0555,C041,SEM004,B-
E13837,S0027,C026,SEM002,B+
E13838,S0564,C050,SEM002,B
E13839,S0316,C019,SEM001,B
E13840,S0794,C105,SEM006,F
E13841,S0451,C001,SEM002,B
E13842,S0848,C109,SEM002,B+
E13843,S0649,C037,SEM007,B+
E13844,S0733,C021,SEM004,B
E13845,S0092,C059,SEM007,B
E13846,S0686,C033,SEM003,D
E13847,S0675,C038,SEM002,A
E13848,S0944,C112,SEM005,B
E13849,S0393,C095,SEM005,B+
E13850,S0167,C087,SEM004,B-
E13851,S0892,C038,SEM006,B
E13852,S0672,C039,SEM007,B
E13853,S0997,C004,SEM004,C+
E13854,S0371,C027,SEM002,A-
E13855,S0873,C029,SEM006,B-
E13856,S0433,C099,SEM008,C
E13857,S0277,C034,SEM008,B
E13858,S0403,C035,SEM007,B+
E13859,S0272,C074,SEM004,B-
E13860,S0480,C001,SEM006,B
E13861,S0152,C071,SEM002,B-
E13862,S0918,C072,SEM006,B+
E13863,S0917,C042,SEM003,F
E13864,S0882,C067,SEM001,C-
E13865,S0053,C013,SEM005,A-
E13866,S0236,C034,SEM005,D
E13867,S0778,C097,SEM007,B
E13868,S0283,C051,SEM004,B+
E13869,S0742,C127,SEM005,B-
E13870,S0073,C036,SEM003,B+
E13871,S0438,C100,SEM001,A
E13872,S0583,C147,SEM007,D
E13873,S0624,C018,SEM008,D
E13874,S0551,C104,SEM007,C+
E13875,S0531,C031,SEM007,C+
E13876,S0218,C063,SEM002,C
E13877,S0121,C149,SEM007,A-
E13878,S0379,C099,SEM004,B-
E13879,S0056,C052,SEM008,C+
E13880,S0914,C005,SEM001,C
E13881,S0897,C062,SEM004,B+
E13882,S0741,C025,SEM001,B+
E13883,S0044,C051,SEM007,B-
E13884,S0259,C034,SEM005,F
E13885,S0062,C026,SEM001,C-
E13886,S0416,C031,SEM005,A
E13887,S0248,C073,SEM003,B-
E13888,S0242,C087,SEM006,A
E13889,S0668,C050,SEM006,D
E13890,S0265,C014,SEM003,D
E13891,S0167,C142,SEM003,C
E13892,S0973,C020,SEM007,B
E13893,S0419,C055,SEM006,B
E13894,S0929,C087,SEM006,A-
E13895,S0574,C015,SEM007,B+
E13896,S0412,C142,SEM005,B+
E13897,S0246,C088,SEM001,C+
E13898,S0365,C067,SEM008,C+
E13899,S0219,C041,SEM007,C+
E13900,S0167,C060,SEM007,F
E13901,S0813,C084,SEM005,B-
E13902,S0120,C135,SEM004,B
E13903,S0300,C094,SEM007,C+
E13904,S0708,C064,SEM004,A-
E13905,S0628,C060,SEM002,A
E13906,S0924,C112,SEM005,B
E13907,S0214,C024,SEM005,B-
E13908,S0024,C017,SEM003,B+
E13909,S0704,C021,SEM007,C+
E13910,S0889,C026,SEM007,B
E13911,S0712,C116,SEM007,C+
E13912,S0649,C028,SEM005,A
E13913,S0230,C114,SEM005,B
E13914,S0398,C116,SEM008,C+
E13915,S0462,C005,SEM001,A
E13916,S0260,C032,SEM001,B
E13917,S0722,C007,SEM006,B+
E13918,S0848,C068,SEM002,B+
E13919,S0362,C059,SEM003,F
E13920,S0661,C021,SEM003,D
E13921,S0264,C092,SEM002,B-
E13922,S0143,C100,SEM007,A-
E13923,S0893,C079,SEM008,B
E13924,S0669,C016,SEM001,A-
E13925,S0411,C050,SEM007,D
E13926,S0328,C073,SEM003,B
E13927,S0652,C048,SEM007,B
E13928,S0318,C019,SEM008,B
E13929,S0525,C025,SEM001,A
E13930,S0474,C146,SEM002,A-
E13931,S0349,C124,SEM004,A-
E13932,S0596,C070,SEM008,B
E13933,S0141,C081,SEM008,A-
E13934,S0599,C097,SEM007,B-
E13935,S0262,C129,SEM005,B
E13936,S0799,C140,SEM006,B-
E13937,S0223,C027,SEM006,B-
E13938,S0626,C105,SEM001,F
E13939,S0561,C042,SEM005,C-
E13940,S0819,C026,SEM006,C+
E13941,S0639,C009,SEM001,B+
E13942,S0682,C050,SEM001,C
E13943,S0378,C090,SEM006,C-
E13944,S0859,C059,SEM006,B
E13945,S0840,C038,SEM002,C+
E13946,S0113,C086,SEM008,B+
E13947,S0306,C032,SEM002,C-
E13948,S0935,C058,SEM005,B
E13949,S0566,C041,SEM007,A-
E13950,S0506,C015,SEM002,B-
E13951,S0390,C049,SEM003,C-
E13952,S0325,C071,SEM001,A-
E13953,S0150,C036,SEM008,B
E13954,S0462,C090,SEM006,B
E13955,S0742,C052,SEM001,B
E13956,S0851,C043,SEM008,C+
E13957,S0849,C014,SEM003,C+
E13958,S0355,C090,SEM001,D
E13959,S0101,C046,SEM007,A
E13960,S0482,C002,SEM006,B+
E13961,S0048,C071,SEM002,A-
E13962,S0135,C043,SEM008,F
E13963,S0454,C086,SEM002,C+
E13964,S0574,C056,SEM006,A
E13965,S0570,C047,SEM003,B-
E13966,S0800,C052,SEM001,B
E13967,S0884,C075,SEM003,B
E13968,S0138,C044,SEM001,D
E13969,S0833,C060,SEM003,D
E13970,S0812,C042,SEM008,B-
E13971,S0030,C059,SEM008,F
E13972,S0788,C081,SEM004,C+
E13973,S0200,C013,SEM001,B-
E13974,S0157,C076,SEM005,A
E13975,S0533,C117,SEM005,C-
E13976,S0818,C100,SEM008,C-
E13977,S0289,C102,SEM007,B
E13978,S0004,C135,SEM003,D
E13979,S0607,C066,SEM006,B-
E13980,S0220,C019,SEM007,A-
E13981,S0783,C108,SEM001,B-
E13982,S0308,C046,SEM004,A-
E13983,S0576,C001,SEM007,B
E13984,S0205,C019,SEM006,B+
E13985,S0929,C129,SEM002,A
E13986,S0072,C110,SEM002,A-
E13987,S0668,C028,SEM001,F
E13988,S0834,C031,SEM003,D
E13989,S0121,C004,SEM003,B+
E13990,S0634,C082,SEM001,B+
E13991,S0349,C035,SEM005,B
E13992,S0453,C030,SEM007,A-
E13993,S0615,C006,SEM005,C
E13994,S0112,C001,SEM007,B-
E13995,S0569,C087,SEM004,B-
E13996,S0265,C012,SEM006,B-
E13997,S0410,C047,SEM004,B-
E13998,S0302,C082,SEM001,B
E13999,S0883,C081,SEM002,B
E14000,S0754,C019,SEM001,D
E14001,S0637,C017,SEM006,B+
E14002,S0888,C029,SEM006,C+
E14003,S0003,C039,SEM001,B+
E14004,S0467,C115,SEM005,B+
E14005,S0132,C019,SEM008,B-
E14006,S0842,C087,SEM005,B-
E14007,S0080,C044,SEM001,C
E14008,S0270,C024,SEM004,A
E14009,S0864,C023,SEM001,B-
E14010,S0189,C097,SEM007,B+
E14011,S0709,C077,SEM002,B-
E14012,S0280,C130,SEM008,B
E14013,S0859,C076,SEM007,B-
E14014,S0186,C029,SEM008,B-
E14015,S0507,C133,SEM001,B-
E14016,S0208,C116,SEM007,C+
E14017,S0015,C011,SEM004,B
E14018,S0112,C096,SEM001,B+
E14019,S0428,C098,SEM003,D
E14020,S0691,C018,SEM006,D
E14021,S0859,C095,SEM004,B
E14022,S0809,C038,SEM002,B
E14023,S0514,C034,SEM002,A-
E14024,S0269,C010,SEM006,F
E14025,S0878,C074,SEM007,B+
E14026,S0126,C103,SEM003,B
E14027,S0576,C041,SEM004,B
E14028,S0040,C075,SEM003,A
E14029,S0495,C024,SEM003,C
E14030,S0379,C079,SEM003,B-
E14031,S0573,C036,SEM002,B+
E14032,S0112,C072,SEM001,C-
E14033,S0177,C035,SEM005,A-
E14034,S0548,C025,SEM005,A-
E14035,S0612,C068,SEM006,A
E14036,S0098,C036,SEM004,B
E14037,S0453,C017,SEM004,B
E14038,S0001,C040,SEM002,B+
E14039,S0326,C018,SEM006,C
E14040,S0389,C083,SEM001,C
E14041,S0476,C100,SEM005,C+
E14042,S0786,C001,SEM002,B+
E14043,S0794,C101,SEM008,B+
E14044,S0829,C028,SEM001,A-
E14045,S0498,C058,SEM006,C+
E14046,S0932,C017,SEM006,B
E14047,S0324,C042,SEM004,B+
E14048,S0434,C001,SEM008,B
E14049,S0468,C054,SEM003,A
E14050,S0108,C015,SEM007,A
E14051,S0311,C007,SEM006,B
E14052,S0924,C082,SEM008,B+
E14053,S0657,C061,SEM007,B-
E14054,S0409,C020,SEM001,B-
E14055,S0469,C094,SEM003,B+
E14056,S0714,C096,SEM007,B
E14057,S0339,C014,SEM008,A-
E14058,S0186,C081,SEM005,D
E14059,S0190,C013,SEM004,C
E14060,S0094,C047,SEM007,C-
E14061,S0387,C001,SEM004,A
E14062,S0233,C026,SEM001,C
E14063,S0486,C005,SEM007,B
E14064,S0986,C083,SEM006,B-
E14065,S0924,C004,SEM008,B
E14066,S0511,C082,SEM002,B+
E14067,S0974,C005,SEM003,B
E14068,S0940,C008,SEM004,B
E14069,S0202,C009,SEM001,C+
E14070,S0799,C036,SEM006,B-
E14071,S0142,C079,SEM005,C+
E14072,S0190,C074,SEM002,C
E14073,S0819,C032,SEM005,B
E14074,S0095,C080,SEM004,B+
E14075,S0863,C014,SEM008,A-
E14076,S0108,C029,SEM004,C-
E14077,S0140,C063,SEM002,A-
E14078,S0654,C016,SEM006,B+
E14079,S0140,C023,SEM004,C+
E14080,S1000,C082,SEM005,C+
E14081,S0304,C086,SEM003,A-
E14082,S0251,C028,SEM003,C-
E14083,S0442,C085,SEM008,B-
E14084,S0806,C032,SEM004,C
E14085,S0034,C005,SEM005,B+
E14086,S0999,C031,SEM003,A-
E14087,S0967,C064,SEM008,B
E14088,S0475,C048,SEM004,B-
E14089,S0601,C035,SEM004,A
E14090,S0206,C002,SEM008,C+
E14091,S0636,C054,SEM004,C-
E14092,S0781,C073,SEM008,C
E14093,S0151,C142,SEM004,C
E14094,S0782,C138,SEM004,A
E14095,S0289,C014,SEM007,B
E14096,S0763,C094,SEM001,B
E14097,S0998,C068,SEM005,B
E14098,S0966,C061,SEM006,A-
E14099,S0155,C070,SEM006,C+
E14100,S0372,C099,SEM005,A-
E14101,S0378,C088,SEM006,A-
E14102,S0179,C005,SEM005,B
E14103,S0363,C040,SEM005,C
E14104,S0130,C018,SEM001,B
E14105,S0814,C018,SEM001,B-
E14106,S0076,C012,SEM003,B-
E14107,S0160,C059,SEM001,B
E14108,S0164,C038,SEM003,B
E14109,S0408,C057,SEM005,B
E14110,S0496,C072,SEM005,F
E14111,S0524,C031,SEM001,D
E14112,S0735,C041,SEM001,A
E14113,S0793,C033,SEM003,B-
E14114,S0126,C002,SEM006,B
E14115,S0115,C028,SEM002,B
E14116,S0608,C079,SEM004,C+
E14117,S0871,C017,SEM001,B+
E14118,S0310,C023,SEM005,C
E14119,S0530,C070,SEM001,B
E14120,S0905,C003,SEM001,B
E14121,S0726,C002,SEM002,A
E14122,S0628,C001,SEM005,B
E14123,S0158,C055,SEM005,C-
E14124,S0111,C026,SEM005,B+
E14125,S0404,C061,SEM004,C-
E14126,S0865,C057,SEM008,C+
E14127,S0360,C009,SEM002,B-
E14128,S0580,C095,SEM005,B+
E14129,S0656,C104,SEM006,B+
E14130,S0857,C022,SEM004,C
E14131,S0015,C076,SEM008,A
E14132,S0614,C026,SEM004,B+
E14133,S0506,C009,SEM008,B
E14134,S0637,C025,SEM008,A-
E14135,S0744,C116,SEM004,B
E14136,S0249,C035,SEM003,C+
E14137,S0912,C053,SEM002,C+
E14138,S0412,C083,SEM003,C
E14139,S0070,C063,SEM003,A-
E14140,S0659,C050,SEM006,B
E14141,S0345,C032,SEM003,D
E14142,S0039,C069,SEM007,B
E14143,S0331,C121,SEM001,B-
E14144,S0843,C090,SEM001,F
E14145,S0014,C064,SEM001,C
E14146,S0891,C041,SEM005,B
E14147,S0793,C109,SEM001,B+
E14148,S0377,C045,SEM008,C+
E14149,S0742,C043,SEM005,C
E14150,S0012,C020,SEM002,A
E14151,S0354,C048,SEM005,B
E14152,S0422,C054,SEM002,B
E14153,S0992,C003,SEM003,A
E14154,S0568,C119,SEM007,D
E14155,S0910,C061,SEM005,D
E14156,S0234,C093,SEM003,B+
E14157,S0568,C005,SEM005,B
E14158,S0974,C062,SEM006,A-
E14159,S0594,C054,SEM006,C+
E14160,S0443,C101,SEM001,B+
E14161,S0893,C091,SEM003,B
E14162,S0923,C055,SEM008,A
E14163,S0077,C112,SEM002,B+
E14164,S0234,C048,SEM001,A
E14165,S0608,C028,SEM004,B
E14166,S0165,C097,SEM003,C
E14167,S0461,C085,SEM004,A
E14168,S0251,C119,SEM005,B
E14169,S0614,C034,SEM007,B+
E14170,S0587,C009,SEM008,B
E14171,S0365,C053,SEM003,C+
E14172,S0629,C016,SEM007,B-
E14173,S0884,C027,SEM005,B
E14174,S0295,C012,SEM002,B+
E14175,S0208,C053,SEM008,A-
E14176,S0858,C074,SEM007,F
E14177,S0833,C073,SEM008,D
E14178,S0598,C108,SEM008,C-
E14179,S0069,C095,SEM008,B
E14180,S0079,C078,SEM008,B+
E14181,S0749,C005,SEM008,B+
E14182,S0769,C090,SEM004,C-
E14183,S0498,C002,SEM005,B
E14184,S0171,C014,SEM007,B
E14185,S0777,C050,SEM003,F
E14186,S0569,C067,SEM008,C+
E14187,S0716,C106,SEM005,B
E14188,S0680,C002,SEM001,B-
E14189,S0675,C129,SEM007,B
E14190,S0082,C072,SEM002,B+
E14191,S0745,C027,SEM002,B+
E14192,S0176,C025,SEM002,B+
E14193,S0767,C030,SEM006,B
E14194,S0910,C082,SEM008,B-
E14195,S0113,C062,SEM005,F
E14196,S0627,C001,SEM004,B+
E14197,S0332,C047,SEM003,B
E14198,S0121,C041,SEM008,B-
E14199,S0703,C037,SEM008,C+
E14200,S0964,C125,SEM005,C+
E14201,S0632,C089,SEM003,C
E14202,S0169,C003,SEM008,B
E14203,S0068,C007,SEM002,B
E14204,S0777,C059,SEM005,C-
E14205,S0145,C095,SEM007,C-
E14206,S0764,C051,SEM002,B+
E14207,S0297,C130,SEM008,B
E14208,S0457,C122,SEM001,C+
E14209,S0040,C067,SEM008,A-
E14210,S0935,C062,SEM003,B+
E14211,S0004,C032,SEM001,A-
E14212,S0791,C089,SEM001,C
E14213,S0784,C078,SEM005,A
E14214,S0810,C098,SEM001,A
E14215,S0663,C011,SEM008,C
E14216,S0890,C110,SEM006,B
E14217,S0365,C070,SEM003,B
E14218,S0589,C075,SEM005,A
E14219,S0670,C052,SEM001,B-
E14220,S0119,C126,SEM003,B
E14221,S0601,C023,SEM004,B
E14222,S0309,C082,SEM004,C
E14223,S0170,C035,SEM001,B+
E14224,S0307,C082,SEM002,A
E14225,S0527,C086,SEM004,B-
E14226,S0366,C047,SEM003,C+
E14227,S0548,C028,SEM008,C
E14228,S0644,C001,SEM002,B-
E14229,S0066,C129,SEM006,C
E14230,S0129,C064,SEM007,A
E14231,S0240,C061,SEM004,B+
E14232,S0577,C016,SEM006,B-
E14233,S0186,C002,SEM005,B
E14234,S0949,C103,SEM008,B
E14235,S0606,C036,SEM004,A
E14236,S0794,C049,SEM008,B+
E14237,S0078,C075,SEM001,B+
E14238,S0621,C087,SEM002,B+
E14239,S0458,C021,SEM001,B-
E14240,S0806,C066,SEM004,B+
E14241,S0072,C016,SEM002,B
E14242,S0707,C048,SEM004,B+
E14243,S0858,C084,SEM006,C
E14244,S0791,C013,SEM004,B+
E14245,S0163,C025,SEM008,A
E14246,S0641,C074,SEM004,B+
E14247,S0174,C056,SEM008,A-
E14248,S0037,C005,SEM001,B
E14249,S0553,C055,SEM005,B
E14250,S0248,C049,SEM001,C-
E14251,S0294,C044,SEM005,B
E14252,S0484,C082,SEM008,B
E14253,S0780,C057,SEM002,B-
E14254,S0763,C003,SEM005,B
E14255,S0082,C024,SEM004,F
E14256,S0285,C019,SEM008,A
E14257,S0437,C055,SEM003,B
E14258,S0974,C020,SEM007,B+
E14259,S0520,C104,SEM001,B+
E14260,S0087,C031,SEM005,B+
E14261,S0747,C017,SEM006,C+
E14262,S0569,C019,SEM006,B-
E14263,S0842,C037,SEM004,A
E14264,S0940,C034,SEM002,B+
E14265,S0731,C046,SEM004,B+
E14266,S0969,C014,SEM007,B+
E14267,S0297,C117,SEM002,B+
E14268,S0406,C071,SEM008,C+
E14269,S0088,C026,SEM002,B
E14270,S0891,C028,SEM002,B
E14271,S0621,C088,SEM006,B+
E14272,S0267,C091,SEM002,B
E14273,S0982,C085,SEM003,A-
E14274,S0257,C015,SEM002,A-
E14275,S0775,C059,SEM008,B
E14276,S0872,C070,SEM002,C+
E14277,S0410,C031,SEM005,B-
E14278,S0077,C001,SEM001,A
E14279,S0726,C048,SEM001,F
E14280,S0656,C007,SEM005,A-
E14281,S0738,C036,SEM003,C-
E14282,S0367,C065,SEM007,D
E14283,S0412,C141,SEM004,B
E14284,S0566,C042,SEM001,B
E14285,S0925,C058,SEM002,A
E14286,S0395,C036,SEM004,B-
E14287,S0722,C008,SEM004,B+
E14288,S0377,C067,SEM005,B
E14289,S0496,C089,SEM005,C
E14290,S0023,C023,SEM005,B
E14291,S0835,C111,SEM002,C
E14292,S0276,C034,SEM002,A
E14293,S0215,C050,SEM002,B
E14294,S0642,C061,SEM005,B
E14295,S0930,C051,SEM005,B+
E14296,S0150,C035,SEM002,B+
E14297,S0523,C143,SEM007,C+
E14298,S0753,C063,SEM003,B
E14299,S0126,C041,SEM001,B+
E14300,S0027,C017,SEM005,F
E14301,S0481,C021,SEM008,B-
E14302,S0232,C112,SEM007,B
E14303,S0305,C127,SEM005,B
E14304,S0933,C018,SEM003,C+
E14305,S0303,C088,SEM008,F
E14306,S0636,C093,SEM002,A
E14307,S0995,C010,SEM004,C+
E14308,S0359,C052,SEM005,C
E14309,S0730,C077,SEM008,B-
E14310,S0207,C070,SEM002,B+
E14311,S0194,C080,SEM005,A-
E14312,S0800,C116,SEM006,B
E14313,S0468,C048,SEM008,B+
E14314,S0561,C003,SEM007,C+
E14315,S0525,C066,SEM007,C
E14316,S0869,C013,SEM001,B-
E14317,S0858,C005,SEM001,A-
E14318,S0519,C054,SEM002,B
E14319,S0208,C018,SEM001,B+
E14320,S0254,C094,SEM004,C+
E14321,S0799,C049,SEM007,F
E14322,S0375,C070,SEM002,B
E14323,S0980,C071,SEM005,C+
E14324,S0493,C024,SEM002,B
E14325,S0237,C068,SEM002,B-
E14326,S0417,C104,SEM007,B+
E14327,S0516,C054,SEM001,C
E14328,S0369,C016,SEM008,A
E14329,S0001,C051,SEM008,B
E14330,S0616,C034,SEM007,A
E14331,S0553,C024,SEM006,B+
E14332,S0755,C045,SEM001,B-
E14333,S0100,C031,SEM004,C
E14334,S0171,C102,SEM003,B
E14335,S0028,C084,SEM005,A-
E14336,S0890,C037,SEM006,C+
E14337,S0431,C101,SEM006,D
E14338,S0923,C008,SEM008,C
E14339,S0198,C020,SEM008,C+
E14340,S0832,C036,SEM002,C-
E14341,S0170,C010,SEM006,C
E14342,S0562,C111,SEM006,C
E14343,S0908,C009,SEM007,B
E14344,S0701,C032,SEM006,A-
E14345,S0967,C024,SEM006,C
E14346,S0841,C119,SEM006,C-
E14347,S0148,C022,SEM003,B+
E14348,S0289,C074,SEM003,B+
E14349,S0551,C071,SEM006,A-
E14350,S0205,C069,SEM003,B
E14351,S0748,C013,SEM004,A-
E14352,S0579,C054,SEM008,B
E14353,S0922,C102,SEM001,B
E14354,S0336,C016,SEM006,B-
E14355,S0526,C061,SEM001,B+
E14356,S0111,C018,SEM002,A-
E14357,S0007,C017,SEM006,B
E14358,S0373,C006,SEM008,A-
E14359,S0112,C031,SEM003,B+
E14360,S0401,C007,SEM003,B+
E14361,S0159,C034,SEM008,B+
E14362,S0711,C060,SEM008,B
E14363,S0736,C030,SEM001,B
E14364,S0863,C084,SEM005,B
E14365,S0384,C094,SEM005,C
E14366,S0843,C013,SEM002,B+
E14367,S0759,C015,SEM008,B+
E14368,S0596,C031,SEM002,B-
E14369,S0660,C047,SEM001,B
E14370,S0630,C041,SEM003,B
E14371,S0983,C116,SEM004,B
E14372,S0218,C005,SEM006,A-
E14373,S0588,C084,SEM001,B+
E14374,S0487,C111,SEM008,A-
E14375,S0161,C065,SEM001,B
E14376,S0173,C029,SEM004,A-
E14377,S0876,C041,SEM006,C-
E14378,S0580,C059,SEM004,A
E14379,S0991,C103,SEM008,A-
E14380,S0093,C147,SEM005,F
E14381,S0937,C140,SEM002,B-
E14382,S0700,C082,SEM003,C+
E14383,S0384,C009,SEM001,A-
E14384,S0908,C064,SEM002,B
E14385,S0990,C033,SEM008,B-
E14386,S0544,C079,SEM006,A-
E14387,S0081,C071,SEM004,A
E14388,S0118,C004,SEM006,A
E14389,S0285,C080,SEM008,B+
E14390,S0472,C087,SEM008,B+
E14391,S0450,C046,SEM005,B+
E14392,S0451,C002,SEM004,B-
E14393,S0416,C083,SEM008,B
E14394,S0450,C076,SEM008,A
E14395,S0030,C042,SEM007,B+
E14396,S0972,C024,SEM007,A
E14397,S0382,C013,SEM001,C+
E14398,S0925,C004,SEM008,B+
E14399,S0049,C089,SEM008,C+
E14400,S0331,C125,SEM008,A-
E14401,S0326,C124,SEM001,B+
E14402,S0115,C009,SEM004,B+
E14403,S0158,C047,SEM006,C
E14404,S0765,C058,SEM001,B-
E14405,S0881,C005,SEM007,C
E14406,S0423,C008,SEM001,F
E14407,S0535,C032,SEM006,B-
E14408,S0547,C038,SEM007,D
E14409,S0754,C126,SEM001,A-
E14410,S0505,C096,SEM005,B
E14411,S0046,C012,SEM004,C-
E14412,S0381,C118,SEM002,C+
E14413,S0200,C042,SEM004,B+
E14414,S0961,C101,SEM006,C+
E14415,S0530,C035,SEM008,A-
E14416,S0996,C034,SEM001,B
E14417,S0988,C075,SEM006,C
E14418,S0814,C089,SEM001,A-
E14419,S0336,C085,SEM004,B+
E14420,S0734,C113,SEM008,B-
E14421,S0807,C069,SEM004,B
E14422,S0542,C030,SEM001,C+
E14423,S0145,C002,SEM007,C+
E14424,S0620,C048,SEM002,B
E14425,S0838,C058,SEM001,B-
E14426,S0875,C008,SEM003,A-
E14427,S0196,C005,SEM003,C
E14428,S0551,C021,SEM002,C-
E14429,S0958,C051,SEM003,F
E14430,S0929,C147,SEM005,F
E14431,S0424,C147,SEM006,B
E14432,S0430,C060,SEM003,A-
E14433,S0070,C001,SEM006,B
E14434,S0036,C099,SEM004,C
E14435,S0669,C057,SEM002,C+
E14436,S0913,C068,SEM007,B
E14437,S0446,C004,SEM003,B
E14438,S0313,C017,SEM002,A-
E14439,S0415,C053,SEM004,A-
E14440,S0296,C069,SEM005,C-
E14441,S0031,C016,SEM001,B
E14442,S0682,C052,SEM005,C
E14443,S0351,C044,SEM007,B+
E14444,S0122,C133,SEM006,C+
E14445,S0969,C020,SEM003,A-
E14446,S0193,C038,SEM001,B-
E14447,S0504,C029,SEM004,B
E14448,S0609,C119,SEM005,B-
E14449,S0294,C042,SEM004,B+
E14450,S0052,C087,SEM003,D
E14451,S0522,C027,SEM005,A-
E14452,S0164,C063,SEM003,B-
E14453,S0967,C119,SEM002,B
E14454,S0799,C115,SEM004,B-
E14455,S0797,C021,SEM008,C+
E14456,S0861,C060,SEM001,B
E14457,S0660,C049,SEM001,A-
E14458,S0340,C001,SEM007,A
E14459,S0820,C094,SEM002,A-
E14460,S0457,C037,SEM004,A-
E14461,S0347,C049,SEM007,C-
E14462,S0281,C007,SEM006,B-
E14463,S0146,C008,SEM007,C
E14464,S0425,C081,SEM004,B+
E14465,S0300,C045,SEM006,C+
E14466,S0688,C055,SEM008,A
E14467,S0572,C005,SEM008,A
E14468,S0131,C009,SEM001,B+
E14469,S0851,C011,SEM001,C+
E14470,S0828,C045,SEM004,B
E14471,S0561,C032,SEM005,B+
E14472,S0744,C076,SEM001,C+
E14473,S0956,C053,SEM006,B
E14474,S0819,C039,SEM006,C+
E14475,S0504,C007,SEM002,A-
E14476,S0141,C057,SEM005,B-
E14477,S0521,C096,SEM002,B+
E14478,S0406,C126,SEM008,B+
E14479,S0675,C045,SEM007,A
E14480,S0058,C101,SEM002,B
E14481,S0609,C007,SEM003,C+
E14482,S0760,C043,SEM001,B-
E14483,S0926,C098,SEM005,B+
E14484,S0727,C073,SEM004,A-
E14485,S0827,C043,SEM006,A-
E14486,S0286,C048,SEM006,B-
E14487,S0131,C048,SEM002,C-
E14488,S0664,C031,SEM004,B-
E14489,S0639,C002,SEM003,A-
E14490,S0800,C065,SEM006,F
E14491,S0534,C119,SEM006,B
E14492,S0056,C019,SEM004,B-
E14493,S0322,C049,SEM008,C+
E14494,S0276,C119,SEM005,B-
E14495,S0779,C094,SEM005,C
E14496,S0410,C007,SEM004,A
E14497,S0140,C006,SEM002,B+
E14498,S0384,C095,SEM008,B+
E14499,S0637,C029,SEM005,C+
E14500,S0704,C039,SEM008,B-
E14501,S0142,C110,SEM005,D
E14502,S0218,C033,SEM003,B-
E14503,S0523,C024,SEM003,C
E14504,S0874,C019,SEM001,B-
E14505,S0301,C043,SEM002,A
E14506,S0655,C061,SEM008,B+
E14507,S0795,C035,SEM003,B
E14508,S0889,C008,SEM003,F
E14509,S0970,C067,SEM004,A-
E14510,S0111,C119,SEM001,D
E14511,S0327,C029,SEM001,B
E14512,S0315,C106,SEM007,A
E14513,S0689,C012,SEM007,A
E14514,S0791,C139,SEM007,B-
E14515,S0391,C083,SEM004,B
E14516,S0405,C012,SEM003,A
E14517,S0637,C007,SEM007,B
E14518,S0893,C059,SEM006,F
E14519,S0375,C042,SEM005,B-
E14520,S0063,C048,SEM005,A-
E14521,S0452,C016,SEM008,C-
E14522,S0405,C046,SEM008,B+
E14523,S0394,C048,SEM003,C-
E14524,S0561,C006,SEM004,B-
E14525,S0841,C043,SEM005,F
E14526,S0508,C041,SEM003,B
E14527,S0529,C103,SEM003,C
E14528,S0113,C089,SEM003,B-
E14529,S0515,C011,SEM002,A
E14530,S0231,C010,SEM006,F
E14531,S0289,C029,SEM008,B+
E14532,S0310,C107,SEM002,C+
E14533,S0117,C015,SEM003,A
E14534,S0343,C030,SEM003,B+
E14535,S0510,C063,SEM008,B
E14536,S0458,C004,SEM007,D
E14537,S0474,C083,SEM002,B+
E14538,S0029,C011,SEM003,B-
E14539,S0588,C050,SEM004,D
E14540,S0213,C078,SEM004,B
E14541,S0367,C047,SEM001,A-
E14542,S0475,C090,SEM002,A-
E14543,S0551,C018,SEM008,A-
E14544,S0960,C099,SEM001,B
E14545,S0075,C048,SEM003,B
E14546,S0121,C059,SEM003,C
E14547,S0687,C089,SEM007,B-
E14548,S0831,C028,SEM001,A-
E14549,S0835,C084,SEM001,C-
E14550,S0432,C002,SEM007,C
E14551,S0668,C001,SEM002,C
E14552,S0445,C037,SEM002,A
E14553,S0011,C113,SEM007,A-
E14554,S0121,C034,SEM008,A
E14555,S0241,C030,SEM002,B
E14556,S0013,C056,SEM005,C+
E14557,S0981,C019,SEM005,B+
E14558,S0230,C049,SEM004,B
E14559,S0881,C002,SEM008,B+
E14560,S0630,C052,SEM004,A-
E14561,S0230,C072,SEM005,B
E14562,S0510,C076,SEM003,C
E14563,S0605,C050,SEM003,F
E14564,S0393,C040,SEM001,B-
E14565,S0988,C002,SEM004,B+
E14566,S0237,C075,SEM003,A
E14567,S0468,C098,SEM002,B
E14568,S0295,C030,SEM007,C
E14569,S0916,C045,SEM006,B+
E14570,S0083,C071,SEM001,A
E14571,S0213,C034,SEM006,B+
E14572,S0704,C029,SEM001,B-
E14573,S0431,C106,SEM001,B
E14574,S0586,C048,SEM005,B
E14575,S0017,C014,SEM005,A-
E14576,S0741,C073,SEM003,A-
E14577,S0064,C007,SEM008,B-
E14578,S0725,C033,SEM001,B
E14579,S0765,C023,SEM006,C+
E14580,S0312,C011,SEM008,C
E14581,S0612,C094,SEM002,B
E14582,S0160,C011,SEM008,B
E14583,S0822,C038,SEM004,C
E14584,S0300,C021,SEM002,D
E14585,S0098,C038,SEM002,B-
E14586,S0246,C048,SEM006,B-
E14587,S0454,C137,SEM002,B-
E14588,S0611,C099,SEM007,C+
E14589,S0522,C068,SEM008,B
E14590,S0746,C010,SEM001,B+
E14591,S0092,C009,SEM002,B-
E14592,S0173,C124,SEM001,B+
E14593,S0288,C034,SEM005,C-
E14594,S0366,C085,SEM003,C+
E14595,S0781,C145,SEM005,B
E14596,S0413,C013,SEM006,D
E14597,S0940,C013,SEM007,B-
E14598,S0961,C098,SEM001,A
E14599,S0917,C082,SEM003,B-
E14600,S0537,C010,SEM005,B-
E14601,S0637,C126,SEM006,B
E14602,S0989,C099,SEM008,C+
E14603,S0868,C026,SEM005,A-
E14604,S0773,C052,SEM008,C-
E14605,S0616,C090,SEM007,C+
E14606,S0414,C094,SEM006,F
E14607,S0167,C035,SEM008,B
E14608,S0332,C031,SEM006,C
E14609,S0297,C067,SEM003,B
E14610,S0669,C013,SEM002,B-
E14611,S0555,C036,SEM008,B
E14612,S0191,C036,SEM002,A
E14613,S0959,C027,SEM002,B
E14614,S0789,C033,SEM007,C-
E14615,S0742,C016,SEM003,C
E14616,S0386,C023,SEM008,A
E14617,S0253,C050,SEM003,B
E14618,S0503,C054,SEM004,C-
E14619,S0720,C033,SEM003,B-
E14620,S0791,C060,SEM001,B
E14621,S0117,C034,SEM003,B
E14622,S0258,C025,SEM007,B
E14623,S0893,C101,SEM007,B+
E14624,S0483,C004,SEM002,B+
E14625,S0991,C072,SEM004,D
E14626,S0110,C005,SEM005,B
E14627,S0200,C097,SEM008,C+
E14628,S0876,C066,SEM002,B-
E14629,S0653,C048,SEM002,A-
E14630,S0111,C034,SEM008,B
E14631,S0799,C100,SEM007,B+
E14632,S0258,C143,SEM001,D
E14633,S0653,C112,SEM005,A
E14634,S0495,C004,SEM007,B
E14635,S0738,C027,SEM003,A
E14636,S0739,C117,SEM006,C
E14637,S0326,C124,SEM002,C
E14638,S0818,C020,SEM001,F
E14639,S0495,C063,SEM001,B
E14640,S0916,C096,SEM006,A-
E14641,S0608,C010,SEM003,F
E14642,S0249,C051,SEM004,C+
E14643,S0537,C133,SEM006,C+
E14644,S0992,C016,SEM004,B+
E14645,S0717,C003,SEM001,D
E14646,S0224,C120,SEM002,B+
E14647,S0177,C006,SEM002,A-
E14648,S0014,C066,SEM001,B
E14649,S0047,C055,SEM004,B+
E14650,S0969,C085,SEM002,C+
E14651,S0244,C024,SEM003,C
E14652,S0671,C064,SEM001,C+
E14653,S0006,C015,SEM006,C
E14654,S0461,C133,SEM004,B
E14655,S0455,C077,SEM001,B+
E14656,S0501,C048,SEM005,B-
E14657,S0468,C143,SEM004,B-
E14658,S0155,C037,SEM001,D
E14659,S0207,C098,SEM003,A
E14660,S0738,C006,SEM007,B
E14661,S0630,C016,SEM002,B+
E14662,S0933,C009,SEM004,A
E14663,S0061,C045,SEM007,A
E14664,S0806,C032,SEM002,B
E14665,S0804,C136,SEM003,B-
E14666,S0853,C111,SEM003,B
E14667,S0968,C001,SEM002,F
E14668,S0362,C018,SEM002,B-
E14669,S0668,C026,SEM005,B
E14670,S0025,C047,SEM003,A-
E14671,S0089,C043,SEM007,B
E14672,S0742,C105,SEM005,A
E14673,S0054,C087,SEM001,F
E14674,S0046,C011,SEM004,B
E14675,S0612,C022,SEM005,A
E14676,S0123,C136,SEM001,C+
E14677,S0713,C041,SEM005,C
E14678,S0332,C053,SEM007,B+
E14679,S0497,C054,SEM003,B
E14680,S0124,C066,SEM005,B
E14681,S0817,C124,SEM003,B+
E14682,S0945,C062,SEM007,B
E14683,S0619,C036,SEM004,B-
E14684,S0635,C146,SEM007,F
E14685,S0644,C028,SEM001,B
E14686,S0129,C098,SEM001,B+
E14687,S0542,C077,SEM008,A-
E14688,S0670,C051,SEM004,B-
E14689,S0483,C099,SEM004,A-
E14690,S0251,C032,SEM002,A-
E14691,S0802,C011,SEM002,A-
E14692,S0584,C021,SEM003,C-
E14693,S0620,C015,SEM001,B-
E14694,S0324,C126,SEM001,A-
E14695,S0045,C104,SEM008,B
E14696,S0570,C063,SEM005,F
E14697,S0714,C063,SEM007,C+
E14698,S0422,C051,SEM006,B-
E14699,S0118,C048,SEM003,B
E14700,S0908,C043,SEM008,B
E14701,S0769,C039,SEM008,C-
E14702,S0257,C018,SEM005,A
E14703,S0461,C034,SEM006,B
E14704,S0381,C008,SEM008,B
E14705,S0656,C047,SEM008,A
E14706,S0737,C051,SEM002,B
E14707,S0560,C090,SEM001,B-
E14708,S0185,C122,SEM002,B-
E14709,S0825,C032,SEM006,B
E14710,S0840,C004,SEM002,B+
E14711,S0412,C141,SEM005,A-
E14712,S0782,C036,SEM001,B
E14713,S0674,C110,SEM008,C+
E14714,S0319,C008,SEM006,B
E14715,S0912,C048,SEM003,C-
E14716,S0202,C045,SEM006,B
E14717,S0069,C086,SEM003,A
E14718,S0877,C011,SEM003,B-
E14719,S0790,C078,SEM008,D
E14720,S0457,C062,SEM006,B+
E14721,S0510,C045,SEM001,B-
E14722,S0856,C019,SEM003,B
E14723,S0528,C008,SEM004,C-
E14724,S0899,C008,SEM004,D
E14725,S0745,C024,SEM003,C
E14726,S0195,C059,SEM005,B+
E14727,S0235,C013,SEM005,B+
E14728,S0406,C013,SEM002,D
E14729,S0685,C078,SEM008,A-
E14730,S0733,C097,SEM006,B-
E14731,S0444,C030,SEM002,B
E14732,S0548,C081,SEM007,B+
E14733,S0761,C037,SEM007,B
E14734,S0272,C101,SEM003,A-
E14735,S0720,C105,SEM006,C
E14736,S1000,C087,SEM003,A
E14737,S0498,C089,SEM004,C
E14738,S0295,C096,SEM008,B
E14739,S0575,C083,SEM003,B+
E14740,S0297,C018,SEM006,B
E14741,S0142,C089,SEM004,B
E14742,S0348,C097,SEM002,B
E14743,S0851,C001,SEM003,C
E14744,S0818,C120,SEM003,A-
E14745,S0073,C003,SEM003,A-
E14746,S0229,C080,SEM001,A-
E14747,S0848,C053,SEM006,B-
E14748,S0903,C064,SEM002,B
E14749,S0166,C040,SEM002,A
E14750,S0471,C047,SEM008,F
E14751,S0758,C117,SEM008,B
E14752,S0560,C109,SEM001,F
E14753,S0899,C085,SEM005,F
E14754,S0759,C017,SEM005,B+
E14755,S0317,C087,SEM006,A
E14756,S0955,C025,SEM005,C+
E14757,S0467,C026,SEM008,A-
E14758,S0554,C040,SEM004,B
E14759,S0671,C043,SEM008,B-
E14760,S0878,C037,SEM004,A-
E14761,S0494,C008,SEM001,C
E14762,S0237,C096,SEM008,F
E14763,S0758,C081,SEM007,B
E14764,S0670,C045,SEM004,A-
E14765,S0536,C002,SEM003,A-
E14766,S0916,C041,SEM004,B+
E14767,S0568,C027,SEM003,C+
E14768,S0153,C076,SEM003,A-
E14769,S0816,C035,SEM007,A-
E14770,S0365,C133,SEM008,B-
E14771,S0152,C041,SEM008,B
E14772,S0194,C049,SEM007,B+
E14773,S0593,C040,SEM006,B-
E14774,S0732,C060,SEM003,B+
E14775,S0195,C021,SEM002,C+
E14776,S0667,C050,SEM001,B-
E14777,S0019,C112,SEM006,F
E14778,S0954,C039,SEM008,B
E14779,S0765,C043,SEM002,B-
E14780,S0562,C043,SEM001,A
E14781,S0103,C059,SEM002,A-
E14782,S0653,C079,SEM006,D
E14783,S0193,C028,SEM006,D
E14784,S0826,C095,SEM002,B
E14785,S0923,C100,SEM003,A-
E14786,S0224,C073,SEM002,C+
E14787,S0561,C062,SEM004,F
E14788,S0443,C088,SEM003,B-
E14789,S0986,C036,SEM007,C-
E14790,S0049,C037,SEM001,C+
E14791,S0880,C073,SEM002,B
E14792,S0408,C059,SEM006,B
E14793,S0370,C006,SEM006,B+
E14794,S0367,C001,SEM002,B-
E14795,S0565,C102,SEM002,B+
E14796,S0172,C063,SEM008,A
E14797,S0722,C057,SEM005,B
E14798,S0813,C003,SEM003,B
E14799,S0566,C063,SEM003,B+
E14800,S0157,C052,SEM007,B+
E14801,S0449,C009,SEM001,B
E14802,S0022,C117,SEM003,B
E14803,S0643,C115,SEM006,B
E14804,S0039,C029,SEM007,A
E14805,S0085,C081,SEM003,A-
E14806,S0419,C058,SEM006,B
E14807,S0391,C037,SEM001,B
E14808,S0464,C004,SEM001,A-
E14809,S0643,C149,SEM006,B
E14810,S0331,C022,SEM003,B-
E14811,S0916,C018,SEM007,C+
E14812,S0714,C070,SEM002,B-
E14813,S0834,C030,SEM006,B-
E14814,S0292,C063,SEM005,B+
E14815,S0153,C002,SEM005,C-
E14816,S0773,C106,SEM005,B+
E14817,S0229,C082,SEM002,A
E14818,S0137,C018,SEM007,B
E14819,S0014,C026,SEM008,B-
E14820,S0439,C039,SEM003,A
E14821,S0702,C050,SEM002,B+
E14822,S0394,C050,SEM003,B
E14823,S0743,C116,SEM007,A-
E14824,S0410,C082,SEM007,A-
E14825,S0161,C089,SEM007,A
E14826,S0156,C101,SEM008,B
E14827,S0122,C079,SEM002,A
E14828,S0257,C104,SEM008,C
E14829,S0253,C070,SEM007,A
E14830,S0615,C029,SEM005,B+
E14831,S0138,C005,SEM002,A-
E14832,S0532,C010,SEM001,B+
E14833,S0539,C041,SEM006,B
E14834,S0772,C076,SEM005,B-
E14835,S0926,C081,SEM001,C+
E14836,S0135,C138,SEM002,A
E14837,S0064,C028,SEM007,C
E14838,S0403,C110,SEM004,B-
E14839,S0892,C111,SEM003,A-
E14840,S0846,C096,SEM008,A
E14841,S0558,C030,SEM008,B
E14842,S0927,C059,SEM005,B-
E14843,S0432,C038,SEM006,B
E14844,S0081,C025,SEM007,C
E14845,S0687,C004,SEM008,B+
E14846,S0988,C075,SEM003,D
E14847,S0550,C048,SEM002,B+
E14848,S0013,C056,SEM001,C+
E14849,S0044,C010,SEM001,B+
E14850,S0477,C015,SEM007,A-
E14851,S0740,C052,SEM003,A-
E14852,S0376,C110,SEM007,B-
E14853,S0825,C035,SEM004,B
E14854,S0605,C074,SEM006,F
E14855,S0792,C067,SEM001,A-
E14856,S0865,C105,SEM006,B
E14857,S0322,C040,SEM006,B
E14858,S0711,C005,SEM008,C+
E14859,S0603,C104,SEM005,A-
E14860,S0822,C074,SEM002,B-
E14861,S0730,C090,SEM003,C
E14862,S0863,C038,SEM004,B-
E14863,S0488,C025,SEM005,A
E14864,S0597,C055,SEM005,C
E14865,S0017,C067,SEM006,C
E14866,S0876,C008,SEM001,D
E14867,S0428,C102,SEM004,B
E14868,S0246,C071,SEM007,B-
E14869,S0679,C009,SEM002,B+
E14870,S0640,C059,SEM002,B-
E14871,S0180,C012,SEM003,B+
E14872,S0309,C064,SEM002,C
E14873,S0574,C076,SEM002,D
E14874,S0489,C092,SEM002,C+
E14875,S0272,C087,SEM002,A
E14876,S0341,C023,SEM005,B
E14877,S0521,C104,SEM007,B
E14878,S0326,C011,SEM004,A
E14879,S0289,C055,SEM003,C+
E14880,S0080,C077,SEM005,B-
E14881,S0299,C044,SEM007,F
E14882,S0034,C006,SEM007,C-
E14883,S0244,C027,SEM007,B
E14884,S0363,C007,SEM005,B
E14885,S0266,C089,SEM008,B
E14886,S0881,C084,SEM001,B+
E14887,S0189,C006,SEM005,B-
E14888,S0150,C009,SEM003,B-
E14889,S0391,C018,SEM001,B+
E14890,S0048,C101,SEM008,B
E14891,S0688,C076,SEM007,B
E14892,S0335,C037,SEM008,A
E14893,S0018,C010,SEM001,B
E14894,S0613,C019,SEM003,B
E14895,S0341,C020,SEM008,C
E14896,S0180,C090,SEM004,C-
E14897,S0903,C138,SEM006,B+
E14898,S0082,C038,SEM003,C
E14899,S0133,C027,SEM007,B
E14900,S0061,C068,SEM001,B
E14901,S0175,C020,SEM002,A-
E14902,S0701,C050,SEM004,B+
E14903,S0831,C047,SEM002,B
E14904,S0632,C012,SEM004,A-
E14905,S0044,C092,SEM006,B
E14906,S0618,C103,SEM007,B-
E14907,S0363,C055,SEM008,B+
E14908,S0625,C075,SEM001,A
E14909,S0592,C058,SEM008,C-
E14910,S0334,C130,SEM005,B-
E14911,S0383,C015,SEM008,C+
E14912,S0766,C135,SEM003,A-
E14913,S0363,C092,SEM002,C
E14914,S0767,C052,SEM008,A-
E14915,S0134,C035,SEM002,A
E14916,S0788,C082,SEM006,A
E14917,S0644,C002,SEM007,C+
E14918,S0991,C047,SEM008,B-
E14919,S0918,C085,SEM005,D
E14920,S0179,C103,SEM003,A
E14921,S0335,C054,SEM003,B-
E14922,S0329,C126,SEM007,C+
E14923,S0097,C042,SEM002,B+
E14924,S0884,C079,SEM008,A
E14925,S0839,C053,SEM002,B
E14926,S0299,C051,SEM003,C
E14927,S0663,C090,SEM004,A-
E14928,S0530,C039,SEM002,D
E14929,S0077,C081,SEM001,A-
E14930,S0145,C046,SEM002,B-
E14931,S0911,C068,SEM002,B-
E14932,S0077,C037,SEM003,A
E14933,S0734,C001,SEM008,C+
E14934,S0075,C047,SEM008,C+
E14935,S0053,C086,SEM007,B+
E14936,S0310,C002,SEM004,C-
E14937,S0209,C049,SEM007,B
E14938,S0168,C006,SEM004,B-
E14939,S0076,C031,SEM001,B-
E14940,S0421,C115,SEM005,B-
E14941,S0987,C004,SEM004,A
E14942,S0724,C045,SEM003,C
E14943,S0375,C027,SEM003,C+
E14944,S0117,C053,SEM004,B+
E14945,S0318,C093,SEM001,C-
E14946,S0057,C103,SEM003,C+
E14947,S0278,C104,SEM005,C+
E14948,S0694,C111,SEM003,B
E14949,S0390,C068,SEM004,A-
E14950,S0941,C125,SEM007,B-
E14951,S0486,C111,SEM005,B
E14952,S0118,C099,SEM003,B
E14953,S0386,C006,SEM002,C+
E14954,S0087,C035,SEM006,B-
E14955,S0772,C028,SEM005,B
E14956,S0454,C022,SEM005,B+
E14957,S0058,C014,SEM004,C
E14958,S0359,C072,SEM002,A-
E14959,S0943,C041,SEM003,B
E14960,S0595,C075,SEM001,A-
E14961,S0375,C116,SEM004,B-
E14962,S0737,C112,SEM008,C
E14963,S0346,C140,SEM003,C-
E14964,S0622,C115,SEM002,B
E14965,S0904,C045,SEM001,A-
E14966,S0702,C054,SEM004,C+
E14967,S0551,C065,SEM002,B+
E14968,S0339,C104,SEM001,B+
E14969,S0675,C015,SEM002,B
E14970,S0040,C030,SEM004,A-
E14971,S0563,C011,SEM003,B
E14972,S0448,C106,SEM006,B
E14973,S0066,C030,SEM002,A
E14974,S0195,C038,SEM004,D
E14975,S0642,C057,SEM005,B+
E14976,S0692,C142,SEM001,A
E14977,S0144,C015,SEM006,B
E14978,S0132,C040,SEM001,C-
E14979,S0923,C086,SEM005,A-
E14980,S0470,C042,SEM005,B
E14981,S0246,C071,SEM005,B-
E14982,S0577,C010,SEM008,D
E14983,S0146,C118,SEM008,B-
E14984,S0212,C052,SEM005,C
E14985,S0527,C048,SEM008,A
E14986,S0709,C103,SEM001,B
E14987,S0727,C098,SEM004,A-
E14988,S0147,C044,SEM004,B
E14989,S0742,C053,SEM005,B
E14990,S0421,C049,SEM004,C+
E14991,S0957,C108,SEM001,B-
E14992,S0543,C037,SEM001,A-
E14993,S0482,C084,SEM001,B
E14994,S0823,C002,SEM008,B+
E14995,S0183,C103,SEM002,F
E14996,S0139,C042,SEM004,B-
E14997,S0959,C122,SEM008,B+
E14998,S0594,C028,SEM007,B
E14999,S0982,C016,SEM008,B+
E15000,S0245,C032,SEM008,B
E15001,S0507,C022,SEM003,B
E15002,S0911,C031,SEM001,C
E15003,S0501,C129,SEM003,F
E15004,S0557,C058,SEM007,B-
E15005,S0049,C058,SEM007,B-
E15006,S0521,C068,SEM005,A-
E15007,S0948,C105,SEM008,C+
E15008,S0838,C053,SEM006,B
E15009,S0472,C054,SEM002,C
E15010,S0595,C108,SEM008,B
E15011,S0108,C012,SEM005,B+
E15012,S0649,C071,SEM002,B
E15013,S0359,C038,SEM006,B+
E15014,S0932,C023,SEM005,A
E15015,S0530,C002,SEM006,B
E15016,S0759,C013,SEM001,A
E15017,S0684,C007,SEM007,B-
E15018,S0213,C014,SEM008,A
E15019,S0120,C118,SEM002,B
E15020,S0683,C040,SEM006,B-
E15021,S0307,C112,SEM002,B
E15022,S0207,C128,SEM008,B
E15023,S0858,C021,SEM007,C
E15024,S0352,C007,SEM004,A-
E15025,S0210,C014,SEM007,A-
E15026,S0397,C013,SEM005,A
E15027,S0511,C019,SEM003,C
E15028,S0760,C016,SEM004,B-
E15029,S0655,C030,SEM008,B
E15030,S0857,C041,SEM005,B
E15031,S0408,C096,SEM004,A-
E15032,S0327,C001,SEM008,B
E15033,S0727,C067,SEM007,B-
E15034,S0966,C043,SEM008,C
E15035,S0874,C003,SEM008,B
E15036,S0179,C010,SEM006,B
E15037,S0661,C053,SEM002,A-
E15038,S0330,C039,SEM004,B
E15039,S0154,C051,SEM003,C
E15040,S0764,C029,SEM006,F
E15041,S0136,C020,SEM002,C+
E15042,S0214,C024,SEM006,B-
E15043,S0882,C039,SEM008,B
E15044,S0147,C086,SEM007,A
E15045,S0475,C080,SEM005,D
E15046,S0468,C011,SEM006,B
E15047,S0731,C053,SEM005,D
E15048,S0965,C057,SEM008,A-
E15049,S0373,C041,SEM001,C
E15050,S0480,C023,SEM006,C
E15051,S0919,C030,SEM003,B
E15052,S0904,C027,SEM007,A-
E15053,S0117,C037,SEM006,C+
E15054,S0463,C014,SEM005,C
E15055,S0725,C104,SEM008,A
E15056,S0235,C119,SEM007,C+
E15057,S0904,C004,SEM001,B-
E15058,S0905,C128,SEM003,C+
E15059,S0147,C025,SEM004,B
E15060,S0451,C076,SEM006,C-
E15061,S0931,C031,SEM002,A
E15062,S0734,C056,SEM006,F
E15063,S0273,C047,SEM006,C
E15064,S0478,C051,SEM005,B-
E15065,S0319,C056,SEM007,B
E15066,S0180,C066,SEM002,B+
E15067,S0318,C018,SEM006,A-
E15068,S0223,C055,SEM006,C+
E15069,S0383,C051,SEM005,A
E15070,S0299,C065,SEM007,B
E15071,S0127,C039,SEM008,C
E15072,S0737,C066,SEM008,D
E15073,S0134,C079,SEM004,C-
E15074,S0159,C115,SEM002,B-
E15075,S0427,C042,SEM007,B
E15076,S0551,C109,SEM008,C+
E15077,S0262,C033,SEM006,C+
E15078,S0422,C067,SEM005,C+
E15079,S0275,C056,SEM008,B
E15080,S0854,C013,SEM007,D
E15081,S0296,C012,SEM008,A
E15082,S0290,C019,SEM003,B
E15083,S0356,C035,SEM006,B-
E15084,S0817,C100,SEM008,C
E15085,S0449,C027,SEM005,B-
E15086,S0783,C022,SEM004,B
E15087,S0575,C027,SEM001,B-
E15088,S0878,C024,SEM001,B-
E15089,S0820,C041,SEM005,C
E15090,S0911,C107,SEM003,B
E15091,S0530,C036,SEM001,B
E15092,S0511,C108,SEM007,B+
E15093,S0455,C069,SEM002,B
E15094,S0962,C122,SEM006,B-
E15095,S0243,C024,SEM002,C
E15096,S0366,C029,SEM006,B
E15097,S0604,C043,SEM006,B+
E15098,S0483,C019,SEM005,B
E15099,S0046,C002,SEM004,C
E15100,S0398,C050,SEM001,B
E15101,S0450,C018,SEM006,C
E15102,S0418,C009,SEM002,A
E15103,S0618,C005,SEM007,B-
E15104,S0959,C048,SEM004,A-
E15105,S0459,C104,SEM005,C+
E15106,S0351,C026,SEM002,C+
E15107,S0987,C057,SEM008,B
E15108,S0803,C020,SEM004,A-
E15109,S0335,C047,SEM007,C-
E15110,S0570,C114,SEM005,B-
E15111,S0834,C010,SEM003,B-
E15112,S0920,C090,SEM004,B+
E15113,S0633,C074,SEM005,B+
E15114,S0920,C036,SEM005,B-
E15115,S0306,C001,SEM008,B
E15116,S0809,C116,SEM008,C
E15117,S0591,C022,SEM001,B-
E15118,S0194,C084,SEM008,C+
E15119,S0352,C043,SEM003,B
E15120,S0930,C023,SEM004,B
E15121,S0966,C127,SEM006,B-
E15122,S0706,C010,SEM006,B
E15123,S0753,C029,SEM004,A-
E15124,S0970,C012,SEM005,D
E15125,S0638,C083,SEM008,A-
E15126,S0172,C003,SEM005,B+
E15127,S0008,C101,SEM004,A-
E15128,S0989,C021,SEM004,B+
E15129,S0392,C119,SEM003,F
E15130,S0018,C042,SEM005,C
E15131,S0967,C029,SEM006,B-
E15132,S0223,C091,SEM007,C
E15133,S0362,C021,SEM008,B
E15134,S0073,C098,SEM005,C
E15135,S0205,C150,SEM002,A-
E15136,S0651,C043,SEM002,C
E15137,S0045,C014,SEM002,B-
E15138,S0862,C016,SEM004,B
E15139,S0604,C061,SEM004,B
E15140,S0735,C085,SEM003,A-
E15141,S0887,C049,SEM005,B
E15142,S0880,C110,SEM005,C+
E15143,S0804,C116,SEM003,B+
E15144,S0317,C003,SEM003,A-
E15145,S0625,C031,SEM002,B+
E15146,S0444,C048,SEM008,B
E15147,S0102,C108,SEM007,B+
E15148,S0178,C063,SEM003,C
E15149,S0644,C059,SEM008,A-
E15150,S0611,C034,SEM003,A
E15151,S0525,C109,SEM005,C+
E15152,S0033,C003,SEM003,B+
E15153,S0320,C019,SEM004,B
E15154,S0130,C042,SEM006,A
E15155,S0529,C126,SEM005,C+
E15156,S0992,C039,SEM006,B
E15157,S0784,C018,SEM007,C+
E15158,S0732,C087,SEM007,A-
E15159,S0497,C033,SEM005,B+
E15160,S0318,C022,SEM008,B
E15161,S0980,C144,SEM002,B-
E15162,S0323,C105,SEM004,C-
E15163,S0221,C077,SEM004,B-
E15164,S0266,C090,SEM003,B-
E15165,S0469,C016,SEM005,C
E15166,S0425,C045,SEM004,A-
E15167,S0460,C079,SEM007,B
E15168,S0973,C056,SEM008,C+
E15169,S0312,C018,SEM005,D
E15170,S0746,C064,SEM001,B
E15171,S0603,C021,SEM004,C-
E15172,S0310,C059,SEM008,C+
E15173,S0865,C034,SEM004,B
E15174,S0327,C054,SEM006,B+
E15175,S0120,C118,SEM003,C-
E15176,S0331,C131,SEM006,B+
E15177,S0469,C110,SEM001,B
E15178,S0385,C024,SEM004,C-
E15179,S0606,C005,SEM003,B-
E15180,S0494,C038,SEM002,B-
E15181,S0295,C012,SEM005,A
E15182,S0722,C067,SEM001,C
E15183,S0999,C046,SEM008,B+
E15184,S0671,C039,SEM007,C-
E15185,S0411,C148,SEM001,B
E15186,S0077,C062,SEM001,D
E15187,S0490,C059,SEM002,B+
E15188,S0324,C018,SEM004,C
E15189,S0324,C010,SEM003,B
E15190,S0629,C094,SEM007,B+
E15191,S0214,C005,SEM006,B
E15192,S0787,C002,SEM007,B
E15193,S0317,C028,SEM008,A
E15194,S0738,C094,SEM008,B-
E15195,S0282,C129,SEM002,D
E15196,S0757,C017,SEM004,A
E15197,S0830,C075,SEM003,B+
E15198,S0307,C043,SEM007,A
E15199,S0031,C132,SEM002,B+
E15200,S0057,C060,SEM007,B+
E15201,S0896,C025,SEM002,B-
E15202,S0699,C028,SEM001,A
E15203,S0958,C065,SEM001,B-
E15204,S0534,C010,SEM008,C
E15205,S0883,C121,SEM001,C
E15206,S0682,C053,SEM008,B-
E15207,S0325,C069,SEM007,B
E15208,S0931,C022,SEM003,C-
E15209,S0957,C098,SEM006,A
E15210,S0263,C028,SEM003,C+
E15211,S0882,C045,SEM002,C+
E15212,S0600,C107,SEM007,B-
E15213,S0581,C070,SEM002,B-
E15214,S0199,C063,SEM003,A-
E15215,S0596,C095,SEM002,C+
E15216,S0551,C072,SEM003,D
E15217,S0704,C018,SEM006,B
E15218,S0569,C008,SEM003,B-
E15219,S0251,C038,SEM007,A-
E15220,S0205,C075,SEM008,B-
E15221,S0748,C056,SEM007,B
E15222,S0833,C014,SEM008,B
E15223,S0747,C112,SEM004,B
E15224,S0198,C062,SEM001,B+
E15225,S0600,C011,SEM001,F
E15226,S0986,C104,SEM008,A-
E15227,S0506,C035,SEM003,B-
E15228,S0391,C114,SEM006,C
E15229,S0369,C023,SEM008,B+
E15230,S0095,C030,SEM005,B-
E15231,S0907,C041,SEM003,B
E15232,S0475,C018,SEM003,F
E15233,S0684,C108,SEM003,B+
E15234,S0280,C044,SEM006,B+
E15235,S0811,C076,SEM003,A
E15236,S0188,C105,SEM007,D
E15237,S0469,C083,SEM002,A-
E15238,S0801,C016,SEM005,C+
E15239,S0181,C022,SEM006,B
E15240,S0944,C127,SEM007,B+
E15241,S0085,C031,SEM003,B
E15242,S0388,C079,SEM003,F
E15243,S0783,C121,SEM004,A-
E15244,S0025,C094,SEM004,C
E15245,S0448,C135,SEM005,A-
E15246,S0387,C034,SEM002,B-
E15247,S0931,C026,SEM002,A-
E15248,S0201,C015,SEM006,B-
E15249,S0130,C082,SEM007,D
E15250,S0375,C124,SEM005,B
E15251,S0107,C023,SEM004,C+
E15252,S0104,C050,SEM006,B-
E15253,S0220,C068,SEM001,A-
E15254,S0199,C055,SEM004,B
E15255,S0425,C025,SEM006,A
E15256,S0858,C044,SEM007,B-
E15257,S0064,C013,SEM003,C
E15258,S0389,C025,SEM002,A
E15259,S0025,C017,SEM002,C
E15260,S0763,C006,SEM003,D
E15261,S0566,C007,SEM006,B
E15262,S0252,C045,SEM006,A-
E15263,S0361,C010,SEM003,B
E15264,S0911,C051,SEM008,C
E15265,S0501,C053,SEM004,A
E15266,S0062,C055,SEM003,A
E15267,S0941,C105,SEM008,A
E15268,S0962,C057,SEM004,A-
E15269,S0130,C023,SEM008,B+
E15270,S0074,C010,SEM008,C+
E15271,S0546,C017,SEM008,B+
E15272,S0367,C028,SEM003,B+
E15273,S0046,C044,SEM007,C
E15274,S0961,C052,SEM003,B+
E15275,S0776,C063,SEM008,C
E15276,S0086,C014,SEM003,B+
E15277,S0707,C001,SEM006,B
E15278,S0178,C083,SEM001,D
E15279,S0676,C001,SEM007,C
E15280,S0108,C064,SEM005,C
E15281,S0624,C053,SEM005,C-
E15282,S0300,C037,SEM005,B-
E15283,S0169,C016,SEM006,B-
E15284,S0273,C041,SEM002,B+
E15285,S0468,C085,SEM005,A
E15286,S0644,C009,SEM006,C
E15287,S0294,C066,SEM004,B
E15288,S0016,C049,SEM005,B+
E15289,S0462,C020,SEM006,D
E15290,S0556,C127,SEM004,A-
E15291,S0321,C124,SEM005,C
E15292,S0099,C026,SEM001,B
E15293,S0618,C043,SEM003,C
E15294,S0372,C061,SEM002,B
E15295,S0601,C090,SEM008,B-
E15296,S0591,C002,SEM001,B
E15297,S0636,C103,SEM008,D
E15298,S0752,C076,SEM004,B-
E15299,S0565,C044,SEM001,B-
E15300,S0769,C086,SEM001,B-
E15301,S0959,C101,SEM008,B-
E15302,S0954,C032,SEM006,C+
E15303,S0570,C030,SEM003,A
E15304,S0202,C064,SEM002,C-
E15305,S0321,C123,SEM008,A
E15306,S0688,C022,SEM007,C+
E15307,S0404,C013,SEM007,B+
E15308,S0370,C081,SEM003,C
E15309,S0767,C097,SEM006,B-
E15310,S0169,C049,SEM007,A
E15311,S0350,C029,SEM006,D
E15312,S0130,C065,SEM005,A-
E15313,S0097,C070,SEM008,B
E15314,S0580,C062,SEM008,C-
E15315,S0185,C057,SEM006,B
E15316,S0252,C007,SEM003,C-
E15317,S0913,C029,SEM002,B
E15318,S0827,C006,SEM003,F
E15319,S0808,C028,SEM001,C+
E15320,S0264,C021,SEM004,B+
E15321,S0610,C002,SEM005,C-
E15322,S0771,C114,SEM003,C+
E15323,S0897,C059,SEM002,C
E15324,S0633,C037,SEM002,B+
E15325,S0146,C093,SEM005,B
E15326,S0664,C007,SEM007,B
E15327,S0471,C002,SEM007,F
E15328,S0352,C030,SEM005,B-
E15329,S0881,C116,SEM007,C
E15330,S0748,C069,SEM003,B+
E15331,S0962,C059,SEM001,B-
E15332,S0684,C006,SEM005,A-
E15333,S0075,C038,SEM005,F
E15334,S0387,C146,SEM008,B
E15335,S0180,C001,SEM005,B
E15336,S0490,C061,SEM004,B
E15337,S0110,C032,SEM004,B+
E15338,S0586,C090,SEM005,A-
E15339,S0096,C002,SEM003,C+
E15340,S0133,C061,SEM007,B+
E15341,S0986,C050,SEM007,B
E15342,S0535,C087,SEM007,C+
E15343,S0518,C017,SEM003,C
E15344,S0561,C102,SEM008,B
E15345,S0860,C008,SEM001,B
E15346,S0496,C042,SEM006,A
E15347,S0419,C019,SEM002,B+
E15348,S0612,C011,SEM003,C+
E15349,S0520,C104,SEM006,B
E15350,S0457,C001,SEM005,A
E15351,S0474,C010,SEM002,B-
E15352,S0001,C027,SEM001,B
E15353,S0359,C042,SEM006,C+
E15354,S0619,C062,SEM004,C
E15355,S0248,C062,SEM001,C+
E15356,S0936,C090,SEM006,B-
E15357,S0282,C032,SEM004,C+
E15358,S0794,C108,SEM005,B
E15359,S0753,C060,SEM006,B+
E15360,S0537,C017,SEM008,F
E15361,S0781,C127,SEM007,C+
E15362,S0482,C117,SEM002,A
E15363,S0527,C042,SEM008,B
E15364,S0820,C018,SEM001,B-
E15365,S0604,C148,SEM004,C+
E15366,S0460,C029,SEM007,C
E15367,S0405,C138,SEM001,D
E15368,S0933,C014,SEM006,B+
E15369,S0410,C098,SEM006,C+
E15370,S0796,C033,SEM006,B-
E15371,S0482,C020,SEM008,C+
E15372,S0420,C070,SEM007,B
E15373,S0530,C093,SEM003,A-
E15374,S0111,C111,SEM008,C
E15375,S0867,C004,SEM001,F
E15376,S0267,C087,SEM002,B-
E15377,S0745,C099,SEM006,B
E15378,S0468,C004,SEM006,B+
E15379,S0142,C115,SEM004,C-
E15380,S0049,C026,SEM005,D
E15381,S0439,C069,SEM001,F
E15382,S0342,C027,SEM003,C
E15383,S0325,C022,SEM004,B
E15384,S0609,C007,SEM001,C+
E15385,S0610,C033,SEM004,B+
E15386,S0323,C038,SEM007,B
E15387,S0866,C125,SEM001,B-
E15388,S0284,C029,SEM005,A-
E15389,S0698,C015,SEM007,A-
E15390,S0087,C097,SEM008,A-
E15391,S0266,C062,SEM004,B+
E15392,S0487,C083,SEM005,B
E15393,S0168,C019,SEM001,C
E15394,S0999,C007,SEM004,B
E15395,S0784,C109,SEM004,B
E15396,S0510,C073,SEM005,B
E15397,S0029,C139,SEM004,C+
E15398,S0778,C009,SEM002,B
E15399,S0444,C033,SEM006,C+
E15400,S0529,C070,SEM006,A
E15401,S0571,C091,SEM001,B-
E15402,S0118,C103,SEM008,A-
E15403,S0109,C032,SEM008,B-
E15404,S0562,C018,SEM008,B
E15405,S0722,C045,SEM006,A
E15406,S0338,C104,SEM002,A-
E15407,S0477,C142,SEM004,A
E15408,S0797,C008,SEM006,A
E15409,S0007,C067,SEM004,B-
E15410,S0581,C019,SEM006,B
E15411,S0814,C062,SEM004,B-
E15412,S0437,C012,SEM007,B-
E15413,S0939,C033,SEM008,B+
E15414,S0025,C102,SEM001,B
E15415,S0152,C044,SEM004,B
E15416,S0707,C003,SEM002,B-
E15417,S0224,C049,SEM002,A-
E15418,S0992,C017,SEM005,B
E15419,S0326,C125,SEM003,B-
E15420,S0166,C020,SEM002,C
E15421,S0886,C083,SEM008,C
E15422,S0779,C052,SEM007,B
E15423,S0426,C077,SEM001,C
E15424,S0378,C074,SEM003,B
E15425,S0473,C017,SEM006,A
E15426,S0719,C013,SEM005,A-
E15427,S0486,C039,SEM004,B
E15428,S0241,C082,SEM005,B+
E15429,S0678,C097,SEM007,A
E15430,S0541,C024,SEM007,C-
E15431,S0113,C017,SEM005,A-
E15432,S0440,C055,SEM004,A
E15433,S0919,C043,SEM002,A-
E15434,S0623,C005,SEM004,B
E15435,S0895,C003,SEM008,A-
E15436,S0685,C059,SEM002,C
E15437,S0062,C036,SEM001,A-
E15438,S0099,C003,SEM004,B-
E15439,S0615,C099,SEM001,B+
E15440,S0136,C064,SEM007,B-
E15441,S0012,C050,SEM005,B-
E15442,S0937,C066,SEM001,C+
E15443,S0159,C010,SEM006,A
E15444,S0440,C120,SEM003,A
E15445,S0613,C094,SEM002,B
E15446,S0998,C048,SEM002,B
E15447,S0623,C003,SEM008,C-
E15448,S0201,C045,SEM002,B+
E15449,S0658,C104,SEM005,B
E15450,S0843,C083,SEM006,B+
E15451,S0222,C043,SEM001,D
E15452,S0724,C006,SEM002,B-
E15453,S0896,C010,SEM008,B-
E15454,S0634,C063,SEM002,A
E15455,S0034,C081,SEM001,B
E15456,S0459,C072,SEM002,B-
E15457,S0930,C076,SEM002,B+
E15458,S0814,C095,SEM001,C+
E15459,S0307,C017,SEM003,B+
E15460,S0556,C080,SEM007,C
E15461,S0714,C072,SEM008,C+
E15462,S0384,C009,SEM004,B+
E15463,S0042,C001,SEM003,C-
E15464,S0573,C121,SEM005,F
E15465,S0407,C101,SEM002,C-
E15466,S0430,C109,SEM005,B+
E15467,S0486,C048,SEM005,B+
E15468,S0354,C104,SEM008,B-
E15469,S0829,C097,SEM002,B
E15470,S0611,C023,SEM008,B-
E15471,S0475,C039,SEM006,C
E15472,S0945,C080,SEM001,C
E15473,S0740,C008,SEM006,B+
E15474,S0324,C062,SEM004,A-
E15475,S0502,C059,SEM005,B
E15476,S0865,C140,SEM007,B+
E15477,S0381,C006,SEM007,A-
E15478,S0781,C044,SEM002,C+
E15479,S0853,C060,SEM006,A-
E15480,S0736,C068,SEM002,B
E15481,S0785,C045,SEM005,C+
E15482,S0109,C124,SEM001,C-
E15483,S0038,C061,SEM006,F
E15484,S0717,C082,SEM008,B+
E15485,S0765,C054,SEM003,B+
E15486,S0943,C073,SEM004,A-
E15487,S0152,C121,SEM008,B+
E15488,S0478,C122,SEM008,A-
E15489,S0558,C075,SEM001,B-
E15490,S0373,C031,SEM008,B-
E15491,S0523,C067,SEM002,C+
E15492,S0502,C100,SEM006,C+
E15493,S0062,C005,SEM002,B
E15494,S0190,C019,SEM003,B+
E15495,S0470,C025,SEM004,B+
E15496,S0058,C089,SEM002,C+
E15497,S0673,C048,SEM002,B
E15498,S0627,C010,SEM002,C-
E15499,S0976,C129,SEM008,C-
E15500,S0978,C042,SEM003,A-
E15501,S0236,C015,SEM006,A-
E15502,S0569,C029,SEM008,B
E15503,S0045,C067,SEM005,B
E15504,S0924,C010,SEM008,A-
E15505,S0212,C048,SEM005,B-
E15506,S0129,C127,SEM003,C+
E15507,S0789,C003,SEM002,A-
E15508,S0037,C069,SEM002,B+
E15509,S0199,C101,SEM005,A-
E15510,S0017,C146,SEM006,F
E15511,S0501,C080,SEM004,B+
E15512,S0924,C029,SEM001,B-
E15513,S0331,C015,SEM006,B
E15514,S0076,C079,SEM007,B
E15515,S0177,C018,SEM002,A
E15516,S0834,C033,SEM005,B+
E15517,S0387,C098,SEM002,B
E15518,S0762,C090,SEM005,B-
E15519,S0821,C032,SEM001,B
E15520,S0047,C010,SEM008,B
E15521,S0461,C002,SEM002,B
E15522,S0713,C030,SEM004,B
E15523,S0793,C033,SEM003,A-
E15524,S0871,C011,SEM008,D
E15525,S0145,C024,SEM002,B-
E15526,S0166,C034,SEM002,B+
E15527,S0651,C069,SEM004,C+
E15528,S0307,C071,SEM003,A-
E15529,S0117,C062,SEM003,A
E15530,S0452,C028,SEM003,A-
E15531,S0340,C028,SEM007,B
E15532,S0948,C042,SEM001,B
E15533,S0691,C109,SEM008,B
E15534,S0210,C140,SEM002,C
E15535,S0120,C058,SEM005,B-
E15536,S0930,C023,SEM001,D
E15537,S0865,C018,SEM001,B
E15538,S0681,C116,SEM002,A-
E15539,S0244,C012,SEM001,A
E15540,S0705,C016,SEM007,C+
E15541,S0251,C003,SEM002,C
E15542,S0320,C075,SEM007,C+
E15543,S0278,C095,SEM001,B
E15544,S0916,C041,SEM003,B
E15545,S0706,C012,SEM001,A-
E15546,S0733,C031,SEM005,B
E15547,S0375,C147,SEM003,C-
E15548,S0512,C033,SEM006,C-
E15549,S0929,C119,SEM001,C+
E15550,S0633,C016,SEM003,B+
E15551,S0331,C017,SEM006,B-
E15552,S0526,C062,SEM006,A-
E15553,S0496,C003,SEM003,C-
E15554,S0825,C006,SEM005,B-
E15555,S0746,C057,SEM001,C-
E15556,S0837,C033,SEM003,B
E15557,S0142,C008,SEM007,A-
E15558,S0811,C037,SEM006,A-
E15559,S0999,C050,SEM003,C
E15560,S0080,C021,SEM006,B+
E15561,S0175,C008,SEM002,C-
E15562,S0657,C036,SEM002,B+
E15563,S0279,C076,SEM005,B+
E15564,S0776,C076,SEM007,A-
E15565,S0227,C100,SEM004,A
E15566,S0355,C085,SEM004,B
E15567,S0789,C037,SEM003,F
E15568,S0714,C002,SEM006,D
E15569,S0650,C109,SEM006,A
E15570,S0996,C111,SEM003,A-
E15571,S0566,C028,SEM001,B
E15572,S0127,C043,SEM002,A-
E15573,S0123,C022,SEM002,C
E15574,S0661,C106,SEM003,A
E15575,S0385,C021,SEM002,C+
E15576,S0764,C061,SEM008,A-
E15577,S0423,C106,SEM001,C-
E15578,S0789,C040,SEM007,C-
E15579,S0946,C034,SEM008,B-
E15580,S0334,C004,SEM006,B
E15581,S0539,C132,SEM001,A
E15582,S0637,C057,SEM002,A-
E15583,S0884,C001,SEM001,F
E15584,S0603,C022,SEM001,D
E15585,S0344,C082,SEM005,B+
E15586,S0915,C047,SEM007,C-
E15587,S0887,C091,SEM002,B
E15588,S0107,C106,SEM004,C+
E15589,S0459,C007,SEM004,C-
E15590,S0076,C070,SEM004,B
E15591,S0494,C141,SEM001,B-
E15592,S0865,C031,SEM005,B
E15593,S0257,C071,SEM001,B
E15594,S0871,C062,SEM001,B
E15595,S0439,C144,SEM008,C+
E15596,S0414,C019,SEM006,B
E15597,S0395,C116,SEM004,B+
E15598,S0397,C001,SEM002,A
E15599,S0090,C019,SEM007,C-
E15600,S0819,C136,SEM002,A-
E15601,S0191,C025,SEM006,C-
E15602,S0348,C116,SEM007,B
E15603,S0441,C025,SEM007,C+
E15604,S0882,C006,SEM008,A
E15605,S0737,C059,SEM005,C+
E15606,S0437,C075,SEM008,B
E15607,S0314,C030,SEM003,B+
E15608,S0022,C014,SEM005,B
E15609,S0051,C038,SEM002,A-
E15610,S0202,C090,SEM004,B
E15611,S0300,C105,SEM002,C+
E15612,S0676,C098,SEM004,B-
E15613,S0998,C078,SEM006,C+
E15614,S0257,C029,SEM008,C+
E15615,S0677,C057,SEM002,C-
E15616,S0731,C063,SEM006,C+
E15617,S0989,C083,SEM002,F
E15618,S0881,C010,SEM006,B-
E15619,S0667,C090,SEM001,A-
E15620,S0087,C006,SEM005,F
E15621,S0345,C015,SEM007,B-
E15622,S0067,C013,SEM003,B+
E15623,S0864,C101,SEM003,B-
E15624,S0248,C084,SEM007,C
E15625,S0223,C016,SEM004,C-
E15626,S0003,C030,SEM007,A-
E15627,S0210,C085,SEM005,B-
E15628,S0616,C015,SEM008,C
E15629,S0704,C072,SEM008,A-
E15630,S0711,C071,SEM005,B+
E15631,S0584,C096,SEM005,C-
E15632,S0243,C002,SEM006,A-
E15633,S0992,C032,SEM007,B+
E15634,S0056,C046,SEM008,B-
E15635,S0847,C089,SEM003,B+
E15636,S0037,C050,SEM003,C
E15637,S0933,C090,SEM008,B-
E15638,S0131,C116,SEM003,B-
E15639,S0107,C016,SEM002,C+
E15640,S0047,C060,SEM001,B
E15641,S0657,C034,SEM002,C
E15642,S0662,C068,SEM004,C+
E15643,S0917,C062,SEM001,C+
E15644,S0644,C058,SEM008,C-
E15645,S0299,C037,SEM005,C
E15646,S0900,C025,SEM006,B-
E15647,S0976,C014,SEM001,C
E15648,S0358,C075,SEM002,B+
E15649,S0253,C018,SEM002,B
E15650,S0114,C032,SEM004,B
E15651,S0111,C136,SEM007,A-
E15652,S0466,C133,SEM004,B+
E15653,S0820,C109,SEM006,C-
E15654,S0966,C093,SEM007,A-
E15655,S0065,C056,SEM002,B+
E15656,S0815,C070,SEM003,B-
E15657,S0058,C016,SEM004,B+
E15658,S0467,C063,SEM006,C-
E15659,S0752,C042,SEM004,D
E15660,S0804,C099,SEM007,A-
E15661,S0984,C066,SEM001,B+
E15662,S0551,C130,SEM003,B+
E15663,S0064,C031,SEM004,B-
E15664,S0804,C024,SEM005,D
E15665,S0480,C002,SEM003,B-
E15666,S0977,C004,SEM007,B
E15667,S0308,C014,SEM007,B
E15668,S0827,C029,SEM007,A
E15669,S0124,C147,SEM007,B-
E15670,S0842,C069,SEM003,B+
E15671,S0914,C022,SEM002,D
E15672,S0010,C041,SEM008,B-
E15673,S0103,C005,SEM006,C+
E15674,S0324,C031,SEM006,D
E15675,S0186,C014,SEM003,C-
E15676,S0136,C036,SEM006,B-
E15677,S0172,C023,SEM006,A-
E15678,S0247,C065,SEM008,B-
E15679,S0212,C048,SEM003,C+
E15680,S0997,C121,SEM004,B
E15681,S0458,C086,SEM007,C
E15682,S0916,C036,SEM002,C+
E15683,S0043,C044,SEM004,B
E15684,S0915,C057,SEM004,B-
E15685,S0676,C027,SEM005,B-
E15686,S0487,C005,SEM003,C
E15687,S0731,C110,SEM002,B
E15688,S0351,C125,SEM004,B-
E15689,S0516,C010,SEM002,D
E15690,S0210,C012,SEM006,A
E15691,S0527,C048,SEM006,F
E15692,S0172,C062,SEM008,C+
E15693,S0691,C083,SEM001,B-
E15694,S0258,C077,SEM002,D
E15695,S0817,C067,SEM004,B
E15696,S0423,C006,SEM003,B+
E15697,S0449,C006,SEM004,B+
E15698,S0117,C007,SEM002,A-
E15699,S0336,C003,SEM005,C
E15700,S0143,C012,SEM007,B
E15701,S0246,C062,SEM001,C
E15702,S0253,C047,SEM008,C+
E15703,S0872,C028,SEM002,B
E15704,S0615,C003,SEM006,B
E15705,S0663,C047,SEM007,B
E15706,S0865,C045,SEM006,B+
E15707,S0674,C069,SEM003,D
E15708,S0378,C017,SEM003,B
E15709,S0341,C133,SEM003,B+
E15710,S0722,C013,SEM005,F
E15711,S0244,C088,SEM001,C+
E15712,S0876,C012,SEM004,B
E15713,S0642,C041,SEM001,C+
E15714,S0009,C019,SEM002,B
E15715,S0015,C078,SEM003,D
E15716,S0838,C052,SEM001,B+
E15717,S0171,C029,SEM006,A
E15718,S0152,C026,SEM005,C+
E15719,S0939,C022,SEM006,C+
E15720,S0072,C058,SEM005,B+
E15721,S0614,C003,SEM004,A-
E15722,S0146,C038,SEM003,F
E15723,S0322,C105,SEM005,B-
E15724,S0661,C038,SEM003,C+
E15725,S0954,C042,SEM002,C+
E15726,S0529,C131,SEM008,C+
E15727,S0695,C098,SEM006,A-
E15728,S0911,C075,SEM004,B+
E15729,S0864,C076,SEM003,B-
E15730,S0872,C024,SEM003,B+
E15731,S0344,C024,SEM008,B-
E15732,S0269,C035,SEM007,C-
E15733,S0805,C020,SEM004,B-
E15734,S0513,C078,SEM007,B+
E15735,S0073,C038,SEM004,B
E15736,S0762,C023,SEM006,C-
E15737,S0754,C029,SEM006,B+
E15738,S0636,C071,SEM006,B-
E15739,S0655,C082,SEM004,C+
E15740,S0679,C060,SEM002,B
E15741,S0817,C147,SEM008,B
E15742,S0563,C072,SEM002,B
E15743,S0221,C093,SEM006,D
E15744,S0802,C149,SEM007,B-
E15745,S0250,C083,SEM002,B
E15746,S0951,C011,SEM005,A-
E15747,S0383,C116,SEM003,C-
E15748,S0240,C056,SEM007,C+
E15749,S0604,C096,SEM002,B
E15750,S0118,C078,SEM006,C+
E15751,S0042,C049,SEM004,D
E15752,S0961,C078,SEM002,A-
E15753,S0824,C058,SEM007,A
E15754,S0012,C027,SEM008,B
E15755,S0190,C045,SEM003,A-
E15756,S0561,C082,SEM001,A-
E15757,S0541,C007,SEM006,B
E15758,S0347,C084,SEM005,A-
E15759,S0413,C060,SEM002,C+
E15760,S0072,C020,SEM007,B+
E15761,S0256,C048,SEM008,B-
E15762,S0907,C008,SEM008,C
E15763,S0864,C103,SEM008,C+
E15764,S0633,C063,SEM005,C+
E15765,S0419,C057,SEM002,D
E15766,S0339,C012,SEM004,A
E15767,S0443,C114,SEM002,B-
E15768,S0407,C125,SEM005,B+
E15769,S0925,C008,SEM004,B
E15770,S0274,C003,SEM007,A
E15771,S0902,C081,SEM007,B-
E15772,S0480,C023,SEM006,A-
E15773,S0704,C015,SEM007,C+
E15774,S0947,C016,SEM008,B
E15775,S0532,C055,SEM003,B
E15776,S0217,C017,SEM007,B+
E15777,S0321,C078,SEM007,A
E15778,S0874,C115,SEM007,B+
E15779,S0775,C061,SEM007,B+
E15780,S0588,C113,SEM004,B
E15781,S0879,C088,SEM006,A-
E15782,S0256,C015,SEM003,B
E15783,S0224,C108,SEM001,B-
E15784,S0734,C083,SEM005,C-
E15785,S0303,C010,SEM002,B-
E15786,S0897,C018,SEM004,A
E15787,S0747,C080,SEM006,B
E15788,S0752,C092,SEM003,B-
E15789,S0204,C016,SEM002,B-
E15790,S0911,C038,SEM005,C+
E15791,S0100,C079,SEM008,A-
E15792,S0195,C039,SEM001,C+
E15793,S0667,C052,SEM005,A
E15794,S0943,C026,SEM002,A-
E15795,S0286,C009,SEM007,C
E15796,S0031,C080,SEM004,A
E15797,S0141,C029,SEM001,B+
E15798,S0812,C080,SEM002,C-
E15799,S0788,C043,SEM006,A
E15800,S0820,C097,SEM006,B
E15801,S0612,C007,SEM006,B+
E15802,S0910,C033,SEM002,B+
E15803,S0642,C007,SEM004,C+
E15804,S0376,C046,SEM002,A-
E15805,S0250,C092,SEM006,C-
E15806,S0993,C082,SEM003,B
E15807,S0046,C029,SEM005,D
E15808,S0503,C124,SEM005,D
E15809,S0942,C039,SEM002,B
E15810,S0449,C010,SEM003,C+
E15811,S0306,C006,SEM006,B
E15812,S0395,C128,SEM008,B-
E15813,S0664,C034,SEM002,A
E15814,S0700,C042,SEM007,C+
E15815,S0763,C018,SEM002,A
E15816,S0543,C031,SEM003,B-
E15817,S0825,C016,SEM008,B
E15818,S0221,C112,SEM008,B+
E15819,S0376,C049,SEM008,A
E15820,S0949,C043,SEM004,B
E15821,S0480,C051,SEM003,B
E15822,S0942,C109,SEM001,B
E15823,S0977,C106,SEM008,A
E15824,S0235,C026,SEM005,B+
E15825,S0924,C057,SEM005,C
E15826,S0792,C085,SEM005,C+
E15827,S0926,C024,SEM005,A-
E15828,S0484,C072,SEM002,A
E15829,S0258,C040,SEM005,B+
E15830,S0389,C104,SEM008,A-
E15831,S0128,C071,SEM008,D
E15832,S0211,C030,SEM006,A
E15833,S0930,C001,SEM003,B
E15834,S0315,C077,SEM008,C+
E15835,S0832,C029,SEM001,C-
E15836,S0956,C006,SEM001,B-
E15837,S0562,C148,SEM008,B-
E15838,S0243,C015,SEM005,B
E15839,S0345,C113,SEM008,C+
E15840,S0346,C018,SEM004,B
E15841,S0245,C068,SEM005,A
E15842,S0480,C035,SEM004,A-
E15843,S0803,C072,SEM004,C
E15844,S0251,C001,SEM003,F
E15845,S0807,C028,SEM007,B+
E15846,S0887,C061,SEM003,B
E15847,S0089,C070,SEM007,A
E15848,S0233,C017,SEM002,A-
E15849,S0011,C023,SEM006,C-
E15850,S0778,C004,SEM006,C+
E15851,S0270,C101,SEM006,C
E15852,S0589,C104,SEM006,B+
E15853,S0460,C040,SEM006,B-
E15854,S0725,C001,SEM008,B+
E15855,S0779,C029,SEM005,C+
E15856,S0178,C067,SEM005,B+
E15857,S0249,C097,SEM008,D
E15858,S0840,C009,SEM007,B
E15859,S0882,C016,SEM004,B
E15860,S0276,C039,SEM006,B+
E15861,S0866,C064,SEM007,B
E15862,S0482,C099,SEM007,C+
E15863,S0377,C016,SEM004,B
E15864,S0649,C008,SEM007,B-
E15865,S0740,C087,SEM002,A-
E15866,S0974,C031,SEM003,A
E15867,S0165,C003,SEM008,C+
E15868,S0415,C054,SEM001,B
E15869,S0062,C019,SEM001,B-
E15870,S0220,C108,SEM002,B
E15871,S0601,C024,SEM002,A
E15872,S0859,C027,SEM001,A-
E15873,S0801,C125,SEM002,B-
E15874,S0092,C092,SEM006,C+
E15875,S0975,C008,SEM002,B+
E15876,S0991,C055,SEM003,D
E15877,S0876,C131,SEM004,B+
E15878,S0094,C008,SEM004,A-
E15879,S0659,C018,SEM008,B-
E15880,S0079,C019,SEM005,C+
E15881,S0877,C020,SEM004,B+
E15882,S0317,C055,SEM008,B
E15883,S0615,C088,SEM006,A-
E15884,S0134,C043,SEM004,A-
E15885,S0944,C054,SEM004,B-
E15886,S0881,C049,SEM001,B-
E15887,S0433,C108,SEM008,B
E15888,S0345,C039,SEM006,B
E15889,S0076,C016,SEM006,D
E15890,S0262,C015,SEM005,B-
E15891,S0310,C063,SEM006,A-
E15892,S0440,C044,SEM001,B-
E15893,S0855,C014,SEM007,B
E15894,S0242,C053,SEM007,C
E15895,S0662,C010,SEM004,C
E15896,S0613,C118,SEM004,C+
E15897,S0710,C091,SEM005,C
E15898,S0323,C057,SEM006,C
E15899,S0937,C045,SEM003,B+
E15900,S0585,C091,SEM008,B+
E15901,S0246,C013,SEM005,B+
E15902,S0338,C094,SEM007,B
E15903,S0157,C007,SEM006,A-
E15904,S0557,C012,SEM003,A-
E15905,S0603,C002,SEM008,C
E15906,S0992,C036,SEM008,B+
E15907,S0052,C038,SEM006,C
E15908,S0120,C021,SEM006,F
E15909,S0489,C049,SEM003,A-
E15910,S0064,C020,SEM004,B-
E15911,S0208,C115,SEM003,B+
E15912,S0169,C044,SEM004,C+
E15913,S0986,C071,SEM007,B
E15914,S0384,C008,SEM004,A
E15915,S0677,C009,SEM006,A
E15916,S0865,C099,SEM003,B+
E15917,S0566,C114,SEM001,B+
E15918,S0582,C009,SEM008,B+
E15919,S0852,C062,SEM005,A-
E15920,S0310,C061,SEM002,F
E15921,S0439,C028,SEM005,C
E15922,S0534,C149,SEM004,B+
E15923,S0726,C008,SEM006,B+
E15924,S1000,C006,SEM005,B+
E15925,S0455,C088,SEM007,D
E15926,S0239,C112,SEM005,B
E15927,S0124,C010,SEM004,B
E15928,S0152,C011,SEM001,A
E15929,S0877,C037,SEM004,B+
E15930,S0468,C028,SEM006,C-
E15931,S0252,C063,SEM006,B
E15932,S0493,C083,SEM006,B+
E15933,S0617,C035,SEM002,B-
E15934,S0260,C014,SEM007,B+
E15935,S0134,C094,SEM004,C
E15936,S0367,C095,SEM004,B
E15937,S0445,C077,SEM001,A
E15938,S0434,C053,SEM006,B
E15939,S0169,C032,SEM005,C
E15940,S0789,C024,SEM008,B
E15941,S0825,C036,SEM003,D
E15942,S0631,C116,SEM003,B+
E15943,S0725,C037,SEM005,B-
E15944,S0087,C020,SEM004,B
E15945,S0823,C091,SEM007,A
E15946,S0153,C071,SEM008,B
E15947,S0590,C039,SEM006,B+
E15948,S0012,C022,SEM003,C-
E15949,S0838,C013,SEM006,C+
E15950,S0638,C027,SEM006,B+
E15951,S0925,C076,SEM001,A-
E15952,S0072,C036,SEM007,B-
E15953,S0246,C077,SEM004,B+
E15954,S0870,C078,SEM003,D
E15955,S0624,C089,SEM005,B
E15956,S0568,C047,SEM004,B
E15957,S0577,C110,SEM006,B
E15958,S0562,C108,SEM005,B+
E15959,S0633,C130,SEM005,B
E15960,S0940,C062,SEM001,C+
E15961,S0770,C048,SEM001,B+
E15962,S0923,C014,SEM008,B+
E15963,S0388,C086,SEM005,A
E15964,S0921,C043,SEM003,B
E15965,S0602,C011,SEM004,C+
E15966,S0248,C009,SEM001,A
E15967,S0352,C067,SEM002,B-
E15968,S0600,C047,SEM007,B-
E15969,S0387,C048,SEM001,C+
E15970,S0642,C005,SEM001,B
E15971,S0476,C005,SEM005,F
E15972,S0429,C048,SEM006,A-
E15973,S0775,C025,SEM008,B
E15974,S0104,C010,SEM005,B
E15975,S0656,C092,SEM007,B+
E15976,S0035,C060,SEM008,B-
E15977,S0785,C034,SEM002,B-
E15978,S0548,C036,SEM005,B-
E15979,S0278,C073,SEM003,B+
E15980,S0287,C001,SEM001,C
E15981,S0791,C041,SEM008,B-
E15982,S0436,C121,SEM008,B-
E15983,S0186,C023,SEM008,B
E15984,S0004,C082,SEM002,B+
E15985,S0985,C017,SEM007,C-
E15986,S0810,C097,SEM002,F
E15987,S0053,C046,SEM005,C
E15988,S0284,C013,SEM003,B-
E15989,S0272,C049,SEM007,C+
E15990,S0369,C008,SEM001,C+
E15991,S0555,C107,SEM006,B
E15992,S0474,C047,SEM004,B-
E15993,S0550,C116,SEM003,B+
E15994,S0738,C085,SEM008,B+
E15995,S0172,C028,SEM008,A-
E15996,S0825,C090,SEM002,B+
E15997,S0716,C079,SEM007,A-
E15998,S0862,C046,SEM007,B
E15999,S0859,C044,SEM008,F
E16000,S0811,C147,SEM008,C+
E16001,S0131,C083,SEM003,B-
E16002,S0897,C017,SEM005,A-
E16003,S0554,C088,SEM001,B
E16004,S0780,C004,SEM006,B
E16005,S0539,C046,SEM002,F
E16006,S0501,C052,SEM003,C+
E16007,S0983,C090,SEM003,B
E16008,S0886,C020,SEM003,D
E16009,S0587,C024,SEM003,C+
E16010,S0643,C044,SEM004,B+
E16011,S0389,C044,SEM004,A
E16012,S0132,C057,SEM007,C-
E16013,S0967,C063,SEM008,A
E16014,S0010,C029,SEM006,A-
E16015,S0291,C091,SEM007,B-
E16016,S0568,C024,SEM003,D
E16017,S0081,C026,SEM003,B
E16018,S0226,C120,SEM006,C
E16019,S0369,C056,SEM002,C+
E16020,S0868,C034,SEM007,B
E16021,S0474,C027,SEM001,A
E16022,S0324,C047,SEM001,B
E16023,S0778,C079,SEM004,D
E16024,S0475,C052,SEM004,B-
E16025,S0387,C012,SEM005,F
E16026,S0423,C100,SEM003,C+
E16027,S0297,C024,SEM008,B
E16028,S0950,C022,SEM002,B+
E16029,S0035,C038,SEM006,C+
E16030,S0353,C006,SEM001,B+
E16031,S0250,C050,SEM003,B+
E16032,S0664,C094,SEM008,B-
E16033,S0419,C010,SEM003,C-
E16034,S0458,C020,SEM001,B
E16035,S0877,C018,SEM007,A-
E16036,S0283,C046,SEM003,B
E16037,S0857,C031,SEM008,B
E16038,S0369,C080,SEM004,B-
E16039,S0681,C013,SEM001,C+
E16040,S0167,C012,SEM004,A-
E16041,S0102,C025,SEM008,A
E16042,S0467,C041,SEM003,B+
E16043,S0608,C012,SEM005,A-
E16044,S0997,C021,SEM003,B
E16045,S0610,C068,SEM007,B
E16046,S0906,C121,SEM002,B
E16047,S0172,C066,SEM008,B+
E16048,S0478,C044,SEM002,F
E16049,S0339,C069,SEM004,D
E16050,S0667,C006,SEM004,B+
E16051,S0346,C020,SEM002,B-
E16052,S0775,C108,SEM008,C+
E16053,S0032,C008,SEM003,B
E16054,S0094,C135,SEM005,B
E16055,S0175,C042,SEM002,B+
E16056,S0574,C018,SEM003,B
E16057,S0985,C024,SEM005,B-
E16058,S0902,C027,SEM006,A
E16059,S0168,C015,SEM007,B
E16060,S0086,C061,SEM002,A-
E16061,S0028,C080,SEM004,F
E16062,S0899,C056,SEM001,B
E16063,S0076,C065,SEM005,B+
E16064,S0579,C025,SEM001,C-
E16065,S0891,C014,SEM001,B+
E16066,S0976,C004,SEM006,B+
E16067,S0829,C084,SEM002,A-
E16068,S0382,C058,SEM004,C+
E16069,S0763,C106,SEM007,B+
E16070,S0134,C009,SEM004,F
E16071,S0438,C132,SEM005,C+
E16072,S0581,C015,SEM002,A
E16073,S0627,C113,SEM006,D
E16074,S0165,C005,SEM005,B+
E16075,S0115,C002,SEM008,C-
E16076,S0544,C031,SEM004,B-
E16077,S0026,C029,SEM007,A
E16078,S0992,C048,SEM004,C+
E16079,S0370,C149,SEM008,B+
E16080,S0591,C046,SEM007,C
E16081,S0559,C042,SEM006,C+
E16082,S0798,C112,SEM004,A-
E16083,S0879,C017,SEM002,B
E16084,S0600,C027,SEM008,B
E16085,S0930,C066,SEM007,D
E16086,S0269,C046,SEM008,B
E16087,S0139,C115,SEM007,B-
E16088,S0925,C131,SEM001,B-
E16089,S0267,C050,SEM002,B
E16090,S0332,C046,SEM004,B-
E16091,S0037,C024,SEM002,A-
E16092,S0338,C133,SEM002,B-
E16093,S0009,C044,SEM007,A-
E16094,S0329,C012,SEM001,B+
E16095,S0469,C012,SEM008,B
E16096,S0499,C066,SEM002,A-
E16097,S0010,C025,SEM005,B
E16098,S0244,C009,SEM003,C+
E16099,S0419,C084,SEM003,C+
E16100,S0541,C058,SEM002,C
E16101,S0670,C067,SEM001,B-
E16102,S0709,C053,SEM003,C+
E16103,S0052,C018,SEM004,A-
E16104,S0001,C058,SEM003,C+
E16105,S0217,C073,SEM007,B
E16106,S0673,C103,SEM002,A
E16107,S0863,C116,SEM004,B-
E16108,S0132,C043,SEM008,B+
E16109,S0565,C046,SEM005,B-
E16110,S0386,C047,SEM008,B
E16111,S0047,C141,SEM008,B-
E16112,S0319,C132,SEM004,C-
E16113,S0003,C011,SEM005,A-
E16114,S0677,C035,SEM007,B+
E16115,S0666,C008,SEM004,D
E16116,S0324,C040,SEM005,B-
E16117,S0416,C142,SEM001,B-
E16118,S0132,C032,SEM001,C+
E16119,S0673,C018,SEM003,A-
E16120,S0058,C078,SEM006,B
E16121,S0621,C043,SEM001,B+
E16122,S0956,C067,SEM006,C
E16123,S0977,C062,SEM005,B-
E16124,S0257,C037,SEM005,C
E16125,S0282,C137,SEM008,C
E16126,S0893,C109,SEM003,B+
E16127,S0650,C082,SEM006,A-
E16128,S0646,C084,SEM007,B-
E16129,S0332,C006,SEM006,B+
E16130,S0842,C128,SEM004,B+
E16131,S0529,C082,SEM007,D
E16132,S0880,C023,SEM002,A-
E16133,S0690,C100,SEM002,B+
E16134,S0690,C012,SEM006,C-
E16135,S0176,C025,SEM007,B+
E16136,S0221,C031,SEM007,D
E16137,S0403,C097,SEM007,C+
E16138,S0516,C003,SEM006,B+
E16139,S0003,C013,SEM004,F
E16140,S0580,C030,SEM008,C
E16141,S0066,C101,SEM008,B+
E16142,S0357,C138,SEM001,B+
E16143,S0911,C114,SEM001,C
E16144,S0823,C003,SEM004,A-
E16145,S0284,C068,SEM005,A
E16146,S0513,C001,SEM003,D
E16147,S0898,C097,SEM006,B+
E16148,S0549,C004,SEM006,B+
E16149,S0132,C038,SEM002,B
E16150,S0177,C012,SEM008,C+
E16151,S0715,C102,SEM003,B
E16152,S0371,C147,SEM006,B
E16153,S0025,C090,SEM002,B+
E16154,S0773,C054,SEM005,F
E16155,S0798,C128,SEM008,C+
E16156,S0158,C004,SEM002,A
E16157,S0681,C088,SEM003,C+
E16158,S0634,C057,SEM002,A-
E16159,S0479,C087,SEM006,A-
E16160,S0431,C083,SEM001,F
E16161,S0884,C020,SEM006,B
E16162,S0444,C007,SEM004,C-
E16163,S0578,C108,SEM004,B-
E16164,S0093,C051,SEM005,C-
E16165,S0495,C025,SEM004,B+
E16166,S0016,C042,SEM006,B+
E16167,S0764,C004,SEM002,B
E16168,S0272,C016,SEM001,B-
E16169,S0325,C036,SEM003,D
E16170,S0049,C028,SEM001,B-
E16171,S0421,C119,SEM003,C
E16172,S0059,C031,SEM008,B+
E16173,S0786,C024,SEM005,A
E16174,S0718,C051,SEM006,C+
E16175,S0298,C017,SEM005,A-
E16176,S0189,C055,SEM001,C+
E16177,S0056,C037,SEM001,B+
E16178,S0742,C062,SEM003,F
E16179,S0437,C059,SEM005,B
E16180,S0358,C033,SEM005,B
E16181,S0557,C096,SEM001,B-
E16182,S0020,C022,SEM005,C-
E16183,S0470,C083,SEM006,F
E16184,S0245,C047,SEM007,B-
E16185,S0952,C033,SEM008,B
E16186,S0561,C043,SEM008,B-
E16187,S0825,C026,SEM005,C+
E16188,S0065,C042,SEM006,B
E16189,S0843,C125,SEM004,D
E16190,S0418,C069,SEM003,B+
E16191,S0372,C103,SEM006,A-
E16192,S0564,C043,SEM007,B+
E16193,S0136,C051,SEM007,B-
E16194,S0940,C051,SEM008,B+
E16195,S0539,C005,SEM005,B+
E16196,S0648,C029,SEM007,B+
E16197,S0532,C024,SEM004,B+
E16198,S0411,C009,SEM002,B
E16199,S0983,C046,SEM005,B-
E16200,S0806,C056,SEM003,B-
E16201,S0660,C037,SEM001,B
E16202,S0510,C019,SEM005,C
E16203,S0057,C066,SEM005,C
E16204,S0592,C015,SEM005,A
E16205,S0481,C017,SEM002,B+
E16206,S0973,C105,SEM005,A-
E16207,S0429,C016,SEM006,B
E16208,S0585,C059,SEM003,B+
E16209,S0264,C046,SEM007,B+
E16210,S0799,C121,SEM002,B-
E16211,S0117,C054,SEM001,B+
E16212,S0662,C144,SEM008,C+
E16213,S0394,C048,SEM006,B
E16214,S0111,C061,SEM008,B-
E16215,S0965,C058,SEM006,A-
E16216,S0181,C124,SEM001,B
E16217,S0114,C019,SEM001,B
E16218,S0828,C036,SEM003,B-
E16219,S0447,C109,SEM005,B
E16220,S0827,C010,SEM006,C
E16221,S0202,C098,SEM008,C+
E16222,S0978,C001,SEM008,A
E16223,S0655,C009,SEM007,C+
E16224,S0522,C020,SEM002,B
E16225,S0973,C097,SEM008,B-
E16226,S0078,C024,SEM008,C+
E16227,S0853,C006,SEM003,B-
E16228,S0119,C102,SEM007,B+
E16229,S0374,C003,SEM001,F
E16230,S0250,C033,SEM003,A-
E16231,S0681,C018,SEM007,B
E16232,S0612,C119,SEM004,C+
E16233,S0061,C081,SEM005,C-
E16234,S0131,C024,SEM002,C
E16235,S0697,C055,SEM006,B+
E16236,S0034,C078,SEM001,B+
E16237,S0539,C040,SEM001,B+
E16238,S0760,C015,SEM006,A-
E16239,S0470,C092,SEM002,F
E16240,S0168,C008,SEM004,B-
E16241,S0595,C043,SEM002,B
E16242,S0952,C063,SEM004,B+
E16243,S0778,C007,SEM006,F
E16244,S0960,C069,SEM001,B+
E16245,S0531,C142,SEM007,D
E16246,S0417,C129,SEM008,F
E16247,S0346,C037,SEM003,B
E16248,S0008,C084,SEM007,A
E16249,S0354,C106,SEM005,A
E16250,S0184,C121,SEM007,B-
E16251,S0189,C125,SEM003,A
E16252,S0581,C099,SEM005,B
E16253,S0709,C088,SEM006,C-
E16254,S0810,C142,SEM003,B+
E16255,S0846,C076,SEM002,B
E16256,S0507,C119,SEM008,B-
E16257,S0238,C038,SEM004,A-
E16258,S0153,C024,SEM006,B+
E16259,S0962,C034,SEM007,B+
E16260,S0969,C091,SEM001,B+
E16261,S0368,C001,SEM003,B
E16262,S0750,C095,SEM007,A
E16263,S0815,C036,SEM003,B
E16264,S0022,C002,SEM003,B-
E16265,S0165,C056,SEM004,B
E16266,S0750,C120,SEM004,D
E16267,S0764,C084,SEM008,B+
E16268,S0336,C069,SEM008,C-
E16269,S0062,C076,SEM004,C-
E16270,S0145,C024,SEM002,B-
E16271,S0774,C099,SEM005,B+
E16272,S0049,C023,SEM006,B
E16273,S0239,C108,SEM001,A
E16274,S0391,C072,SEM003,A-
E16275,S0073,C023,SEM005,B-
E16276,S0978,C033,SEM006,C+
E16277,S0607,C106,SEM004,C-
E16278,S0424,C049,SEM007,D
E16279,S0536,C029,SEM002,A
E16280,S0892,C019,SEM005,B
E16281,S0752,C043,SEM007,C
E16282,S0234,C066,SEM005,D
E16283,S0655,C065,SEM003,C-
E16284,S0958,C061,SEM004,B
E16285,S0882,C139,SEM004,B
E16286,S0252,C141,SEM002,F
E16287,S0247,C124,SEM002,F
E16288,S0440,C001,SEM007,B
E16289,S0217,C094,SEM002,B
E16290,S0330,C010,SEM008,B+
E16291,S0172,C002,SEM008,C
E16292,S0059,C137,SEM005,C-
E16293,S0629,C117,SEM007,B
E16294,S0659,C041,SEM006,A-
E16295,S0621,C122,SEM006,B-
E16296,S0804,C101,SEM003,B-
E16297,S0976,C011,SEM007,B
E16298,S0381,C004,SEM002,F
E16299,S0224,C003,SEM001,A-
E16300,S0915,C106,SEM003,B+
E16301,S0083,C092,SEM006,A-
E16302,S0666,C078,SEM007,C-
E16303,S0843,C112,SEM001,B-
E16304,S0201,C023,SEM004,F
E16305,S0758,C019,SEM004,A
E16306,S0879,C002,SEM001,C
E16307,S0339,C049,SEM002,A-
E16308,S0056,C014,SEM001,B
E16309,S0297,C075,SEM005,B
E16310,S0716,C014,SEM008,A-
E16311,S0225,C053,SEM004,A
E16312,S0626,C026,SEM008,A
E16313,S0441,C031,SEM005,C+
E16314,S0678,C085,SEM002,B
E16315,S0800,C131,SEM003,B-
E16316,S0733,C061,SEM004,B-
E16317,S0028,C029,SEM002,A
E16318,S0576,C024,SEM002,A-
E16319,S0296,C032,SEM003,B+
E16320,S0470,C044,SEM004,B
E16321,S0726,C010,SEM001,A
E16322,S0754,C062,SEM007,A-
E16323,S0397,C022,SEM002,C+
E16324,S0452,C014,SEM002,C
E16325,S0316,C106,SEM004,C
E16326,S0101,C116,SEM005,B
E16327,S0097,C044,SEM006,B+
E16328,S0705,C107,SEM007,C+
E16329,S0778,C008,SEM004,C+
E16330,S0662,C060,SEM002,B
E16331,S0386,C004,SEM005,C+
E16332,S0232,C076,SEM001,A-
E16333,S0709,C102,SEM007,B+
E16334,S0836,C116,SEM003,A-
E16335,S0125,C096,SEM004,C+
E16336,S0412,C031,SEM008,A
E16337,S0383,C015,SEM003,A
E16338,S0364,C018,SEM006,B
E16339,S0014,C023,SEM001,B
E16340,S0048,C045,SEM001,B
E16341,S0378,C092,SEM002,B+
E16342,S0459,C113,SEM002,B
E16343,S0960,C017,SEM007,B+
E16344,S0336,C026,SEM007,C+
E16345,S0371,C033,SEM007,C
E16346,S0840,C071,SEM005,C
E16347,S0285,C044,SEM006,B+
E16348,S0732,C117,SEM004,B-
E16349,S0285,C046,SEM003,A-
E16350,S0684,C031,SEM004,B+
E16351,S0579,C008,SEM008,A-
E16352,S0153,C011,SEM005,C+
E16353,S0435,C025,SEM005,B-
E16354,S0636,C009,SEM003,D
E16355,S0553,C141,SEM008,C
E16356,S0680,C001,SEM005,C
E16357,S0727,C116,SEM006,A-
E16358,S0003,C007,SEM007,C-
E16359,S0347,C027,SEM008,C+
E16360,S0783,C014,SEM006,B+
E16361,S0890,C028,SEM005,A
E16362,S0058,C055,SEM007,B
E16363,S0784,C081,SEM001,B-
E16364,S0897,C050,SEM004,C-
E16365,S0750,C019,SEM004,B-
E16366,S0777,C080,SEM003,B-
E16367,S0170,C125,SEM003,B-
E16368,S0572,C100,SEM007,B-
E16369,S0132,C048,SEM002,B+
E16370,S0792,C048,SEM005,A-
E16371,S0671,C036,SEM007,A
E16372,S0754,C101,SEM004,C
E16373,S0633,C004,SEM003,C
E16374,S0791,C005,SEM003,A-
E16375,S0904,C062,SEM002,C+
E16376,S0885,C032,SEM003,B
E16377,S0832,C028,SEM008,B
E16378,S0560,C122,SEM006,B-
E16379,S0326,C028,SEM003,B
E16380,S0856,C047,SEM005,B-
E16381,S0715,C046,SEM005,C
E16382,S0479,C055,SEM005,B-
E16383,S0937,C020,SEM008,D
E16384,S0233,C074,SEM006,C-
E16385,S0931,C062,SEM007,B+
E16386,S0357,C052,SEM001,B
E16387,S0840,C018,SEM002,B+
E16388,S0201,C018,SEM004,C+
E16389,S0588,C012,SEM008,B
E16390,S0231,C008,SEM003,B
E16391,S0118,C022,SEM006,F
E16392,S0910,C005,SEM008,B-
E16393,S0792,C051,SEM006,A-
E16394,S0627,C068,SEM003,A-
E16395,S0912,C022,SEM006,C-
E16396,S0447,C094,SEM001,A-
E16397,S0178,C024,SEM005,B
E16398,S0472,C078,SEM002,B-
E16399,S0761,C149,SEM008,B
E16400,S0337,C042,SEM003,A
E16401,S0904,C041,SEM006,C-
E16402,S0470,C101,SEM004,C-
E16403,S0383,C091,SEM005,B-
E16404,S0317,C085,SEM006,A-
E16405,S0900,C043,SEM008,B+
E16406,S0686,C002,SEM007,B+
E16407,S0890,C111,SEM008,A
E16408,S0249,C068,SEM008,B-
E16409,S0675,C071,SEM005,C
E16410,S0290,C048,SEM005,C+
E16411,S0962,C024,SEM008,B-
E16412,S0827,C061,SEM006,C+
E16413,S0977,C033,SEM006,B-
E16414,S0903,C011,SEM004,A-
E16415,S0108,C019,SEM003,A
E16416,S0250,C007,SEM007,B-
E16417,S0060,C100,SEM002,C-
E16418,S0227,C012,SEM008,B+
E16419,S0309,C101,SEM003,A
E16420,S0063,C051,SEM004,C-
E16421,S0710,C037,SEM003,A-
E16422,S0405,C121,SEM007,B+
E16423,S0363,C006,SEM007,C+
E16424,S0493,C058,SEM002,C+
E16425,S0239,C123,SEM002,B+
E16426,S0797,C033,SEM008,C
E16427,S0233,C066,SEM005,A
E16428,S0324,C007,SEM003,B
E16429,S0784,C054,SEM003,B-
E16430,S0525,C038,SEM005,C
E16431,S0626,C015,SEM003,B-
E16432,S0296,C016,SEM008,B+
E16433,S0171,C075,SEM002,A
E16434,S0094,C020,SEM004,B+
E16435,S0772,C039,SEM003,B+
E16436,S0079,C118,SEM003,A
E16437,S0709,C019,SEM004,F
E16438,S0606,C136,SEM001,C+
E16439,S0940,C077,SEM004,B-
E16440,S0734,C007,SEM002,A
E16441,S0885,C003,SEM007,B+
E16442,S0503,C006,SEM008,B-
E16443,S0985,C039,SEM002,C
E16444,S0902,C061,SEM008,B
E16445,S0628,C084,SEM001,B
E16446,S0110,C028,SEM007,A-
E16447,S0848,C018,SEM004,C-
E16448,S0421,C130,SEM003,A
E16449,S0593,C074,SEM001,B
E16450,S0464,C143,SEM002,B+
E16451,S0452,C070,SEM007,A-
E16452,S0309,C055,SEM008,B+
E16453,S0795,C012,SEM008,C
E16454,S0278,C030,SEM006,C+
E16455,S0763,C007,SEM005,F
E16456,S0339,C085,SEM002,B
E16457,S0859,C083,SEM005,B
E16458,S0798,C015,SEM004,B-
E16459,S0797,C006,SEM008,B+
E16460,S0001,C099,SEM008,B+
E16461,S0638,C062,SEM004,B
E16462,S0581,C018,SEM006,B-
E16463,S0240,C042,SEM002,A-
E16464,S0365,C036,SEM008,C
E16465,S0722,C127,SEM003,A-
E16466,S0065,C046,SEM002,B
E16467,S0073,C009,SEM005,B
E16468,S0369,C088,SEM005,F
E16469,S0559,C020,SEM006,C+
E16470,S0252,C063,SEM004,B+
E16471,S0047,C039,SEM006,B-
E16472,S0119,C006,SEM003,C+
E16473,S0848,C132,SEM003,B
E16474,S0094,C027,SEM005,A-
E16475,S0351,C005,SEM008,C+
E16476,S0118,C063,SEM008,A-
E16477,S0456,C050,SEM006,A-
E16478,S0339,C054,SEM006,B+
E16479,S0891,C029,SEM008,B
E16480,S0395,C088,SEM003,B
E16481,S0512,C105,SEM005,A-
E16482,S0302,C083,SEM002,A-
E16483,S0659,C028,SEM001,B+
E16484,S0477,C048,SEM002,C+
E16485,S0230,C072,SEM001,B
E16486,S0829,C141,SEM001,B
E16487,S0504,C051,SEM002,B
E16488,S0367,C054,SEM008,B+
E16489,S0687,C073,SEM004,C
E16490,S0322,C087,SEM002,B-
E16491,S0356,C097,SEM007,B
E16492,S0731,C042,SEM006,B-
E16493,S0630,C130,SEM002,C-
E16494,S0222,C047,SEM007,B
E16495,S0426,C016,SEM001,C-
E16496,S0802,C082,SEM007,C+
E16497,S0770,C084,SEM003,D
E16498,S0361,C011,SEM003,B
E16499,S0237,C048,SEM007,B-
E16500,S0259,C010,SEM004,B
E16501,S0852,C066,SEM005,C+
E16502,S0562,C072,SEM005,A
E16503,S0599,C057,SEM001,B-
E16504,S0877,C091,SEM001,C
E16505,S0938,C065,SEM002,B+
E16506,S0915,C003,SEM004,A
E16507,S0748,C014,SEM007,C+
E16508,S0441,C124,SEM006,C-
E16509,S0549,C069,SEM001,C
E16510,S0329,C116,SEM001,B+
E16511,S0236,C036,SEM005,B+
E16512,S0951,C040,SEM001,A
E16513,S0322,C122,SEM007,B
E16514,S0857,C063,SEM004,A
E16515,S0975,C077,SEM005,B+
E16516,S0002,C014,SEM007,B-
E16517,S0022,C054,SEM001,F
E16518,S0600,C074,SEM001,C
E16519,S0716,C033,SEM007,F
E16520,S0263,C039,SEM008,B+
E16521,S0977,C067,SEM002,C
E16522,S0745,C066,SEM007,A-
E16523,S0983,C006,SEM002,B+
E16524,S0393,C023,SEM006,C
E16525,S0058,C006,SEM008,B+
E16526,S0055,C025,SEM007,B-
E16527,S0968,C069,SEM004,C-
E16528,S0558,C123,SEM004,B
E16529,S0199,C028,SEM008,B
E16530,S0024,C046,SEM003,C+
E16531,S0138,C074,SEM008,B+
E16532,S0712,C011,SEM008,B+
E16533,S0223,C030,SEM005,D
E16534,S0345,C089,SEM002,B
E16535,S0500,C045,SEM004,B+
E16536,S0277,C055,SEM005,B-
E16537,S0746,C095,SEM005,B-
E16538,S0301,C002,SEM006,B-
E16539,S0278,C072,SEM007,C
E16540,S0597,C103,SEM008,C+
E16541,S0542,C147,SEM001,B-
E16542,S0219,C009,SEM007,B+
E16543,S0488,C059,SEM006,B
E16544,S0943,C005,SEM001,B
E16545,S0983,C065,SEM002,A-
E16546,S0957,C045,SEM001,C-
E16547,S0218,C032,SEM004,A
E16548,S0639,C122,SEM007,C+
E16549,S0483,C038,SEM004,B-
E16550,S0494,C095,SEM001,B
E16551,S0474,C055,SEM006,B-
E16552,S0155,C027,SEM008,B
E16553,S0171,C118,SEM004,B
E16554,S0552,C010,SEM002,B-
E16555,S0928,C026,SEM007,B-
E16556,S0499,C122,SEM008,D
E16557,S0623,C041,SEM003,B
E16558,S0071,C126,SEM001,D
E16559,S0687,C080,SEM001,A-
E16560,S0363,C042,SEM006,C+
E16561,S0971,C036,SEM001,A
E16562,S0513,C100,SEM007,B+
E16563,S0222,C080,SEM007,F
E16564,S0679,C012,SEM003,B+
E16565,S0284,C007,SEM003,B-
E16566,S0498,C115,SEM007,B-
E16567,S0450,C006,SEM006,B-
E16568,S0167,C047,SEM007,A-
E16569,S0259,C001,SEM003,B
E16570,S0773,C080,SEM001,C+
E16571,S0591,C099,SEM006,C
E16572,S0964,C082,SEM003,C
E16573,S0725,C045,SEM001,B-
E16574,S0815,C081,SEM001,C+
E16575,S0345,C021,SEM001,C
E16576,S0044,C065,SEM007,D
E16577,S0722,C016,SEM004,C+
E16578,S0472,C036,SEM002,B
E16579,S0638,C032,SEM001,B
E16580,S0054,C025,SEM002,B+
E16581,S0468,C055,SEM008,B
E16582,S0457,C099,SEM006,C
E16583,S0849,C058,SEM001,B-
E16584,S0124,C119,SEM003,A-
E16585,S0327,C064,SEM006,A
E16586,S0934,C041,SEM002,B+
E16587,S0244,C132,SEM005,B+
E16588,S0869,C030,SEM001,B
E16589,S0836,C091,SEM003,C-
E16590,S0003,C017,SEM008,A
E16591,S0329,C043,SEM003,B-
E16592,S0274,C049,SEM002,B
E16593,S0606,C047,SEM002,B
E16594,S0042,C116,SEM005,B
E16595,S0837,C011,SEM008,A-
E16596,S0146,C128,SEM003,B+
E16597,S0595,C020,SEM002,B
E16598,S0195,C044,SEM002,B
E16599,S0140,C036,SEM007,B-
E16600,S0090,C028,SEM007,A
E16601,S0786,C083,SEM001,A-
E16602,S0244,C100,SEM006,F
E16603,S0540,C020,SEM007,A-
E16604,S0573,C072,SEM008,F
E16605,S0383,C082,SEM005,C
E16606,S0206,C088,SEM006,A
E16607,S0777,C036,SEM007,B-
E16608,S0570,C034,SEM007,A-
E16609,S0287,C121,SEM006,A-
E16610,S0940,C063,SEM006,B+
E16611,S0491,C062,SEM008,B-
E16612,S0371,C003,SEM004,A-
E16613,S0696,C064,SEM008,F
E16614,S0912,C028,SEM006,B-
E16615,S0425,C030,SEM007,B
E16616,S0179,C054,SEM004,A-
E16617,S0014,C026,SEM004,B+
E16618,S0054,C020,SEM003,B
E16619,S0508,C064,SEM001,C+
E16620,S0131,C008,SEM001,A
E16621,S0839,C094,SEM004,C+
E16622,S0046,C112,SEM001,B
E16623,S0490,C131,SEM003,B-
E16624,S0389,C094,SEM006,B-
E16625,S0411,C141,SEM007,A
E16626,S0242,C132,SEM008,C+
E16627,S0709,C011,SEM005,B
E16628,S0777,C043,SEM003,A
E16629,S0862,C038,SEM003,C+
E16630,S0960,C022,SEM002,C+
E16631,S0205,C145,SEM006,A-
E16632,S0124,C036,SEM003,A
E16633,S0608,C046,SEM004,B
E16634,S0129,C113,SEM001,A-
E16635,S0561,C078,SEM004,B
E16636,S0082,C067,SEM007,C+
E16637,S0458,C053,SEM002,C
E16638,S0354,C102,SEM008,D
E16639,S0442,C006,SEM003,B-
E16640,S0325,C116,SEM008,B
E16641,S0678,C026,SEM003,B
E16642,S0979,C048,SEM007,A
E16643,S0626,C076,SEM002,B
E16644,S0762,C102,SEM001,C
E16645,S0625,C045,SEM004,C+
E16646,S0374,C011,SEM006,A
E16647,S0509,C079,SEM003,C
E16648,S0670,C060,SEM007,B-
E16649,S0536,C056,SEM004,B+
E16650,S0959,C040,SEM007,B+
E16651,S0287,C036,SEM007,B
E16652,S0551,C042,SEM007,B
E16653,S0418,C093,SEM003,A-
E16654,S0070,C116,SEM008,B+
E16655,S0997,C024,SEM002,B+
E16656,S0009,C120,SEM001,B-
E16657,S0451,C016,SEM004,B+
E16658,S0109,C051,SEM008,B-
E16659,S0998,C045,SEM003,C+
E16660,S0206,C038,SEM001,A-
E16661,S0026,C035,SEM001,B
E16662,S0698,C068,SEM005,B
E16663,S0840,C034,SEM007,A
E16664,S0867,C137,SEM003,B
E16665,S0786,C012,SEM006,C
E16666,S0829,C004,SEM004,C-
E16667,S0790,C031,SEM006,A-
E16668,S0631,C120,SEM006,B
E16669,S0728,C111,SEM004,C
E16670,S0689,C016,SEM006,A-
E16671,S0891,C025,SEM002,B+
E16672,S0877,C019,SEM008,B
E16673,S0694,C044,SEM002,B+
E16674,S0200,C021,SEM001,B
E16675,S0771,C028,SEM002,B+
E16676,S0043,C015,SEM002,B+
E16677,S0935,C018,SEM001,F
E16678,S0758,C043,SEM006,B-
E16679,S0321,C053,SEM001,C-
E16680,S0735,C075,SEM001,C+
E16681,S0014,C063,SEM006,B
E16682,S0355,C105,SEM006,A-
E16683,S0248,C149,SEM008,F
E16684,S0934,C010,SEM003,A-
E16685,S0849,C080,SEM002,B+
E16686,S0418,C001,SEM002,B+
E16687,S0395,C010,SEM005,A-
E16688,S0260,C045,SEM007,C
E16689,S0266,C104,SEM004,B
E16690,S0960,C027,SEM005,B+
E16691,S0948,C042,SEM007,C+
E16692,S0809,C021,SEM008,D
E16693,S0060,C137,SEM001,B+
E16694,S0518,C049,SEM003,B
E16695,S0602,C074,SEM006,C
E16696,S0296,C067,SEM006,C-
E16697,S0105,C071,SEM006,B
E16698,S0136,C136,SEM008,B-
E16699,S0930,C012,SEM004,A-
E16700,S0256,C008,SEM002,B+
E16701,S0286,C088,SEM001,C
E16702,S0234,C129,SEM004,C+
E16703,S0408,C109,SEM003,B
E16704,S0883,C008,SEM008,B+
E16705,S0894,C094,SEM005,C+
E16706,S0619,C059,SEM004,C-
E16707,S0179,C044,SEM006,A-
E16708,S0291,C110,SEM003,B
E16709,S0919,C101,SEM006,C+
E16710,S0768,C050,SEM001,B+
E16711,S0770,C022,SEM007,B
E16712,S0630,C010,SEM007,B-
E16713,S0694,C007,SEM003,B-
E16714,S0969,C076,SEM005,C+
E16715,S0806,C076,SEM003,B
E16716,S0630,C100,SEM003,B+
E16717,S0475,C102,SEM005,D
E16718,S0244,C070,SEM003,B+
E16719,S0432,C031,SEM002,B
E16720,S0028,C041,SEM007,A-
E16721,S0068,C064,SEM004,B
E16722,S0346,C026,SEM008,A
E16723,S0320,C047,SEM003,B
E16724,S0338,C018,SEM002,B
E16725,S0136,C025,SEM001,A
E16726,S0698,C031,SEM006,B
E16727,S0995,C038,SEM003,B
E16728,S0592,C080,SEM005,B
E16729,S0191,C012,SEM004,B
E16730,S0488,C066,SEM008,B
E16731,S0634,C002,SEM007,B
E16732,S0599,C070,SEM005,A
E16733,S0194,C043,SEM006,D
E16734,S0822,C004,SEM003,C-
E16735,S0617,C103,SEM007,B-
E16736,S0504,C033,SEM004,D
E16737,S0225,C105,SEM008,C+
E16738,S0416,C011,SEM007,B
E16739,S0210,C123,SEM003,C+
E16740,S0574,C111,SEM001,B+
E16741,S0642,C050,SEM002,B-
E16742,S0720,C075,SEM002,B+
E16743,S0576,C084,SEM005,B
E16744,S0049,C041,SEM001,B-
E16745,S0795,C038,SEM005,F
E16746,S0057,C049,SEM002,C+
E16747,S0852,C082,SEM004,B+
E16748,S0825,C025,SEM004,B+
E16749,S0704,C050,SEM008,C+
E16750,S0470,C065,SEM005,B
E16751,S0607,C091,SEM006,B+
E16752,S0093,C044,SEM003,B
E16753,S0152,C063,SEM007,B-
E16754,S0340,C054,SEM003,B
E16755,S0516,C079,SEM007,D
E16756,S0234,C002,SEM001,B
E16757,S0291,C045,SEM007,B-
E16758,S0185,C110,SEM007,A-
E16759,S0932,C046,SEM007,C-
E16760,S0775,C005,SEM001,B+
E16761,S0651,C065,SEM002,C+
E16762,S0492,C096,SEM006,D
E16763,S0941,C017,SEM008,B
E16764,S0509,C038,SEM005,B
E16765,S0244,C027,SEM008,B+
E16766,S0016,C022,SEM003,B-
E16767,S0709,C026,SEM008,B-
E16768,S0091,C069,SEM005,B+
E16769,S0433,C018,SEM004,B
E16770,S0836,C135,SEM005,D
E16771,S0001,C025,SEM001,C
E16772,S0231,C041,SEM003,B
E16773,S0094,C012,SEM002,B
E16774,S0682,C030,SEM006,D
E16775,S0470,C049,SEM006,F
E16776,S0178,C079,SEM001,B-
E16777,S0246,C096,SEM003,D
E16778,S0676,C087,SEM002,C+
E16779,S0943,C064,SEM004,B
E16780,S0548,C104,SEM007,C+
E16781,S0151,C117,SEM006,C
E16782,S0741,C084,SEM007,B+
E16783,S0685,C010,SEM008,C-
E16784,S0536,C039,SEM001,B-
E16785,S0142,C115,SEM002,B
E16786,S0730,C045,SEM003,B
E16787,S0072,C014,SEM006,A
E16788,S0556,C005,SEM004,C+
E16789,S0799,C034,SEM002,F
E16790,S0928,C107,SEM002,F
E16791,S0841,C071,SEM002,B
E16792,S0212,C106,SEM003,A
E16793,S0578,C079,SEM007,B+
E16794,S0290,C075,SEM002,B+
E16795,S0970,C013,SEM004,B-
E16796,S0718,C123,SEM001,A
E16797,S0894,C002,SEM008,C
E16798,S0572,C061,SEM004,B
E16799,S0900,C012,SEM008,C+
E16800,S0270,C098,SEM001,B
E16801,S0304,C096,SEM006,B
E16802,S0430,C071,SEM002,A
E16803,S0386,C051,SEM003,C+
E16804,S0047,C042,SEM004,C+
E16805,S0375,C029,SEM002,B
E16806,S0076,C028,SEM005,B
E16807,S0299,C014,SEM004,B+
E16808,S0017,C086,SEM005,A
E16809,S0116,C030,SEM001,B
E16810,S0208,C044,SEM001,A-
E16811,S0433,C011,SEM003,B+
E16812,S0937,C006,SEM007,B
E16813,S0253,C019,SEM001,C+
E16814,S0464,C047,SEM006,B+
E16815,S0943,C081,SEM003,A
E16816,S0309,C024,SEM006,C
E16817,S0156,C092,SEM001,B+
E16818,S0248,C078,SEM008,B+
E16819,S0835,C059,SEM008,B+
E16820,S0908,C004,SEM008,B+
E16821,S0050,C030,SEM008,C+
E16822,S0844,C051,SEM004,B
E16823,S0426,C004,SEM005,A
E16824,S0848,C016,SEM005,B+
E16825,S0652,C031,SEM004,B
E16826,S0121,C030,SEM005,B+
E16827,S0674,C109,SEM008,A
E16828,S0071,C098,SEM001,B+
E16829,S0468,C085,SEM007,D
E16830,S0565,C059,SEM008,A-
E16831,S0555,C071,SEM008,B
E16832,S0888,C080,SEM005,B
E16833,S0416,C044,SEM002,B+
E16834,S0508,C022,SEM004,B
E16835,S0525,C014,SEM006,B+
E16836,S0949,C067,SEM002,B
E16837,S0581,C006,SEM007,C+
E16838,S0899,C105,SEM008,B
E16839,S0921,C123,SEM006,C
E16840,S0449,C099,SEM003,B+
E16841,S0665,C008,SEM006,B
E16842,S0899,C061,SEM008,B-
E16843,S0817,C059,SEM006,B
E16844,S0447,C013,SEM004,A
E16845,S0994,C004,SEM005,B
E16846,S0964,C080,SEM008,A-
E16847,S0092,C062,SEM008,C
E16848,S0488,C041,SEM004,F
E16849,S0441,C004,SEM008,C
E16850,S0907,C091,SEM005,C
E16851,S0660,C109,SEM001,C
E16852,S0501,C035,SEM007,B+
E16853,S0528,C045,SEM004,B
E16854,S0253,C087,SEM007,C+
E16855,S0389,C133,SEM002,B
E16856,S0919,C055,SEM002,B-
E16857,S0867,C028,SEM002,B
E16858,S0450,C045,SEM004,B
E16859,S0232,C032,SEM004,A
E16860,S0785,C003,SEM001,C+
E16861,S0824,C014,SEM007,D
E16862,S0915,C051,SEM005,B
E16863,S0802,C078,SEM003,B+
E16864,S0598,C056,SEM005,C+
E16865,S0341,C067,SEM008,B+
E16866,S0735,C106,SEM002,B
E16867,S0173,C135,SEM005,A-
E16868,S0097,C051,SEM001,A-
E16869,S0508,C042,SEM002,A
E16870,S0375,C024,SEM007,B+
E16871,S0833,C103,SEM007,C+
E16872,S0375,C049,SEM002,D
E16873,S0182,C079,SEM002,F
E16874,S0537,C047,SEM003,B+
E16875,S0840,C094,SEM006,C+
E16876,S0745,C053,SEM008,B
E16877,S0516,C031,SEM002,B+
E16878,S0145,C014,SEM006,B
E16879,S0315,C002,SEM008,B+
E16880,S0103,C007,SEM004,C+
E16881,S0313,C027,SEM002,C-
E16882,S0483,C081,SEM003,A
E16883,S0819,C069,SEM002,B+
E16884,S0013,C045,SEM008,A-
E16885,S0703,C009,SEM007,B+
E16886,S0559,C036,SEM005,A
E16887,S0192,C027,SEM001,A
E16888,S0750,C027,SEM002,C+
E16889,S0763,C052,SEM005,B+
E16890,S0283,C104,SEM007,A-
E16891,S0943,C049,SEM006,B
E16892,S0665,C058,SEM001,B
E16893,S0788,C011,SEM003,C-
E16894,S0334,C025,SEM001,A
E16895,S0157,C043,SEM003,B
E16896,S0452,C126,SEM002,B-
E16897,S0644,C078,SEM008,C+
E16898,S0594,C043,SEM002,B
E16899,S0236,C043,SEM001,B
E16900,S0479,C072,SEM007,C-
E16901,S0345,C085,SEM005,F
E16902,S0358,C010,SEM007,A
E16903,S0213,C024,SEM002,A
E16904,S0864,C127,SEM008,A
E16905,S0692,C045,SEM003,B-
E16906,S0635,C001,SEM004,B
E16907,S0229,C035,SEM007,B
E16908,S0376,C051,SEM008,A
E16909,S0474,C117,SEM003,A
E16910,S0477,C051,SEM008,B
E16911,S0917,C097,SEM003,B-
E16912,S0075,C076,SEM006,C
E16913,S0944,C032,SEM002,C+
E16914,S0876,C034,SEM007,C-
E16915,S0981,C034,SEM004,B-
E16916,S0822,C006,SEM006,B+
E16917,S0884,C044,SEM007,B+
E16918,S0751,C097,SEM005,C-
E16919,S0659,C085,SEM007,B+
E16920,S0419,C077,SEM006,A
E16921,S0125,C026,SEM002,C+
E16922,S0664,C058,SEM002,B+
E16923,S0167,C034,SEM005,C+
E16924,S0086,C063,SEM007,C
E16925,S0827,C091,SEM006,D
E16926,S0449,C057,SEM003,B
E16927,S0652,C003,SEM005,A-
E16928,S0363,C034,SEM008,A
E16929,S0691,C078,SEM004,B+
E16930,S0114,C051,SEM006,B
E16931,S0990,C044,SEM004,B-
E16932,S0498,C068,SEM007,C-
E16933,S0881,C070,SEM002,A
E16934,S0537,C005,SEM004,B-
E16935,S0020,C053,SEM003,B+
E16936,S0699,C066,SEM008,C+
E16937,S0159,C130,SEM007,C+
E16938,S0893,C062,SEM008,C-
E16939,S0918,C013,SEM001,B+
E16940,S0727,C102,SEM004,B
E16941,S0242,C006,SEM006,C
E16942,S0829,C029,SEM008,B
E16943,S0851,C028,SEM003,C
E16944,S0276,C011,SEM008,A-
E16945,S0862,C108,SEM007,B-
E16946,S0079,C068,SEM002,B-
E16947,S0767,C064,SEM006,B+
E16948,S0165,C111,SEM002,D
E16949,S0954,C078,SEM006,B+
E16950,S0987,C070,SEM003,B+
E16951,S0013,C052,SEM006,A-
E16952,S0569,C089,SEM001,B-
E16953,S0737,C062,SEM003,B
E16954,S0629,C105,SEM008,B+
E16955,S0894,C015,SEM001,C+
E16956,S0935,C014,SEM004,A
E16957,S0511,C047,SEM005,C+
E16958,S0084,C066,SEM008,B-
E16959,S0313,C010,SEM001,A
E16960,S0787,C036,SEM004,B
E16961,S0270,C061,SEM003,B+
E16962,S0762,C115,SEM002,B
E16963,S0291,C063,SEM007,A-
E16964,S0632,C048,SEM001,A
E16965,S0691,C085,SEM002,B
E16966,S0827,C051,SEM005,D
E16967,S0435,C054,SEM005,B-
E16968,S0923,C038,SEM001,B-
E16969,S0548,C084,SEM001,C+
E16970,S0192,C033,SEM005,C
E16971,S0927,C018,SEM005,B
E16972,S0144,C025,SEM006,A-
E16973,S0541,C100,SEM006,A-
E16974,S0411,C017,SEM006,A
E16975,S0559,C023,SEM002,B-
E16976,S0549,C114,SEM002,C-
E16977,S0791,C005,SEM006,A
E16978,S0931,C111,SEM003,F
E16979,S0137,C085,SEM008,C+
E16980,S0991,C088,SEM006,A-
E16981,S0761,C011,SEM006,B-
E16982,S0707,C111,SEM004,C+
E16983,S0650,C057,SEM002,B-
E16984,S0506,C014,SEM007,B-
E16985,S0499,C010,SEM008,A
E16986,S0118,C036,SEM002,C
E16987,S0709,C009,SEM008,A-
E16988,S0654,C114,SEM001,B+
E16989,S0194,C033,SEM003,B+
E16990,S0983,C001,SEM007,F
E16991,S0658,C002,SEM006,B
E16992,S0480,C006,SEM003,B-
E16993,S0797,C016,SEM004,C+
E16994,S0806,C035,SEM007,C
E16995,S0907,C049,SEM007,B-
E16996,S0869,C025,SEM002,B+
E16997,S0334,C022,SEM004,A-
E16998,S0932,C094,SEM007,C
E16999,S0053,C028,SEM002,B
E17000,S0832,C094,SEM004,B+
E17001,S0490,C134,SEM006,B-
E17002,S0789,C123,SEM003,C
E17003,S0164,C026,SEM006,B
E17004,S0268,C051,SEM008,B-
E17005,S0912,C015,SEM008,A
E17006,S0092,C023,SEM008,B+
E17007,S0777,C113,SEM007,B+
E17008,S0573,C052,SEM001,A-
E17009,S0032,C043,SEM006,B
E17010,S0716,C097,SEM007,C-
E17011,S0823,C030,SEM006,C-
E17012,S0931,C069,SEM003,B+
E17013,S0140,C051,SEM008,B-
E17014,S0368,C086,SEM007,B+
E17015,S0051,C017,SEM001,C-
E17016,S0698,C031,SEM004,B
E17017,S0406,C007,SEM002,C+
E17018,S0519,C061,SEM001,B-
E17019,S0960,C118,SEM006,D
E17020,S0502,C085,SEM002,C+
E17021,S0721,C010,SEM003,F
E17022,S0985,C030,SEM004,C
E17023,S0594,C016,SEM006,B+
E17024,S0749,C025,SEM001,C
E17025,S0759,C059,SEM006,F
E17026,S0975,C023,SEM001,B-
E17027,S0466,C127,SEM007,B
E17028,S0979,C068,SEM002,B+
E17029,S0908,C045,SEM003,B
E17030,S0955,C073,SEM005,C
E17031,S0147,C118,SEM004,B
E17032,S0224,C135,SEM006,B-
E17033,S0903,C014,SEM002,C+
E17034,S0472,C109,SEM002,B
E17035,S0688,C049,SEM008,B
E17036,S0670,C006,SEM007,A-
E17037,S0583,C029,SEM007,B
E17038,S0321,C073,SEM004,C+
E17039,S0832,C001,SEM006,A-
E17040,S0336,C122,SEM001,B
E17041,S0993,C147,SEM003,B
E17042,S0552,C004,SEM004,B+
E17043,S0471,C004,SEM008,C
E17044,S0831,C135,SEM004,C
E17045,S0780,C085,SEM003,A
E17046,S0151,C067,SEM007,A
E17047,S0307,C119,SEM004,A-
E17048,S0241,C076,SEM001,B+
E17049,S0837,C032,SEM008,B+
E17050,S0315,C008,SEM004,C
E17051,S0016,C007,SEM004,B+
E17052,S0167,C004,SEM003,A
E17053,S0216,C084,SEM001,B+
E17054,S0611,C149,SEM001,B
E17055,S0914,C025,SEM001,B+
E17056,S0162,C009,SEM004,D
E17057,S0796,C024,SEM007,C-
E17058,S0025,C002,SEM001,C
E17059,S0754,C108,SEM003,B-
E17060,S0233,C072,SEM004,A-
E17061,S0979,C001,SEM004,B+
E17062,S0014,C085,SEM002,B+
E17063,S0291,C109,SEM002,A
E17064,S0740,C047,SEM002,D
E17065,S0360,C011,SEM008,B+
E17066,S0019,C080,SEM002,A-
E17067,S0909,C062,SEM005,C+
E17068,S0255,C092,SEM003,C+
E17069,S0669,C004,SEM003,C
E17070,S0543,C043,SEM002,B-
E17071,S0787,C012,SEM002,B
E17072,S0702,C054,SEM001,B
E17073,S0021,C118,SEM002,C+
E17074,S0690,C044,SEM004,C-
E17075,S0343,C028,SEM008,B
E17076,S0006,C008,SEM001,C
E17077,S0032,C091,SEM002,B
E17078,S0440,C040,SEM001,C
E17079,S0343,C049,SEM008,A-
E17080,S0928,C062,SEM001,B
E17081,S0380,C058,SEM008,C+
E17082,S0887,C062,SEM005,A
E17083,S0681,C020,SEM008,C
E17084,S0291,C097,SEM001,B
E17085,S0178,C023,SEM008,B+
E17086,S0596,C006,SEM005,B
E17087,S0036,C126,SEM002,A-
E17088,S0575,C022,SEM001,C+
E17089,S0119,C112,SEM007,F
E17090,S0045,C072,SEM006,B-
E17091,S0706,C020,SEM002,B-
E17092,S0286,C001,SEM008,A-
E17093,S0354,C146,SEM008,C
E17094,S0576,C010,SEM008,B+
E17095,S0332,C045,SEM001,B
E17096,S0281,C110,SEM001,C-
E17097,S0625,C108,SEM003,A-
E17098,S0345,C003,SEM003,C-
E17099,S0526,C013,SEM003,C+
E17100,S0288,C019,SEM006,C-
E17101,S0630,C091,SEM007,B
E17102,S0802,C105,SEM008,F
E17103,S0793,C034,SEM007,C-
E17104,S0127,C014,SEM007,B
E17105,S0602,C026,SEM006,C+
E17106,S0470,C101,SEM003,C+
E17107,S0946,C067,SEM003,B
E17108,S0409,C036,SEM001,C
E17109,S0905,C033,SEM002,F
E17110,S0044,C033,SEM007,B+
E17111,S0121,C005,SEM008,B-
E17112,S0895,C110,SEM008,B
E17113,S0868,C022,SEM003,B+
E17114,S0128,C007,SEM004,A
E17115,S0472,C015,SEM006,A-
E17116,S0152,C045,SEM007,C+
E17117,S0098,C010,SEM007,B
E17118,S0728,C032,SEM002,B
E17119,S0481,C005,SEM003,C-
E17120,S0911,C038,SEM006,B+
E17121,S0625,C007,SEM004,A
E17122,S0805,C055,SEM006,B+
E17123,S0845,C052,SEM001,A-
E17124,S0951,C096,SEM001,C
E17125,S0607,C062,SEM008,B-
E17126,S0597,C038,SEM007,B+
E17127,S0752,C064,SEM003,A
E17128,S0554,C051,SEM007,C-
E17129,S0729,C055,SEM003,B
E17130,S0972,C064,SEM006,A-
E17131,S0380,C031,SEM007,B
E17132,S0330,C079,SEM003,B-
E17133,S0088,C108,SEM007,B
E17134,S0840,C013,SEM006,B-
E17135,S0044,C079,SEM001,B-
E17136,S0004,C014,SEM007,C-
E17137,S0657,C112,SEM001,B+
E17138,S0745,C053,SEM007,F
E17139,S0646,C068,SEM006,B+
E17140,S0102,C069,SEM005,C-
E17141,S0626,C142,SEM003,B+
E17142,S0913,C066,SEM003,B-
E17143,S0325,C078,SEM006,B+
E17144,S0618,C047,SEM005,B
E17145,S0925,C015,SEM006,C
E17146,S0091,C010,SEM005,B-
E17147,S0395,C084,SEM008,B+
E17148,S0023,C089,SEM008,B
E17149,S0371,C021,SEM004,C+
E17150,S0128,C034,SEM001,B-
E17151,S0815,C037,SEM008,C
E17152,S0302,C106,SEM005,B
E17153,S0475,C087,SEM003,C
E17154,S0205,C111,SEM003,B
E17155,S0018,C035,SEM002,B-
E17156,S0916,C092,SEM007,A-
E17157,S0170,C007,SEM002,A
E17158,S0442,C002,SEM006,B
E17159,S0405,C075,SEM004,C+
E17160,S0327,C008,SEM003,B-
E17161,S0949,C018,SEM001,A-
E17162,S0679,C010,SEM007,B
E17163,S0786,C099,SEM002,A-
E17164,S0362,C036,SEM001,B-
E17165,S0059,C055,SEM005,A
E17166,S0857,C002,SEM008,B-
E17167,S0791,C032,SEM003,B
E17168,S0608,C046,SEM007,B
E17169,S0922,C032,SEM002,F
E17170,S0271,C018,SEM008,B
E17171,S0949,C003,SEM001,A-
E17172,S0036,C028,SEM006,F
E17173,S0619,C029,SEM007,C
E17174,S0441,C073,SEM005,B-
E17175,S0150,C051,SEM006,B+
E17176,S0192,C100,SEM002,C
E17177,S0137,C050,SEM006,B+
E17178,S0470,C089,SEM008,A
E17179,S0895,C011,SEM003,A
E17180,S0373,C113,SEM008,A
E17181,S0788,C005,SEM003,B-
E17182,S0301,C033,SEM005,A-
E17183,S0585,C025,SEM006,B
E17184,S0909,C080,SEM005,B+
E17185,S0094,C041,SEM003,A
E17186,S0278,C051,SEM007,B
E17187,S0451,C025,SEM003,B+
E17188,S0239,C031,SEM001,B
E17189,S0716,C134,SEM008,C
E17190,S0378,C019,SEM001,B+
E17191,S0827,C019,SEM001,B+
E17192,S0958,C005,SEM002,B-
E17193,S0941,C072,SEM008,B-
E17194,S0204,C085,SEM003,C+
E17195,S0111,C089,SEM005,B+
E17196,S0956,C019,SEM004,F
E17197,S0743,C003,SEM008,B+
E17198,S0088,C068,SEM001,C
E17199,S0371,C106,SEM001,F
E17200,S0295,C091,SEM003,C-
E17201,S0456,C035,SEM002,A-
E17202,S0696,C016,SEM006,C
E17203,S0331,C080,SEM006,F
E17204,S0952,C030,SEM001,B
E17205,S0211,C010,SEM004,C-
E17206,S0061,C019,SEM006,C
E17207,S0550,C118,SEM001,B+
E17208,S0532,C047,SEM004,C
E17209,S0972,C028,SEM006,B
E17210,S0664,C016,SEM008,B
E17211,S0820,C043,SEM004,C-
E17212,S0440,C031,SEM002,C+
E17213,S0799,C072,SEM004,B-
E17214,S0702,C018,SEM004,C+
E17215,S0739,C111,SEM003,A-
E17216,S0237,C072,SEM003,B
E17217,S0551,C028,SEM002,B
E17218,S0414,C005,SEM003,C+
E17219,S0743,C005,SEM008,B-
E17220,S0951,C080,SEM004,A
E17221,S0842,C007,SEM001,F
E17222,S0666,C045,SEM001,C+
E17223,S0672,C039,SEM004,B+
E17224,S0492,C113,SEM007,A-
E17225,S0945,C044,SEM006,A
E17226,S0327,C025,SEM008,B
E17227,S0308,C140,SEM006,A-
E17228,S0111,C034,SEM004,B-
E17229,S0179,C017,SEM006,B+
E17230,S0795,C019,SEM002,A-
E17231,S0447,C023,SEM004,B+
E17232,S0314,C001,SEM007,C-
E17233,S0073,C021,SEM001,B
E17234,S0712,C095,SEM008,B
E17235,S0734,C052,SEM004,D
E17236,S0785,C083,SEM007,B+
E17237,S0632,C008,SEM005,C
E17238,S0600,C109,SEM006,B+
E17239,S0452,C038,SEM007,B
E17240,S0505,C044,SEM004,D
E17241,S0007,C036,SEM002,D
E17242,S0998,C035,SEM006,B-
E17243,S0698,C013,SEM002,B+
E17244,S0037,C017,SEM003,A-
E17245,S0169,C096,SEM006,A-
E17246,S0196,C023,SEM008,C+
E17247,S0712,C017,SEM006,D
E17248,S0111,C111,SEM003,B
E17249,S0611,C064,SEM006,B-
E17250,S0236,C042,SEM007,D
E17251,S0357,C103,SEM001,F
E17252,S0707,C098,SEM008,A-
E17253,S0505,C028,SEM004,A-
E17254,S0954,C064,SEM002,C-
E17255,S0417,C099,SEM002,A
E17256,S0942,C047,SEM003,B
E17257,S0072,C049,SEM008,A-
E17258,S0670,C037,SEM008,B+
E17259,S0498,C015,SEM003,D
E17260,S0533,C023,SEM004,A-
E17261,S0508,C045,SEM004,A
E17262,S0303,C002,SEM004,C+
E17263,S0652,C026,SEM001,C+
E17264,S0244,C098,SEM007,B+
E17265,S0353,C003,SEM003,B+
E17266,S0301,C012,SEM001,A-
E17267,S0526,C007,SEM002,C
E17268,S0675,C048,SEM008,B-
E17269,S0961,C095,SEM002,B+
E17270,S0677,C011,SEM006,B
E17271,S0879,C046,SEM004,C+
E17272,S0611,C028,SEM003,C+
E17273,S0552,C086,SEM005,C+
E17274,S0104,C082,SEM005,C
E17275,S0137,C051,SEM003,B+
E17276,S0008,C068,SEM001,B-
E17277,S0138,C074,SEM007,B+
E17278,S0522,C001,SEM001,B
E17279,S0055,C027,SEM008,B
E17280,S0173,C002,SEM008,C+
E17281,S0241,C049,SEM005,B-
E17282,S0555,C089,SEM006,B
E17283,S0094,C006,SEM006,A-
E17284,S0266,C038,SEM002,A-
E17285,S0849,C013,SEM007,C+
E17286,S0858,C089,SEM006,A
E17287,S0794,C096,SEM003,C
E17288,S0639,C035,SEM006,C+
E17289,S0341,C047,SEM008,B-
E17290,S0100,C101,SEM001,C+
E17291,S0685,C120,SEM005,C+
E17292,S0315,C083,SEM002,C-
E17293,S0398,C042,SEM005,A
E17294,S0397,C072,SEM007,C-
E17295,S0472,C102,SEM005,C-
E17296,S0766,C112,SEM006,B
E17297,S0676,C045,SEM002,A
E17298,S0023,C079,SEM008,B+
E17299,S0985,C001,SEM006,C+
E17300,S0001,C022,SEM001,B-
E17301,S0379,C108,SEM002,A-
E17302,S0963,C064,SEM006,B
E17303,S0886,C045,SEM001,A-
E17304,S0193,C031,SEM008,A-
E17305,S0897,C065,SEM004,C
E17306,S0280,C012,SEM006,A-
E17307,S0649,C086,SEM003,B
E17308,S0510,C139,SEM008,B-
E17309,S0118,C041,SEM007,F
E17310,S0596,C018,SEM006,B-
E17311,S0372,C058,SEM001,A
E17312,S0773,C023,SEM004,B-
E17313,S0191,C014,SEM006,B-
E17314,S0991,C061,SEM008,C-
E17315,S0869,C063,SEM003,A
E17316,S0765,C080,SEM002,B-
E17317,S0654,C018,SEM008,B
E17318,S0031,C072,SEM001,B+
E17319,S0463,C044,SEM002,B+
E17320,S0314,C017,SEM005,B
E17321,S0332,C001,SEM004,A
E17322,S0138,C012,SEM006,D
E17323,S0394,C128,SEM005,C-
E17324,S0646,C058,SEM001,C-
E17325,S0708,C052,SEM001,A-
E17326,S0775,C034,SEM007,B+
E17327,S0513,C030,SEM004,B+
E17328,S0412,C025,SEM003,B
E17329,S0774,C040,SEM008,B
E17330,S0520,C055,SEM001,C-
E17331,S0506,C019,SEM001,B+
E17332,S0378,C004,SEM005,C+
E17333,S0229,C139,SEM005,C+
E17334,S0200,C054,SEM001,F
E17335,S0678,C012,SEM005,B+
E17336,S0904,C085,SEM001,A-
E17337,S0639,C094,SEM005,C+
E17338,S0890,C112,SEM003,A-
E17339,S0383,C014,SEM008,B-
E17340,S0745,C116,SEM001,C+
E17341,S0215,C071,SEM001,A-
E17342,S0333,C013,SEM005,B
E17343,S0498,C027,SEM007,C
E17344,S0572,C054,SEM001,B
E17345,S0571,C044,SEM005,B
E17346,S0075,C015,SEM006,A-
E17347,S0224,C008,SEM003,B
E17348,S0525,C057,SEM007,B+
E17349,S0241,C036,SEM007,D
E17350,S0009,C050,SEM004,C+
E17351,S0517,C055,SEM005,B
E17352,S0244,C055,SEM005,B
E17353,S0106,C014,SEM005,A
E17354,S0997,C067,SEM002,D
E17355,S0037,C021,SEM007,A-
E17356,S0867,C037,SEM006,B-
E17357,S0345,C052,SEM007,B
E17358,S0004,C100,SEM006,A
E17359,S0165,C061,SEM005,C-
E17360,S0861,C140,SEM007,A
E17361,S0375,C052,SEM006,B
E17362,S0068,C005,SEM006,A-
E17363,S0789,C006,SEM004,B
E17364,S0144,C048,SEM005,B
E17365,S0547,C071,SEM005,F
E17366,S0285,C081,SEM004,D
E17367,S0589,C055,SEM004,B
E17368,S0948,C007,SEM001,B
E17369,S0456,C046,SEM001,B
E17370,S0244,C042,SEM003,A-
E17371,S0971,C079,SEM002,B-
E17372,S0924,C027,SEM006,C-
E17373,S0223,C046,SEM004,B
E17374,S0439,C016,SEM003,A
E17375,S0345,C147,SEM004,B-
E17376,S0811,C046,SEM002,B
E17377,S0450,C018,SEM001,B
E17378,S0292,C142,SEM008,D
E17379,S0842,C006,SEM003,B-
E17380,S0693,C090,SEM008,B
E17381,S0298,C084,SEM002,A
E17382,S0995,C075,SEM007,C+
E17383,S0858,C027,SEM004,A
E17384,S0845,C038,SEM003,A-
E17385,S0076,C009,SEM003,B-
E17386,S0359,C031,SEM007,C+
E17387,S0612,C007,SEM001,C
E17388,S0990,C002,SEM003,B
E17389,S0803,C038,SEM003,B
E17390,S0761,C071,SEM004,A
E17391,S0551,C049,SEM008,A-
E17392,S0567,C050,SEM007,A-
E17393,S0940,C113,SEM007,A
E17394,S0568,C073,SEM002,B-
E17395,S0719,C007,SEM004,C+
E17396,S0386,C038,SEM001,B-
E17397,S0984,C084,SEM002,C+
E17398,S0714,C045,SEM004,A-
E17399,S0273,C091,SEM001,B
E17400,S0994,C024,SEM006,A-
E17401,S0659,C093,SEM004,A-
E17402,S0043,C078,SEM008,B+
E17403,S0602,C044,SEM006,A
E17404,S0270,C135,SEM005,B+
E17405,S0951,C070,SEM001,B
E17406,S0457,C006,SEM001,B-
E17407,S0301,C049,SEM002,C-
E17408,S0671,C073,SEM006,B
E17409,S0925,C108,SEM007,B-
E17410,S0289,C033,SEM003,B-
E17411,S0792,C066,SEM008,B
E17412,S0515,C001,SEM003,D
E17413,S0345,C048,SEM003,A-
E17414,S0796,C087,SEM005,B
E17415,S0745,C051,SEM002,B
E17416,S0888,C050,SEM002,D
E17417,S0112,C034,SEM002,A-
E17418,S0180,C013,SEM005,B-
E17419,S0445,C061,SEM004,B
E17420,S0676,C009,SEM002,B+
E17421,S0491,C003,SEM003,B+
E17422,S0169,C061,SEM006,C
E17423,S0791,C081,SEM002,B+
E17424,S0340,C110,SEM007,C
E17425,S0858,C059,SEM008,F
E17426,S0079,C032,SEM002,B+
E17427,S0957,C004,SEM004,A
E17428,S0054,C017,SEM005,B+
E17429,S0515,C006,SEM007,B-
E17430,S0722,C016,SEM005,D
E17431,S0170,C013,SEM007,C
E17432,S0433,C114,SEM006,C+
E17433,S0950,C060,SEM006,B-
E17434,S0953,C018,SEM007,B
E17435,S0376,C093,SEM004,B-
E17436,S0924,C028,SEM007,B-
E17437,S0477,C066,SEM001,B-
E17438,S0219,C025,SEM003,B+
E17439,S0830,C113,SEM001,A
E17440,S0310,C030,SEM007,B
E17441,S0246,C039,SEM005,B+
E17442,S0107,C029,SEM007,C+
E17443,S0402,C019,SEM001,C+
E17444,S0182,C075,SEM005,C
E17445,S0949,C001,SEM006,A-
E17446,S0657,C028,SEM004,C
E17447,S0508,C013,SEM001,B-
E17448,S0001,C026,SEM005,B+
E17449,S0739,C101,SEM007,C-
E17450,S0006,C064,SEM006,A
E17451,S0432,C049,SEM008,C+
E17452,S0015,C060,SEM003,C+
E17453,S0567,C025,SEM004,A
E17454,S0264,C022,SEM007,A-
E17455,S0964,C040,SEM008,C
E17456,S0372,C010,SEM008,C-
E17457,S0350,C002,SEM003,B
E17458,S0327,C099,SEM007,A
E17459,S0727,C023,SEM004,B+
E17460,S0619,C081,SEM006,B
E17461,S0466,C078,SEM002,B+
E17462,S0401,C049,SEM006,C
E17463,S0535,C014,SEM002,B+
E17464,S0337,C092,SEM002,B+
E17465,S0525,C013,SEM005,B-
E17466,S0245,C006,SEM002,B+
E17467,S0331,C003,SEM005,B
E17468,S0615,C001,SEM007,B
E17469,S0430,C006,SEM005,D
E17470,S0643,C028,SEM007,C
E17471,S0612,C023,SEM008,A
E17472,S0676,C065,SEM001,A-
E17473,S0287,C062,SEM001,B
E17474,S0993,C130,SEM003,A
E17475,S0191,C112,SEM007,B
E17476,S0654,C031,SEM003,F
E17477,S0818,C101,SEM004,B
E17478,S0760,C028,SEM006,C
E17479,S0243,C018,SEM001,B+
E17480,S0512,C125,SEM004,D
E17481,S0153,C067,SEM002,C+
E17482,S0062,C048,SEM005,C+
E17483,S0761,C025,SEM005,A
E17484,S0239,C082,SEM005,B-
E17485,S0003,C018,SEM008,B
E17486,S0669,C079,SEM004,C+
E17487,S0356,C014,SEM004,B-
E17488,S0109,C045,SEM001,B+
E17489,S0892,C066,SEM004,B
E17490,S0868,C030,SEM005,A-
E17491,S0231,C054,SEM007,F
E17492,S0404,C015,SEM002,B-
E17493,S0607,C001,SEM008,B
E17494,S0171,C050,SEM006,F
E17495,S0290,C052,SEM005,C+
E17496,S0605,C127,SEM007,B
E17497,S0734,C068,SEM007,B
E17498,S0903,C038,SEM003,C+
E17499,S0593,C054,SEM003,C-
E17500,S0321,C031,SEM001,A-
E17501,S0944,C001,SEM004,C-
E17502,S0971,C022,SEM005,C
E17503,S0759,C037,SEM006,C+
E17504,S0657,C123,SEM002,A-
E17505,S0565,C047,SEM008,C-
E17506,S0687,C084,SEM008,C+
E17507,S0082,C048,SEM005,A
E17508,S0274,C078,SEM003,B+
E17509,S0788,C023,SEM003,A
E17510,S0432,C003,SEM003,B
E17511,S0058,C110,SEM008,A-
E17512,S0048,C067,SEM004,C
E17513,S0327,C059,SEM005,A
E17514,S0573,C035,SEM008,A
E17515,S0006,C012,SEM006,A-
E17516,S0162,C088,SEM006,B+
E17517,S0137,C097,SEM008,F
E17518,S0887,C044,SEM001,B
E17519,S0568,C081,SEM003,B+
E17520,S0639,C080,SEM002,A
E17521,S0528,C019,SEM001,A-
E17522,S0227,C038,SEM005,C+
E17523,S0259,C023,SEM005,A
E17524,S0089,C018,SEM008,B-
E17525,S0568,C028,SEM006,A
E17526,S0560,C086,SEM007,D
E17527,S0150,C029,SEM001,F
E17528,S0547,C044,SEM006,B+
E17529,S0812,C003,SEM007,B
E17530,S0979,C002,SEM005,B-
E17531,S0364,C037,SEM007,B
E17532,S0431,C057,SEM008,A
E17533,S0906,C030,SEM002,A
E17534,S0810,C014,SEM003,A
E17535,S0571,C055,SEM007,B+
E17536,S0552,C004,SEM001,A-
E17537,S0888,C024,SEM003,A-
E17538,S0626,C137,SEM006,B
E17539,S0768,C027,SEM007,C+
E17540,S0849,C107,SEM005,C+
E17541,S0512,C036,SEM005,A-
E17542,S0792,C077,SEM004,B+
E17543,S0729,C131,SEM007,B
E17544,S0417,C103,SEM006,C
E17545,S0572,C011,SEM006,A
E17546,S0433,C076,SEM006,C-
E17547,S0325,C122,SEM007,A
E17548,S0824,C088,SEM001,B-
E17549,S0443,C073,SEM005,A
E17550,S0169,C056,SEM008,A-
E17551,S0713,C046,SEM003,B-
E17552,S0221,C013,SEM001,C
E17553,S0288,C120,SEM007,C
E17554,S0770,C089,SEM001,D
E17555,S0704,C064,SEM002,B
E17556,S0682,C098,SEM003,B
E17557,S0427,C063,SEM002,C
E17558,S0503,C029,SEM007,B+
E17559,S0975,C017,SEM007,B
E17560,S0121,C058,SEM008,C+
E17561,S0013,C016,SEM008,B-
E17562,S0457,C108,SEM005,B+
E17563,S0606,C010,SEM008,A-
E17564,S0320,C025,SEM005,B+
E17565,S0677,C001,SEM007,C+
E17566,S0063,C033,SEM002,C
E17567,S0267,C094,SEM002,F
E17568,S0494,C073,SEM001,B+
E17569,S0924,C119,SEM007,B
E17570,S0126,C090,SEM008,B
E17571,S0265,C026,SEM004,A-
E17572,S0136,C047,SEM002,B
E17573,S0645,C005,SEM005,C
E17574,S0906,C103,SEM002,A-
E17575,S0598,C010,SEM007,C+
E17576,S0772,C067,SEM003,B
E17577,S0836,C130,SEM001,C-
E17578,S0466,C111,SEM003,A-
E17579,S0234,C031,SEM003,B-
E17580,S0982,C072,SEM003,B
E17581,S0501,C015,SEM008,B-
E17582,S0738,C035,SEM006,B+
E17583,S0022,C036,SEM008,B-
E17584,S0281,C035,SEM006,A-
E17585,S0680,C029,SEM006,B
E17586,S0170,C061,SEM006,C-
E17587,S0555,C008,SEM005,A
E17588,S0701,C059,SEM001,B
E17589,S0819,C016,SEM004,C-
E17590,S0631,C049,SEM004,F
E17591,S0430,C054,SEM006,B
E17592,S0508,C045,SEM008,A-
E17593,S0954,C137,SEM005,C
E17594,S0119,C006,SEM001,B
E17595,S0751,C024,SEM007,A-
E17596,S0285,C023,SEM006,B-
E17597,S0939,C072,SEM005,A
E17598,S0663,C051,SEM008,C+
E17599,S0468,C025,SEM001,B
E17600,S0695,C015,SEM002,C
E17601,S0584,C046,SEM008,C+
E17602,S0205,C057,SEM002,B+
E17603,S0090,C031,SEM006,B-
E17604,S0295,C094,SEM006,B+
E17605,S0123,C087,SEM007,C
E17606,S0255,C025,SEM008,B-
E17607,S0080,C103,SEM002,C+
E17608,S0609,C046,SEM002,C-
E17609,S0214,C027,SEM002,C+
E17610,S0971,C027,SEM004,C+
E17611,S0917,C067,SEM007,A
E17612,S0113,C058,SEM004,A-
E17613,S0847,C053,SEM005,F
E17614,S0457,C003,SEM006,F
E17615,S0616,C024,SEM006,B-
E17616,S0597,C035,SEM006,B+
E17617,S0771,C079,SEM001,B+
E17618,S0785,C031,SEM008,B+
E17619,S0042,C029,SEM006,C-
E17620,S0579,C058,SEM006,B-
E17621,S0599,C003,SEM004,B+
E17622,S0262,C042,SEM007,B
E17623,S0002,C093,SEM008,A-
E17624,S0549,C020,SEM006,C+
E17625,S0216,C012,SEM007,D
E17626,S0666,C084,SEM005,A-
E17627,S0572,C059,SEM004,B-
E17628,S0643,C047,SEM002,A-
E17629,S0757,C010,SEM006,C
E17630,S0682,C083,SEM007,B
E17631,S0010,C120,SEM003,B
E17632,S0871,C075,SEM004,A-
E17633,S0657,C061,SEM003,B-
E17634,S0427,C120,SEM007,B
E17635,S0124,C071,SEM001,B+
E17636,S0782,C013,SEM005,B+
E17637,S0536,C061,SEM008,A
E17638,S0029,C058,SEM004,D
E17639,S0197,C056,SEM001,B
E17640,S0669,C128,SEM005,C+
E17641,S0912,C082,SEM003,B
E17642,S0367,C041,SEM002,D
E17643,S0041,C029,SEM007,B
E17644,S0992,C015,SEM004,D
E17645,S0865,C069,SEM001,C
E17646,S0493,C035,SEM001,B+
E17647,S0328,C109,SEM007,C
E17648,S0057,C088,SEM002,A
E17649,S0849,C040,SEM003,B
E17650,S0329,C020,SEM004,B-
E17651,S0038,C004,SEM005,C-
E17652,S0822,C029,SEM008,B+
E17653,S0876,C010,SEM001,B+
E17654,S0570,C121,SEM008,A
E17655,S0060,C075,SEM008,B+
E17656,S0401,C016,SEM003,B-
E17657,S0935,C028,SEM006,C-
E17658,S0025,C095,SEM005,D
E17659,S0114,C056,SEM002,F
E17660,S0673,C012,SEM004,C
E17661,S0567,C050,SEM006,B
E17662,S0511,C025,SEM008,B-
E17663,S0629,C009,SEM005,D
E17664,S0702,C124,SEM002,A-
E17665,S0086,C049,SEM001,F
E17666,S0055,C051,SEM005,B
E17667,S0051,C065,SEM007,B
E17668,S0147,C106,SEM004,A
E17669,S0306,C108,SEM006,B
E17670,S0698,C030,SEM005,A
E17671,S0357,C042,SEM001,B-
E17672,S0206,C131,SEM006,A
E17673,S0428,C032,SEM008,B+
E17674,S0915,C074,SEM001,B
E17675,S0339,C020,SEM007,B
E17676,S0616,C040,SEM005,D
E17677,S0814,C073,SEM003,B+
E17678,S0884,C062,SEM008,B
E17679,S0470,C106,SEM006,C+
E17680,S0085,C014,SEM007,C+
E17681,S0900,C094,SEM002,B
E17682,S0605,C028,SEM004,A-
E17683,S0563,C126,SEM004,B
E17684,S0151,C111,SEM006,F
E17685,S0992,C061,SEM004,A
E17686,S0865,C065,SEM007,B-
E17687,S0577,C083,SEM002,B+
E17688,S0426,C002,SEM006,B
E17689,S0795,C001,SEM001,B-
E17690,S0611,C098,SEM004,B-
E17691,S0081,C072,SEM008,B
E17692,S0571,C021,SEM002,C
E17693,S0793,C015,SEM001,B
E17694,S0208,C016,SEM008,B
E17695,S0787,C067,SEM005,A-
E17696,S0375,C076,SEM006,A
E17697,S0711,C071,SEM007,B+
E17698,S0281,C126,SEM005,B-
E17699,S0880,C069,SEM003,B+
E17700,S0954,C104,SEM008,A-
E17701,S0956,C037,SEM003,C+
E17702,S0534,C031,SEM005,C+
E17703,S0045,C064,SEM001,C+
E17704,S0667,C119,SEM007,B+
E17705,S0933,C076,SEM007,B
E17706,S0918,C039,SEM002,C+
E17707,S0122,C014,SEM001,B+
E17708,S0138,C011,SEM003,B+
E17709,S0627,C029,SEM004,C
E17710,S0806,C047,SEM006,B
E17711,S0147,C075,SEM007,B+
E17712,S0215,C055,SEM008,B
E17713,S0356,C010,SEM007,B-
E17714,S0337,C077,SEM004,C-
E17715,S0147,C054,SEM002,C+
E17716,S0349,C128,SEM007,D
E17717,S0134,C108,SEM007,D
E17718,S0957,C031,SEM005,B+
E17719,S0753,C142,SEM001,B
E17720,S0902,C026,SEM007,C+
E17721,S0611,C069,SEM003,B+
E17722,S0167,C017,SEM008,B+
E17723,S0478,C022,SEM007,A
E17724,S0421,C062,SEM008,B+
E17725,S0773,C026,SEM001,B+
E17726,S0758,C021,SEM003,C-
E17727,S0717,C129,SEM001,B-
E17728,S0610,C042,SEM002,A
E17729,S0888,C023,SEM001,B-
E17730,S0198,C073,SEM001,A-
E17731,S0412,C075,SEM006,C
E17732,S0362,C081,SEM002,B+
E17733,S0707,C022,SEM005,C+
E17734,S0730,C069,SEM003,B+
E17735,S0514,C066,SEM006,B+
E17736,S0010,C010,SEM002,C-
E17737,S0390,C052,SEM006,B-
E17738,S0862,C089,SEM002,C+
E17739,S0403,C031,SEM002,B
E17740,S0867,C067,SEM004,C
E17741,S0736,C096,SEM007,B
E17742,S0450,C073,SEM007,B-
E17743,S0211,C025,SEM006,F
E17744,S0025,C054,SEM002,B-
E17745,S0402,C134,SEM004,F
E17746,S0043,C001,SEM004,B+
E17747,S0715,C064,SEM002,C+
E17748,S0607,C010,SEM005,B-
E17749,S0086,C078,SEM007,C+
E17750,S0465,C015,SEM007,A-
E17751,S0132,C091,SEM003,B+
E17752,S0181,C074,SEM003,B
E17753,S0159,C018,SEM007,B
E17754,S0841,C052,SEM006,B+
E17755,S0553,C018,SEM001,C+
E17756,S0758,C085,SEM005,B+
E17757,S0001,C031,SEM008,B
E17758,S0637,C142,SEM005,B
E17759,S0688,C067,SEM002,B
E17760,S0639,C011,SEM007,C+
E17761,S0139,C010,SEM004,C
E17762,S0127,C123,SEM004,B
E17763,S0102,C086,SEM005,B+
E17764,S0239,C061,SEM001,B+
E17765,S0923,C023,SEM008,B
E17766,S0110,C118,SEM007,B
E17767,S0498,C018,SEM003,A-
E17768,S0539,C005,SEM002,C-
E17769,S0461,C138,SEM006,A-
E17770,S0347,C021,SEM002,D
E17771,S0395,C072,SEM004,B
E17772,S0621,C103,SEM007,A-
E17773,S0925,C018,SEM008,C+
E17774,S0347,C053,SEM007,B+
E17775,S0283,C041,SEM003,A-
E17776,S0979,C132,SEM005,A
E17777,S0169,C037,SEM007,A
E17778,S0249,C054,SEM003,B
E17779,S0989,C029,SEM006,C
E17780,S0910,C027,SEM008,A-
E17781,S0569,C093,SEM006,B
E17782,S0871,C097,SEM008,B
E17783,S0228,C069,SEM001,A
E17784,S0005,C030,SEM006,D
E17785,S0869,C049,SEM006,B
E17786,S0047,C066,SEM003,B
E17787,S0475,C135,SEM007,D
E17788,S0218,C044,SEM002,B
E17789,S0748,C032,SEM005,B+
E17790,S0754,C056,SEM007,B+
E17791,S0155,C054,SEM008,B-
E17792,S0343,C075,SEM002,B
E17793,S0081,C036,SEM004,C+
E17794,S0963,C045,SEM006,A-
E17795,S0079,C037,SEM002,B
E17796,S0875,C044,SEM006,C
E17797,S0013,C019,SEM006,D
E17798,S0762,C054,SEM003,C
E17799,S0972,C021,SEM002,B
E17800,S0838,C023,SEM004,A-
E17801,S0127,C132,SEM008,B
E17802,S0289,C073,SEM006,C
E17803,S0049,C081,SEM002,B
E17804,S0716,C123,SEM003,C-
E17805,S0349,C122,SEM006,C
E17806,S0636,C092,SEM001,F
E17807,S0484,C015,SEM003,B
E17808,S0557,C024,SEM001,A
E17809,S0450,C080,SEM008,B+
E17810,S0555,C093,SEM006,C+
E17811,S0765,C128,SEM004,F
E17812,S0280,C130,SEM002,C+
E17813,S0925,C037,SEM004,B+
E17814,S0898,C037,SEM007,C
E17815,S0801,C079,SEM002,F
E17816,S0673,C115,SEM008,C
E17817,S0807,C016,SEM004,A-
E17818,S0944,C060,SEM001,B-
E17819,S0243,C112,SEM005,C
E17820,S0887,C099,SEM008,B
E17821,S0435,C114,SEM003,B
E17822,S0788,C090,SEM001,A
E17823,S0171,C065,SEM006,C+
E17824,S0823,C039,SEM004,B
E17825,S0627,C046,SEM004,B
E17826,S0731,C103,SEM008,C
E17827,S0454,C046,SEM008,B
E17828,S0411,C003,SEM005,B+
E17829,S0145,C008,SEM004,A
E17830,S0099,C088,SEM001,A-
E17831,S0478,C081,SEM003,C+
E17832,S0415,C005,SEM004,F
E17833,S0337,C105,SEM002,A
E17834,S0207,C096,SEM003,C
E17835,S0985,C046,SEM008,C
E17836,S0819,C055,SEM004,A
E17837,S0885,C077,SEM003,D
E17838,S0257,C142,SEM005,B-
E17839,S0703,C108,SEM002,B-
E17840,S0575,C026,SEM002,B
E17841,S0946,C012,SEM004,B+
E17842,S0786,C002,SEM005,C+
E17843,S0492,C011,SEM003,A-
E17844,S0187,C058,SEM008,C+
E17845,S0794,C032,SEM002,D
E17846,S0889,C013,SEM006,A-
E17847,S0629,C031,SEM003,D
E17848,S0236,C088,SEM008,A-
E17849,S0197,C012,SEM007,D
E17850,S0982,C028,SEM008,B
E17851,S0986,C004,SEM001,C+
E17852,S0485,C065,SEM008,B+
E17853,S0719,C009,SEM008,B
E17854,S0185,C083,SEM008,C-
E17855,S0444,C014,SEM003,C-
E17856,S0364,C070,SEM007,F
E17857,S0432,C119,SEM005,C+
E17858,S0786,C026,SEM004,A
E17859,S0183,C036,SEM007,B-
E17860,S0730,C004,SEM008,C+
E17861,S0955,C081,SEM007,B+
E17862,S0576,C045,SEM008,B
E17863,S0560,C043,SEM002,B-
E17864,S0951,C101,SEM006,B-
E17865,S0857,C045,SEM007,B+
E17866,S0503,C075,SEM008,B
E17867,S0237,C004,SEM002,C-
E17868,S0208,C082,SEM005,C
E17869,S0406,C013,SEM007,C
E17870,S0632,C070,SEM001,A
E17871,S0312,C127,SEM008,C
E17872,S0529,C020,SEM006,A-
E17873,S0139,C068,SEM005,C-
E17874,S0284,C091,SEM008,C+
E17875,S0109,C104,SEM008,B
E17876,S0273,C063,SEM001,C-
E17877,S0691,C007,SEM008,C
E17878,S0156,C074,SEM002,B-
E17879,S0107,C032,SEM006,B
E17880,S0543,C122,SEM007,B
E17881,S0404,C008,SEM007,A
E17882,S0681,C018,SEM004,A-
E17883,S0915,C063,SEM003,C+
E17884,S0382,C011,SEM003,B
E17885,S0602,C066,SEM002,B
E17886,S0786,C032,SEM004,A-
E17887,S0696,C084,SEM008,B
E17888,S0623,C073,SEM006,B-
E17889,S0850,C032,SEM004,C
E17890,S0977,C128,SEM005,C+
E17891,S0325,C051,SEM005,B+
E17892,S0676,C057,SEM008,B+
E17893,S0315,C063,SEM001,B-
E17894,S0869,C067,SEM004,A
E17895,S0836,C054,SEM008,B+
E17896,S0366,C111,SEM003,B
E17897,S0751,C103,SEM003,B-
E17898,S0986,C069,SEM006,A-
E17899,S0715,C084,SEM008,B-
E17900,S0355,C003,SEM001,C+
E17901,S0225,C015,SEM007,B+
E17902,S0852,C038,SEM007,C-
E17903,S0994,C061,SEM008,C+
E17904,S0945,C023,SEM006,B-
E17905,S0159,C018,SEM001,B
E17906,S0256,C065,SEM005,D
E17907,S0256,C058,SEM008,C+
E17908,S0268,C022,SEM006,A-
E17909,S0565,C086,SEM007,B
E17910,S0184,C013,SEM002,B-
E17911,S0650,C033,SEM007,B
E17912,S0356,C096,SEM001,A-
E17913,S0094,C074,SEM005,B
E17914,S0694,C064,SEM008,A-
E17915,S0466,C071,SEM005,B-
E17916,S0763,C001,SEM002,B+
E17917,S0786,C123,SEM004,A-
E17918,S0588,C058,SEM008,B
E17919,S0006,C072,SEM007,A-
E17920,S0505,C073,SEM001,B+
E17921,S0266,C040,SEM004,B+
E17922,S0096,C028,SEM002,A-
E17923,S0414,C046,SEM004,C+
E17924,S0277,C015,SEM007,B
E17925,S0652,C031,SEM008,A
E17926,S0888,C046,SEM003,B
E17927,S0964,C039,SEM007,C-
E17928,S0325,C004,SEM001,B+
E17929,S0719,C055,SEM001,B+
E17930,S0043,C065,SEM002,A
E17931,S0552,C059,SEM003,A
E17932,S0610,C100,SEM006,B
E17933,S0750,C048,SEM001,A-
E17934,S0738,C011,SEM002,D
E17935,S0305,C124,SEM003,C-
E17936,S0284,C004,SEM006,F
E17937,S0116,C089,SEM007,C+
E17938,S0794,C004,SEM007,A
E17939,S0795,C023,SEM008,B
E17940,S0856,C012,SEM002,B+
E17941,S0590,C042,SEM002,B-
E17942,S0443,C028,SEM002,C
E17943,S0518,C009,SEM007,C
E17944,S0908,C019,SEM005,B-
E17945,S0569,C003,SEM005,D
E17946,S0799,C060,SEM004,B-
E17947,S0380,C056,SEM002,A-
E17948,S0807,C021,SEM007,D
E17949,S0622,C052,SEM001,C-
E17950,S0153,C013,SEM008,B
E17951,S0630,C127,SEM007,C+
E17952,S0516,C106,SEM005,B
E17953,S0313,C028,SEM001,C-
E17954,S0579,C065,SEM003,B
E17955,S0415,C028,SEM003,A-
E17956,S0507,C059,SEM006,B
E17957,S0461,C050,SEM003,A-
E17958,S0279,C031,SEM003,D
E17959,S0656,C043,SEM008,A-
E17960,S0486,C040,SEM004,A-
E17961,S0314,C092,SEM006,C+
E17962,S0302,C047,SEM001,B
E17963,S0046,C131,SEM004,B-
E17964,S0414,C088,SEM005,C+
E17965,S0238,C029,SEM004,B-
E17966,S0224,C048,SEM003,A-
E17967,S0349,C049,SEM008,B
E17968,S0879,C024,SEM008,B
E17969,S0334,C083,SEM008,B
E17970,S0014,C003,SEM004,B
E17971,S0831,C103,SEM003,B+
E17972,S0115,C087,SEM006,B
E17973,S0957,C070,SEM003,F
E17974,S0848,C079,SEM004,C-
E17975,S0210,C081,SEM005,B+
E17976,S0568,C059,SEM002,B+
E17977,S0899,C015,SEM001,A-
E17978,S0624,C142,SEM003,B+
E17979,S0304,C031,SEM006,B
E17980,S0515,C015,SEM001,B-
E17981,S0076,C034,SEM007,A
E17982,S0894,C069,SEM002,B-
E17983,S0693,C001,SEM005,B
E17984,S0270,C068,SEM002,C-
E17985,S0217,C081,SEM001,B+
E17986,S0331,C040,SEM008,B-
E17987,S0937,C039,SEM002,B
E17988,S0122,C124,SEM008,F
E17989,S0927,C085,SEM008,B
E17990,S0414,C038,SEM006,C-
E17991,S0901,C056,SEM008,B
E17992,S0398,C053,SEM004,B
E17993,S0381,C056,SEM002,A
E17994,S0738,C044,SEM007,C-
E17995,S0529,C036,SEM004,B-
E17996,S0323,C052,SEM003,B+
E17997,S0373,C136,SEM005,B-
E17998,S0339,C053,SEM003,C-
E17999,S0844,C078,SEM004,D
E18000,S0956,C026,SEM005,B+
E18001,S0139,C052,SEM005,C+
E18002,S0881,C010,SEM004,C
E18003,S0895,C006,SEM007,F
E18004,S0078,C042,SEM006,B
E18005,S0954,C020,SEM005,C
E18006,S0510,C109,SEM004,C+
E18007,S0311,C119,SEM003,B+
E18008,S0111,C081,SEM001,B-
E18009,S0966,C005,SEM004,A-
E18010,S0557,C057,SEM002,C+
E18011,S0287,C017,SEM004,D
E18012,S0346,C133,SEM003,C+
E18013,S0644,C107,SEM007,C-
E18014,S0747,C018,SEM004,B
E18015,S0623,C080,SEM004,D
E18016,S0900,C031,SEM007,C+
E18017,S0145,C003,SEM001,B
E18018,S0728,C062,SEM005,A-
E18019,S0935,C097,SEM006,C+
E18020,S0249,C028,SEM004,B
E18021,S0536,C042,SEM008,B-
E18022,S0740,C019,SEM005,C+
E18023,S0406,C138,SEM002,A-
E18024,S0385,C120,SEM007,A
E18025,S0866,C018,SEM006,C-
E18026,S0475,C004,SEM003,B-
E18027,S0611,C085,SEM002,A
E18028,S0505,C011,SEM003,C+
E18029,S0782,C020,SEM005,A
E18030,S0164,C123,SEM003,D
E18031,S0887,C023,SEM007,A
E18032,S0459,C096,SEM006,C
E18033,S0679,C062,SEM001,B-
E18034,S0466,C036,SEM002,B
E18035,S0691,C030,SEM002,B
E18036,S0741,C032,SEM001,C-
E18037,S0319,C116,SEM003,B-
E18038,S0115,C043,SEM003,B
E18039,S0572,C022,SEM007,B
E18040,S0136,C147,SEM003,B
E18041,S0500,C033,SEM002,B-
E18042,S0551,C085,SEM006,B
E18043,S0934,C025,SEM003,A
E18044,S0904,C053,SEM004,A
E18045,S0611,C051,SEM008,B-
E18046,S0361,C056,SEM005,B
E18047,S0852,C101,SEM006,B-
E18048,S0732,C046,SEM008,A
E18049,S0660,C018,SEM001,B-
E18050,S0804,C020,SEM006,A
E18051,S0666,C031,SEM007,B-
E18052,S0559,C124,SEM002,B+
E18053,S0350,C080,SEM008,B-
E18054,S0392,C116,SEM001,B
E18055,S0352,C109,SEM007,C+
E18056,S0055,C098,SEM003,B+
E18057,S0006,C047,SEM004,A-
E18058,S0655,C007,SEM004,D
E18059,S0721,C094,SEM001,B
E18060,S0156,C085,SEM004,C+
E18061,S0548,C040,SEM003,B+
E18062,S0618,C047,SEM002,B-
E18063,S0745,C099,SEM007,A
E18064,S0714,C073,SEM007,B+
E18065,S0912,C029,SEM002,B
E18066,S0207,C022,SEM001,B+
E18067,S0224,C027,SEM008,B
E18068,S0346,C083,SEM005,A-
E18069,S0360,C061,SEM005,A
E18070,S0959,C117,SEM006,A-
E18071,S0653,C009,SEM005,A
E18072,S0858,C051,SEM007,B-
E18073,S0520,C074,SEM007,C
E18074,S0274,C098,SEM001,A
E18075,S0009,C111,SEM003,A-
E18076,S0187,C046,SEM003,C-
E18077,S0515,C019,SEM003,B+
E18078,S0941,C063,SEM007,B+
E18079,S0642,C082,SEM007,B-
E18080,S0344,C082,SEM002,A
E18081,S0647,C071,SEM004,C
E18082,S0777,C072,SEM004,B-
E18083,S0328,C035,SEM008,B
E18084,S0704,C040,SEM005,A-
E18085,S0375,C088,SEM005,B+
E18086,S0932,C049,SEM005,B-
E18087,S0044,C030,SEM001,A-
E18088,S0512,C038,SEM007,F
E18089,S0986,C080,SEM008,B
E18090,S0809,C056,SEM005,B+
E18091,S0053,C082,SEM001,A-
E18092,S0451,C137,SEM005,B-
E18093,S0834,C027,SEM006,B-
E18094,S0422,C005,SEM002,B
E18095,S0170,C023,SEM005,D
E18096,S0039,C112,SEM001,D
E18097,S0615,C049,SEM006,A-
E18098,S0358,C020,SEM006,B+
E18099,S0942,C067,SEM008,B+
E18100,S0760,C064,SEM007,B-
E18101,S0445,C015,SEM002,B
E18102,S0309,C031,SEM003,A
E18103,S0402,C026,SEM003,C
E18104,S0979,C089,SEM001,B+
E18105,S0808,C036,SEM008,A-
E18106,S0761,C027,SEM003,C-
E18107,S0032,C026,SEM001,B
E18108,S0023,C013,SEM001,C
E18109,S0950,C007,SEM008,B+
E18110,S0674,C027,SEM008,B-
E18111,S0832,C018,SEM005,A
E18112,S0048,C032,SEM004,C+
E18113,S0167,C004,SEM001,A-
E18114,S0795,C075,SEM008,B+
E18115,S0610,C016,SEM004,B
E18116,S0484,C004,SEM001,B+
E18117,S0729,C069,SEM006,A-
E18118,S0950,C113,SEM007,B+
E18119,S0199,C054,SEM004,F
E18120,S0880,C014,SEM008,B+
E18121,S0502,C011,SEM008,A-
E18122,S0987,C008,SEM001,B-
E18123,S0955,C126,SEM002,B-
E18124,S0628,C030,SEM002,C+
E18125,S0043,C072,SEM004,B+
E18126,S0911,C064,SEM008,B-
E18127,S0205,C012,SEM003,A
E18128,S0251,C076,SEM003,A-
E18129,S0137,C038,SEM005,C-
E18130,S0324,C054,SEM003,B
E18131,S0550,C103,SEM007,D
E18132,S0974,C041,SEM005,A
E18133,S0043,C141,SEM007,B+
E18134,S0119,C010,SEM005,C+
E18135,S0453,C101,SEM008,C-
E18136,S0352,C017,SEM007,B
E18137,S0742,C005,SEM003,B
E18138,S0772,C070,SEM004,B+
E18139,S0239,C058,SEM006,B
E18140,S0515,C108,SEM002,C+
E18141,S0190,C021,SEM008,B-
E18142,S0828,C048,SEM001,B+
E18143,S0888,C113,SEM008,D
E18144,S0638,C036,SEM002,B
E18145,S0991,C004,SEM003,C
E18146,S0581,C069,SEM006,B+
E18147,S0585,C023,SEM008,C+
E18148,S0716,C087,SEM006,A-
E18149,S0471,C082,SEM002,B-
E18150,S0649,C016,SEM004,A
E18151,S0381,C041,SEM004,A-
E18152,S0793,C115,SEM005,A-
E18153,S0999,C015,SEM002,B-
E18154,S0433,C050,SEM005,C+
E18155,S0083,C122,SEM001,B+
E18156,S0703,C015,SEM001,D
E18157,S0256,C059,SEM006,B+
E18158,S0984,C051,SEM006,C+
E18159,S0666,C057,SEM005,F
E18160,S0709,C008,SEM003,B+
E18161,S0484,C110,SEM003,B-
E18162,S0197,C024,SEM007,A
E18163,S0145,C050,SEM002,B+
E18164,S0423,C094,SEM007,B
E18165,S0158,C091,SEM003,A
E18166,S0113,C004,SEM003,B
E18167,S0444,C058,SEM006,A-
E18168,S0164,C023,SEM002,A-
E18169,S0513,C092,SEM008,B+
E18170,S0448,C033,SEM001,B+
E18171,S0750,C081,SEM005,B
E18172,S0282,C008,SEM007,D
E18173,S0265,C003,SEM001,B
E18174,S0688,C012,SEM008,C
E18175,S0052,C114,SEM001,A
E18176,S0720,C075,SEM004,B-
E18177,S0665,C006,SEM004,C+
E18178,S0448,C025,SEM007,A
E18179,S0965,C006,SEM008,B-
E18180,S0043,C027,SEM004,A-
E18181,S0864,C065,SEM007,B
E18182,S0116,C062,SEM005,B
E18183,S0056,C064,SEM008,B+
E18184,S0334,C031,SEM004,B
E18185,S0995,C097,SEM005,B
E18186,S0859,C045,SEM001,B+
E18187,S0473,C048,SEM004,B
E18188,S0549,C025,SEM007,F
E18189,S0367,C040,SEM008,A-
E18190,S0610,C076,SEM008,A
E18191,S0244,C044,SEM005,C
E18192,S0485,C010,SEM004,C
E18193,S0781,C107,SEM007,A-
E18194,S0563,C011,SEM003,D
E18195,S0822,C005,SEM006,B
E18196,S0254,C023,SEM006,B
E18197,S0089,C010,SEM001,C+
E18198,S0488,C041,SEM008,C-
E18199,S0010,C003,SEM003,A-
E18200,S0398,C004,SEM002,C
E18201,S0929,C078,SEM004,D
E18202,S0613,C052,SEM004,B
E18203,S0363,C104,SEM001,B
E18204,S0011,C049,SEM005,B+
E18205,S0362,C002,SEM001,F
E18206,S0687,C078,SEM002,C
E18207,S0436,C076,SEM008,A-
E18208,S0984,C004,SEM007,B
E18209,S0849,C059,SEM008,B-
E18210,S0415,C013,SEM005,A-
E18211,S0944,C001,SEM002,B+
E18212,S0747,C072,SEM006,B+
E18213,S0069,C081,SEM008,C
E18214,S0701,C130,SEM007,B
E18215,S0694,C035,SEM002,B+
E18216,S0935,C027,SEM004,C
E18217,S0590,C045,SEM001,B+
E18218,S0638,C067,SEM004,A-
E18219,S0775,C026,SEM005,B+
E18220,S0989,C009,SEM003,B-
E18221,S0150,C079,SEM006,C+
E18222,S0865,C024,SEM006,C
E18223,S0654,C068,SEM002,C+
E18224,S0401,C004,SEM001,B
E18225,S0647,C009,SEM005,B+
E18226,S0203,C024,SEM007,B-
E18227,S0686,C002,SEM006,C
E18228,S0881,C006,SEM003,B
E18229,S0047,C008,SEM004,A-
E18230,S0183,C060,SEM003,B-
E18231,S0304,C020,SEM001,B-
E18232,S0947,C031,SEM006,D
E18233,S0925,C079,SEM005,C
E18234,S0977,C032,SEM005,C
E18235,S0412,C012,SEM005,C+
E18236,S0532,C049,SEM001,B-
E18237,S0921,C015,SEM002,B-
E18238,S0929,C090,SEM002,B-
E18239,S0372,C067,SEM008,B+
E18240,S0408,C088,SEM008,D
E18241,S0803,C058,SEM004,B+
E18242,S0835,C080,SEM005,B+
E18243,S0574,C001,SEM001,B
E18244,S0131,C048,SEM005,B+
E18245,S0447,C040,SEM004,A
E18246,S0520,C007,SEM005,A-
E18247,S0664,C036,SEM001,C-
E18248,S0654,C045,SEM002,C+
E18249,S0756,C049,SEM006,C+
E18250,S0050,C104,SEM008,A-
E18251,S0897,C019,SEM008,B-
E18252,S0593,C003,SEM004,B-
E18253,S0764,C093,SEM003,B+
E18254,S0498,C035,SEM001,B+
E18255,S0069,C095,SEM005,A-
E18256,S0834,C074,SEM001,B
E18257,S0962,C085,SEM004,F
E18258,S0225,C010,SEM005,B
E18259,S0965,C035,SEM008,A
E18260,S0469,C081,SEM007,C+
E18261,S0332,C025,SEM003,B
E18262,S0096,C072,SEM004,A-
E18263,S0759,C001,SEM004,A-
E18264,S0590,C056,SEM004,B+
E18265,S0234,C006,SEM004,B-
E18266,S0703,C012,SEM004,B-
E18267,S0585,C055,SEM003,B+
E18268,S0195,C081,SEM007,B
E18269,S0941,C020,SEM002,A
E18270,S0417,C056,SEM007,A-
E18271,S0086,C007,SEM005,A-
E18272,S0143,C034,SEM001,C-
E18273,S0029,C028,SEM004,B-
E18274,S0009,C036,SEM003,A-
E18275,S0119,C055,SEM005,D
E18276,S0076,C006,SEM001,B-
E18277,S0477,C065,SEM003,B
E18278,S0383,C127,SEM004,B
E18279,S0297,C012,SEM007,B+
E18280,S0769,C070,SEM004,B
E18281,S0084,C038,SEM001,B+
E18282,S0117,C034,SEM001,B
E18283,S0697,C070,SEM005,A-
E18284,S0199,C020,SEM002,B
E18285,S0616,C069,SEM008,B
E18286,S0410,C043,SEM008,B+
E18287,S0688,C057,SEM004,B
E18288,S0719,C130,SEM008,B
E18289,S0282,C005,SEM005,C-
E18290,S0453,C084,SEM005,C+
E18291,S0429,C095,SEM005,B
E18292,S0176,C083,SEM008,C-
E18293,S0086,C107,SEM004,D
E18294,S0908,C071,SEM001,D
E18295,S0740,C004,SEM001,B-
E18296,S0289,C053,SEM005,B
E18297,S0318,C007,SEM004,A
E18298,S0071,C014,SEM007,C+
E18299,S0761,C090,SEM001,B+
E18300,S0059,C005,SEM002,B+
E18301,S0009,C061,SEM001,C-
E18302,S0254,C103,SEM004,C
E18303,S0992,C041,SEM007,A
E18304,S0541,C140,SEM008,B
E18305,S0612,C011,SEM006,A
E18306,S0172,C034,SEM004,C+
E18307,S0720,C008,SEM001,A-
E18308,S0159,C066,SEM005,B-
E18309,S0322,C086,SEM005,B
E18310,S0483,C098,SEM007,F
E18311,S0918,C029,SEM001,B
E18312,S0665,C133,SEM004,C+
E18313,S0957,C033,SEM002,A-
E18314,S0054,C009,SEM001,B
E18315,S0612,C093,SEM004,A-
E18316,S0332,C065,SEM003,A
E18317,S0141,C044,SEM001,C-
E18318,S0551,C111,SEM005,B
E18319,S0671,C035,SEM006,A-
E18320,S0212,C071,SEM006,B
E18321,S0365,C028,SEM002,C
E18322,S0953,C147,SEM002,B-
E18323,S0655,C009,SEM006,F
E18324,S0654,C070,SEM008,A-
E18325,S0376,C120,SEM004,A-
E18326,S0126,C053,SEM008,A-
E18327,S0533,C108,SEM006,B
E18328,S0122,C056,SEM001,B
E18329,S0644,C043,SEM002,B-
E18330,S0297,C094,SEM007,B
E18331,S0555,C013,SEM007,C
E18332,S0726,C074,SEM004,B+
E18333,S0246,C059,SEM006,B+
E18334,S0023,C059,SEM001,B
E18335,S0279,C069,SEM004,A
E18336,S0531,C068,SEM001,C+
E18337,S0785,C036,SEM001,B
E18338,S0253,C068,SEM007,C
E18339,S0083,C081,SEM007,B
E18340,S0956,C013,SEM007,B+
E18341,S0974,C044,SEM008,C
E18342,S0412,C136,SEM006,C+
E18343,S0575,C011,SEM004,C+
E18344,S0573,C016,SEM005,C+
E18345,S0162,C001,SEM008,B+
E18346,S0282,C026,SEM005,B+
E18347,S0123,C068,SEM002,C+
E18348,S0248,C077,SEM003,B
E18349,S0394,C051,SEM002,A-
E18350,S0651,C063,SEM002,D
E18351,S0534,C030,SEM008,B
E18352,S0327,C017,SEM005,B+
E18353,S0520,C061,SEM002,B
E18354,S0605,C027,SEM005,C
E18355,S0518,C069,SEM001,D
E18356,S0785,C058,SEM008,A
E18357,S0471,C022,SEM003,B
E18358,S0688,C004,SEM006,B-
E18359,S0009,C129,SEM008,B
E18360,S0680,C049,SEM004,B-
E18361,S0097,C029,SEM005,B-
E18362,S0563,C002,SEM004,C
E18363,S0533,C075,SEM001,B
E18364,S0566,C089,SEM002,B+
E18365,S0120,C091,SEM002,A
E18366,S0895,C030,SEM008,A
E18367,S0302,C018,SEM006,D
E18368,S0093,C002,SEM008,B+
E18369,S0484,C001,SEM005,D
E18370,S0430,C147,SEM006,B+
E18371,S0677,C131,SEM003,F
E18372,S0991,C031,SEM005,B+
E18373,S0516,C075,SEM005,B+
E18374,S0633,C091,SEM004,B
E18375,S0097,C009,SEM006,C-
E18376,S0274,C059,SEM003,B
E18377,S0560,C026,SEM004,C+
E18378,S0265,C037,SEM008,A-
E18379,S0049,C056,SEM002,C+
E18380,S0540,C115,SEM005,B
E18381,S0655,C036,SEM003,B-
E18382,S0058,C052,SEM004,B-
E18383,S0674,C113,SEM001,C-
E18384,S0354,C006,SEM001,D
E18385,S0985,C045,SEM007,C-
E18386,S0397,C069,SEM002,C+
E18387,S0151,C053,SEM005,A-
E18388,S0144,C070,SEM003,B+
E18389,S0148,C068,SEM002,A
E18390,S0569,C040,SEM002,B+
E18391,S0298,C021,SEM003,D
E18392,S0671,C008,SEM002,B+
E18393,S0672,C133,SEM004,B
E18394,S0766,C064,SEM005,C-
E18395,S0686,C018,SEM006,B+
E18396,S0942,C044,SEM004,A-
E18397,S0124,C039,SEM005,C
E18398,S0677,C107,SEM006,A
E18399,S0068,C056,SEM004,A
E18400,S0303,C066,SEM003,F
E18401,S0446,C094,SEM003,B
E18402,S0388,C034,SEM008,C-
E18403,S0473,C040,SEM007,B-
E18404,S0853,C057,SEM004,B
E18405,S0067,C068,SEM006,A
E18406,S0077,C014,SEM007,C-
E18407,S0162,C040,SEM001,B-
E18408,S0218,C002,SEM008,B+
E18409,S0252,C065,SEM003,B+
E18410,S0482,C001,SEM006,A-
E18411,S0473,C040,SEM005,B+
E18412,S0276,C013,SEM003,B-
E18413,S0609,C082,SEM008,C+
E18414,S0911,C020,SEM008,B+
E18415,S0341,C077,SEM002,B+
E18416,S0985,C046,SEM002,B
E18417,S0271,C118,SEM003,B+
E18418,S0502,C010,SEM005,A-
E18419,S0582,C052,SEM007,B
E18420,S0023,C050,SEM008,B
E18421,S0539,C122,SEM001,B+
E18422,S0784,C031,SEM006,A
E18423,S0356,C001,SEM008,A
E18424,S0005,C092,SEM003,B+
E18425,S0688,C076,SEM006,A-
E18426,S0537,C083,SEM005,B-
E18427,S0501,C062,SEM005,B+
E18428,S0546,C047,SEM001,B+
E18429,S0075,C027,SEM007,A
E18430,S0882,C032,SEM007,C-
E18431,S0927,C121,SEM005,B+
E18432,S0358,C091,SEM003,B+
E18433,S0244,C065,SEM002,B
E18434,S0459,C096,SEM007,B+
E18435,S0790,C054,SEM004,B+
E18436,S0534,C051,SEM004,A-
E18437,S0490,C126,SEM005,B+
E18438,S0948,C030,SEM007,A-
E18439,S0364,C079,SEM002,A-
E18440,S0994,C021,SEM008,C+
E18441,S0845,C024,SEM005,C-
E18442,S0624,C016,SEM003,C-
E18443,S0818,C088,SEM004,B
E18444,S0249,C065,SEM003,B-
E18445,S0588,C014,SEM004,C+
E18446,S0079,C053,SEM002,F
E18447,S0927,C033,SEM003,C+
E18448,S0848,C080,SEM004,C
E18449,S0368,C014,SEM003,F
E18450,S0761,C018,SEM007,B-
E18451,S0999,C002,SEM001,B+
E18452,S0434,C039,SEM001,B
E18453,S0433,C007,SEM004,B
E18454,S0345,C056,SEM008,B
E18455,S0855,C020,SEM008,A-
E18456,S0258,C021,SEM001,B-
E18457,S0175,C047,SEM004,C+
E18458,S0121,C085,SEM002,C+
E18459,S0333,C045,SEM002,B+
E18460,S0271,C022,SEM004,B
E18461,S0657,C127,SEM002,C+
E18462,S0824,C046,SEM002,A-
E18463,S0269,C038,SEM008,A-
E18464,S0476,C049,SEM008,F
E18465,S0962,C017,SEM008,B+
E18466,S0668,C043,SEM003,B-
E18467,S0467,C001,SEM003,B+
E18468,S0244,C088,SEM005,B-
E18469,S0680,C031,SEM006,C
E18470,S0935,C128,SEM003,C
E18471,S0515,C085,SEM002,B
E18472,S0728,C065,SEM002,D
E18473,S0942,C025,SEM006,A-
E18474,S0195,C117,SEM003,B-
E18475,S0578,C126,SEM001,B-
E18476,S0780,C024,SEM007,F
E18477,S0931,C056,SEM003,C-
E18478,S0247,C092,SEM008,C
E18479,S0741,C106,SEM002,A
E18480,S0459,C137,SEM005,C+
E18481,S0093,C027,SEM005,B
E18482,S0709,C061,SEM006,B
E18483,S0655,C035,SEM005,B
E18484,S0004,C115,SEM005,D
E18485,S0770,C099,SEM006,B+
E18486,S0898,C047,SEM004,B+
E18487,S0827,C012,SEM001,C-
E18488,S0653,C022,SEM004,C+
E18489,S0343,C029,SEM005,C+
E18490,S0606,C013,SEM002,C+
E18491,S0881,C002,SEM005,B
E18492,S0552,C051,SEM003,B
E18493,S0085,C021,SEM008,C
E18494,S0822,C005,SEM005,C
E18495,S0038,C002,SEM002,C
E18496,S0929,C021,SEM006,C+
E18497,S0127,C048,SEM007,C-
E18498,S0120,C086,SEM008,C+
E18499,S0169,C056,SEM003,B
E18500,S0286,C048,SEM008,A
E18501,S0597,C022,SEM004,B
E18502,S0735,C012,SEM001,B
E18503,S0102,C031,SEM008,B-
E18504,S0458,C123,SEM001,C
E18505,S0791,C021,SEM006,B+
E18506,S0933,C084,SEM001,A-
E18507,S0445,C026,SEM002,B
E18508,S0499,C010,SEM004,D
E18509,S0390,C048,SEM004,B
E18510,S0176,C099,SEM006,B
E18511,S0509,C091,SEM006,B
E18512,S0761,C073,SEM003,B
E18513,S0900,C014,SEM004,A
E18514,S0008,C079,SEM006,D
E18515,S0007,C014,SEM003,D
E18516,S0748,C024,SEM004,A-
E18517,S0594,C093,SEM006,B+
E18518,S0696,C091,SEM005,C
E18519,S0528,C011,SEM003,F
E18520,S0529,C049,SEM001,B
E18521,S0251,C054,SEM007,B-
E18522,S0095,C017,SEM004,C+
E18523,S0954,C012,SEM007,B
E18524,S0201,C069,SEM002,B+
E18525,S0462,C037,SEM007,A-
E18526,S0716,C030,SEM008,B
E18527,S0092,C055,SEM008,B-
E18528,S0644,C016,SEM002,B
E18529,S0859,C031,SEM003,F
E18530,S0938,C049,SEM001,B-
E18531,S0882,C141,SEM005,D
E18532,S0429,C028,SEM002,A-
E18533,S0119,C043,SEM002,A-
E18534,S0331,C029,SEM001,C+
E18535,S0974,C061,SEM007,A-
E18536,S0212,C025,SEM004,B
E18537,S0753,C003,SEM006,C+
E18538,S0078,C007,SEM001,C+
E18539,S0532,C019,SEM002,B
E18540,S0100,C074,SEM001,F
E18541,S0173,C023,SEM006,D
E18542,S0129,C018,SEM003,B
E18543,S0213,C098,SEM002,B+
E18544,S0522,C002,SEM002,B+
E18545,S0060,C062,SEM007,A
E18546,S0256,C119,SEM006,B
E18547,S0911,C039,SEM007,C+
E18548,S0494,C004,SEM006,B
E18549,S0590,C047,SEM006,B-
E18550,S0101,C036,SEM007,D
E18551,S0618,C076,SEM003,A
E18552,S0842,C067,SEM006,B
E18553,S0588,C050,SEM003,D
E18554,S0042,C038,SEM004,B-
E18555,S0042,C007,SEM002,A
E18556,S0509,C040,SEM008,B
E18557,S0790,C038,SEM004,B
E18558,S0432,C103,SEM006,B
E18559,S0405,C069,SEM002,B
E18560,S0155,C088,SEM006,C
E18561,S0201,C078,SEM005,B+
E18562,S0331,C088,SEM002,B+
E18563,S0277,C003,SEM003,B
E18564,S0954,C035,SEM001,B+
E18565,S0896,C035,SEM008,B
E18566,S0141,C060,SEM001,A
E18567,S0358,C011,SEM003,B+
E18568,S0691,C034,SEM007,A
E18569,S0531,C048,SEM008,B
E18570,S0405,C005,SEM003,B
E18571,S0011,C029,SEM005,B+
E18572,S0104,C048,SEM001,C+
E18573,S0644,C117,SEM005,C+
E18574,S0631,C012,SEM003,B
E18575,S0484,C041,SEM007,B
E18576,S0255,C082,SEM002,C+
E18577,S0028,C035,SEM006,C-
E18578,S0245,C060,SEM006,A-
E18579,S0276,C012,SEM004,B-
E18580,S0173,C030,SEM004,B+
E18581,S0846,C070,SEM006,B
E18582,S0760,C058,SEM004,C
E18583,S0658,C042,SEM002,C-
E18584,S0416,C068,SEM008,A
E18585,S0372,C051,SEM005,C+
E18586,S0327,C058,SEM004,D
E18587,S0743,C033,SEM002,A-
E18588,S0094,C083,SEM004,A
E18589,S0912,C032,SEM001,B+
E18590,S0140,C088,SEM006,B+
E18591,S0952,C025,SEM008,A-
E18592,S0518,C017,SEM002,B+
E18593,S0508,C008,SEM004,B
E18594,S0497,C098,SEM003,A-
E18595,S0932,C056,SEM007,B
E18596,S0800,C073,SEM004,B
E18597,S0993,C007,SEM002,B
E18598,S0714,C028,SEM005,B+
E18599,S0090,C103,SEM008,B
E18600,S0928,C032,SEM006,B
E18601,S0164,C033,SEM004,A
E18602,S0748,C027,SEM005,B
E18603,S0709,C034,SEM004,B
E18604,S0253,C044,SEM001,B+
E18605,S0352,C035,SEM005,B-
E18606,S0535,C015,SEM001,B
E18607,S0944,C036,SEM005,C-
E18608,S0190,C119,SEM003,B+
E18609,S0772,C145,SEM006,A
E18610,S0571,C050,SEM007,B+
E18611,S0776,C008,SEM003,A-
E18612,S0629,C086,SEM003,C+
E18613,S0798,C147,SEM007,A
E18614,S0974,C012,SEM001,C+
E18615,S0506,C003,SEM004,B
E18616,S0244,C030,SEM008,A-
E18617,S0730,C097,SEM008,A
E18618,S0991,C011,SEM005,A
E18619,S0399,C127,SEM005,C-
E18620,S0683,C039,SEM003,B-
E18621,S0623,C048,SEM005,A
E18622,S0267,C040,SEM007,B-
E18623,S0663,C024,SEM005,C
E18624,S0361,C060,SEM008,B
E18625,S0299,C083,SEM008,C+
E18626,S0817,C080,SEM001,B
E18627,S0158,C044,SEM007,F
E18628,S0966,C056,SEM007,B
E18629,S0210,C139,SEM008,B-
E18630,S0516,C088,SEM005,C
E18631,S0209,C056,SEM003,A-
E18632,S0842,C016,SEM007,C
E18633,S0915,C015,SEM004,C
E18634,S0522,C043,SEM007,B+
E18635,S0093,C091,SEM001,A
E18636,S0819,C018,SEM005,B
E18637,S0122,C013,SEM003,C-
E18638,S0584,C027,SEM001,A-
E18639,S0854,C057,SEM003,A
E18640,S0058,C056,SEM005,C-
E18641,S0350,C009,SEM001,A
E18642,S0736,C002,SEM004,B
E18643,S0402,C090,SEM003,B
E18644,S0979,C056,SEM002,A-
E18645,S0301,C077,SEM008,B
E18646,S0494,C014,SEM005,B
E18647,S0257,C029,SEM008,B+
E18648,S0333,C004,SEM004,B+
E18649,S0613,C054,SEM004,A
E18650,S0145,C062,SEM006,B
E18651,S0292,C018,SEM003,B+
E18652,S0695,C054,SEM008,C+
E18653,S0484,C023,SEM001,F
E18654,S0915,C073,SEM007,A
E18655,S0823,C111,SEM007,A-
E18656,S0844,C144,SEM008,A-
E18657,S0976,C022,SEM007,B
E18658,S0695,C008,SEM005,C-
E18659,S0849,C082,SEM006,C+
E18660,S0979,C116,SEM005,A
E18661,S0156,C009,SEM002,B
E18662,S0923,C021,SEM006,C+
E18663,S0558,C038,SEM004,A-
E18664,S0997,C089,SEM007,A-
E18665,S0068,C034,SEM001,B
E18666,S0749,C107,SEM002,B
E18667,S0306,C074,SEM002,B
E18668,S0347,C018,SEM007,C
E18669,S0530,C097,SEM006,B-
E18670,S0469,C046,SEM003,A
E18671,S0383,C070,SEM005,C+
E18672,S0956,C099,SEM003,B
E18673,S0621,C003,SEM001,B+
E18674,S0416,C082,SEM008,A
E18675,S0004,C008,SEM001,C+
E18676,S0237,C128,SEM005,B-
E18677,S0089,C036,SEM004,C
E18678,S0441,C022,SEM007,B
E18679,S0049,C050,SEM005,B
E18680,S0018,C123,SEM006,B-
E18681,S0046,C042,SEM008,B+
E18682,S0588,C026,SEM008,B+
E18683,S0516,C034,SEM004,A
E18684,S0626,C020,SEM005,A-
E18685,S0687,C035,SEM001,B+
E18686,S0856,C045,SEM003,C
E18687,S0133,C089,SEM004,A-
E18688,S0777,C030,SEM002,A-
E18689,S0232,C043,SEM007,A
E18690,S0862,C023,SEM002,A
E18691,S0483,C027,SEM007,B+
E18692,S0222,C150,SEM006,A-
E18693,S0968,C005,SEM006,C
E18694,S0536,C019,SEM007,B
E18695,S0781,C065,SEM005,C
E18696,S0753,C021,SEM004,B
E18697,S0066,C134,SEM006,A
E18698,S0153,C018,SEM004,B+
E18699,S0383,C042,SEM005,C+
E18700,S0952,C020,SEM008,A
E18701,S0235,C130,SEM003,A-
E18702,S0945,C041,SEM004,C-
E18703,S0076,C001,SEM002,B
E18704,S0563,C013,SEM005,B
E18705,S0516,C010,SEM004,C+
E18706,S0571,C125,SEM008,D
E18707,S0451,C011,SEM006,B+
E18708,S0568,C139,SEM007,C+
E18709,S0532,C029,SEM008,B-
E18710,S0170,C025,SEM005,B-
E18711,S0652,C040,SEM005,B+
E18712,S0170,C108,SEM002,B-
E18713,S0509,C086,SEM008,B
E18714,S0543,C007,SEM002,B
E18715,S0418,C071,SEM008,B
E18716,S0820,C061,SEM004,B+
E18717,S0887,C044,SEM003,A
E18718,S0699,C036,SEM008,B-
E18719,S0964,C139,SEM002,B+
E18720,S0884,C009,SEM001,B-
E18721,S0567,C024,SEM005,C
E18722,S0712,C016,SEM008,A-
E18723,S0175,C031,SEM001,D
E18724,S0687,C113,SEM003,B
E18725,S0017,C044,SEM003,B-
E18726,S0929,C046,SEM002,B
E18727,S0230,C040,SEM008,B
E18728,S0205,C089,SEM001,B+
E18729,S0527,C081,SEM008,A-
E18730,S0563,C025,SEM008,B
E18731,S0698,C032,SEM005,B+
E18732,S0509,C086,SEM005,B+
E18733,S0853,C029,SEM008,B-
E18734,S0067,C114,SEM005,B
E18735,S0011,C088,SEM005,A
E18736,S0387,C040,SEM004,A-
E18737,S0165,C048,SEM001,C-
E18738,S0766,C076,SEM002,D
E18739,S1000,C086,SEM005,C+
E18740,S0163,C060,SEM004,B
E18741,S0396,C098,SEM008,B-
E18742,S0715,C028,SEM008,A
E18743,S0387,C081,SEM006,B
E18744,S0569,C049,SEM001,B
E18745,S0503,C040,SEM008,F
E18746,S0461,C079,SEM002,B-
E18747,S0249,C035,SEM002,C+
E18748,S0242,C050,SEM001,C+
E18749,S0517,C053,SEM002,B
E18750,S0592,C001,SEM003,B-
E18751,S0913,C003,SEM005,B-
E18752,S0538,C028,SEM006,B-
E18753,S0368,C074,SEM003,B-
E18754,S0372,C055,SEM007,B+
E18755,S0688,C064,SEM008,B+
E18756,S0826,C017,SEM005,B
E18757,S0894,C057,SEM006,D
E18758,S0229,C038,SEM008,D
E18759,S0667,C035,SEM002,A
E18760,S0811,C009,SEM007,A-
E18761,S0701,C021,SEM008,B-
E18762,S0250,C022,SEM003,B-
E18763,S0857,C017,SEM001,B
E18764,S0521,C049,SEM005,B
E18765,S0258,C081,SEM005,C+
E18766,S0774,C060,SEM005,C-
E18767,S0838,C076,SEM006,C
E18768,S0508,C004,SEM005,B-
E18769,S0737,C015,SEM008,B
E18770,S0167,C140,SEM003,C
E18771,S0482,C071,SEM007,B
E18772,S0742,C002,SEM003,A
E18773,S0493,C069,SEM008,C+
E18774,S0712,C071,SEM002,A-
E18775,S0875,C076,SEM006,C+
E18776,S0508,C051,SEM002,A
E18777,S0901,C017,SEM006,B-
E18778,S0642,C123,SEM006,C+
E18779,S0080,C085,SEM006,F
E18780,S0909,C019,SEM005,C+
E18781,S0084,C019,SEM006,B+
E18782,S0947,C043,SEM007,B
E18783,S0116,C113,SEM007,C
E18784,S0715,C048,SEM003,B+
E18785,S0670,C032,SEM007,B-
E18786,S0520,C134,SEM005,B+
E18787,S0169,C034,SEM004,B+
E18788,S0642,C097,SEM004,B
E18789,S0458,C117,SEM008,B-
E18790,S0891,C040,SEM003,B-
E18791,S0420,C109,SEM001,B+
E18792,S0726,C025,SEM006,C+
E18793,S0371,C119,SEM001,A
E18794,S0782,C045,SEM005,B+
E18795,S0644,C009,SEM007,B
E18796,S0950,C046,SEM004,B-
E18797,S0701,C129,SEM005,C+
E18798,S0933,C016,SEM005,B+
E18799,S0997,C072,SEM006,B-
E18800,S0812,C096,SEM001,C
E18801,S0783,C057,SEM008,B-
E18802,S0612,C094,SEM007,C
E18803,S0992,C109,SEM007,A-
E18804,S0801,C105,SEM003,A-
E18805,S0767,C032,SEM008,C+
E18806,S0501,C104,SEM002,F
E18807,S0337,C012,SEM002,A-
E18808,S0063,C095,SEM006,B+
E18809,S0384,C063,SEM002,B
E18810,S0454,C020,SEM007,A
E18811,S0498,C013,SEM005,B
E18812,S0610,C001,SEM007,C+
E18813,S0337,C036,SEM004,B-
E18814,S0890,C006,SEM005,B
E18815,S0439,C125,SEM008,C+
E18816,S0389,C073,SEM005,D
E18817,S0015,C012,SEM005,B-
E18818,S0331,C067,SEM007,C+
E18819,S0079,C090,SEM007,B-
E18820,S0846,C043,SEM004,A-
E18821,S0716,C067,SEM001,C+
E18822,S0617,C010,SEM004,B-
E18823,S0431,C023,SEM003,B
E18824,S0277,C079,SEM002,A-
E18825,S0848,C057,SEM003,C
E18826,S0448,C010,SEM001,D
E18827,S0069,C070,SEM005,B+
E18828,S0743,C028,SEM006,C
E18829,S0711,C028,SEM001,B+
E18830,S0206,C039,SEM006,C+
E18831,S0777,C129,SEM006,A-
E18832,S0339,C099,SEM003,B
E18833,S0104,C085,SEM007,C
E18834,S0544,C074,SEM008,A-
E18835,S0603,C077,SEM005,B-
E18836,S0193,C075,SEM008,C+
E18837,S0240,C013,SEM005,C+
E18838,S0646,C033,SEM002,C+
E18839,S0007,C027,SEM007,B+
E18840,S0427,C088,SEM008,B-
E18841,S0841,C084,SEM003,A
E18842,S0634,C003,SEM007,C
E18843,S0569,C122,SEM008,B+
E18844,S0038,C058,SEM001,C
E18845,S0093,C079,SEM001,B
E18846,S0180,C113,SEM002,C+
E18847,S0594,C023,SEM007,D
E18848,S0209,C043,SEM002,B-
E18849,S0001,C052,SEM005,B-
E18850,S0529,C048,SEM006,B-
E18851,S0844,C013,SEM005,A
E18852,S0581,C088,SEM008,C-
E18853,S0462,C052,SEM008,D
E18854,S0754,C026,SEM003,B+
E18855,S0464,C035,SEM001,C
E18856,S0114,C017,SEM007,C+
E18857,S0253,C062,SEM002,A-
E18858,S0979,C057,SEM004,C+
E18859,S0078,C026,SEM002,A-
E18860,S0041,C039,SEM001,B
E18861,S0020,C099,SEM003,B
E18862,S0570,C097,SEM003,B
E18863,S0105,C009,SEM008,B+
E18864,S0614,C103,SEM004,F
E18865,S0076,C053,SEM008,B
E18866,S0568,C046,SEM002,D
E18867,S0635,C029,SEM008,C
E18868,S0896,C016,SEM007,B
E18869,S0746,C111,SEM005,B-
E18870,S0595,C056,SEM001,B+
E18871,S0991,C010,SEM008,B-
E18872,S0162,C121,SEM001,A-
E18873,S0148,C047,SEM003,C+
E18874,S0212,C030,SEM004,A-
E18875,S0381,C141,SEM005,A
E18876,S0193,C029,SEM004,B
E18877,S0180,C115,SEM008,B
E18878,S0270,C146,SEM004,A-
E18879,S0806,C079,SEM004,B-
E18880,S0810,C150,SEM001,B
E18881,S0182,C055,SEM001,B
E18882,S0972,C004,SEM004,B+
E18883,S0822,C057,SEM007,C-
E18884,S0752,C075,SEM007,B+
E18885,S0072,C038,SEM006,A-
E18886,S0298,C033,SEM004,B-
E18887,S0294,C061,SEM001,B-
E18888,S0203,C086,SEM001,B
E18889,S0418,C083,SEM007,B
E18890,S0824,C064,SEM007,A
E18891,S0668,C086,SEM003,A
E18892,S0153,C038,SEM001,C+
E18893,S0003,C010,SEM005,A
E18894,S0276,C028,SEM008,C
E18895,S0162,C043,SEM006,B+
E18896,S0247,C020,SEM003,B+
E18897,S0204,C016,SEM001,C
E18898,S0344,C052,SEM005,A-
E18899,S0560,C075,SEM005,B
E18900,S0779,C061,SEM003,B-
E18901,S0574,C053,SEM008,B
E18902,S0207,C020,SEM005,A-
E18903,S0686,C011,SEM002,B+
E18904,S0562,C030,SEM008,B
E18905,S0666,C033,SEM008,C+
E18906,S0137,C092,SEM002,A
E18907,S0184,C017,SEM007,B-
E18908,S0434,C081,SEM007,C-
E18909,S0703,C084,SEM003,A-
E18910,S0274,C035,SEM008,B-
E18911,S0353,C051,SEM002,B+
E18912,S0015,C060,SEM004,B-
E18913,S0070,C041,SEM005,B
E18914,S0601,C012,SEM003,C
E18915,S0002,C067,SEM003,C
E18916,S0706,C093,SEM007,B
E18917,S0640,C087,SEM004,B-
E18918,S0021,C076,SEM007,A
E18919,S0916,C106,SEM005,C-
E18920,S0866,C013,SEM001,B
E18921,S0504,C012,SEM008,B
E18922,S0624,C095,SEM008,B-
E18923,S0838,C002,SEM008,F
E18924,S0632,C009,SEM004,C+
E18925,S0905,C056,SEM004,A-
E18926,S0384,C055,SEM006,C
E18927,S0362,C043,SEM005,A-
E18928,S0079,C004,SEM003,A-
E18929,S0474,C117,SEM005,B+
E18930,S0528,C085,SEM004,B
E18931,S0685,C133,SEM007,B
E18932,S0708,C004,SEM007,A
E18933,S0058,C007,SEM001,C
E18934,S0517,C022,SEM007,B-
E18935,S0854,C106,SEM008,B
E18936,S0351,C011,SEM003,C-
E18937,S0872,C103,SEM002,C+
E18938,S0024,C074,SEM002,B
E18939,S0635,C002,SEM006,B+
E18940,S0295,C085,SEM004,A
E18941,S0713,C056,SEM002,A-
E18942,S0666,C015,SEM008,B
E18943,S0540,C034,SEM006,C-
E18944,S0331,C051,SEM001,C
E18945,S0427,C035,SEM003,B+
E18946,S0013,C049,SEM006,B
E18947,S0091,C132,SEM008,B+
E18948,S0598,C079,SEM003,B-
E18949,S0231,C003,SEM003,B+
E18950,S0774,C011,SEM002,B
E18951,S0384,C025,SEM004,A
E18952,S0497,C003,SEM001,B
E18953,S0858,C109,SEM007,C+
E18954,S0111,C010,SEM006,B-
E18955,S0874,C056,SEM008,B
E18956,S0630,C046,SEM002,F
E18957,S0021,C045,SEM001,B-
E18958,S0261,C076,SEM004,B
E18959,S0478,C082,SEM003,C+
E18960,S0983,C121,SEM001,B
E18961,S0321,C006,SEM007,B-
E18962,S0904,C036,SEM002,A
E18963,S0041,C122,SEM004,B-
E18964,S0220,C133,SEM007,C
E18965,S0726,C027,SEM006,B
E18966,S0744,C063,SEM008,D
E18967,S0959,C081,SEM004,C+
E18968,S0464,C017,SEM005,B+
E18969,S0846,C112,SEM006,B
E18970,S0940,C027,SEM005,B-
E18971,S0156,C059,SEM006,B
E18972,S0392,C072,SEM001,D
E18973,S0603,C043,SEM008,A-
E18974,S0562,C034,SEM003,B-
E18975,S0483,C003,SEM001,C+
E18976,S0690,C020,SEM008,B+
E18977,S0685,C113,SEM008,A-
E18978,S0152,C024,SEM008,C+
E18979,S0880,C031,SEM003,A-
E18980,S0392,C063,SEM007,A-
E18981,S0023,C147,SEM005,D
E18982,S0883,C061,SEM005,C+
E18983,S0106,C025,SEM008,B
E18984,S0100,C075,SEM006,C-
E18985,S0362,C106,SEM005,B
E18986,S0797,C072,SEM008,B
E18987,S0594,C040,SEM003,B-
E18988,S0312,C084,SEM008,C
E18989,S0573,C034,SEM001,B
E18990,S0455,C016,SEM001,F
E18991,S0659,C093,SEM002,B+
E18992,S0455,C019,SEM008,B
E18993,S0373,C047,SEM007,B
E18994,S0864,C069,SEM005,B-
E18995,S0902,C074,SEM003,B
E18996,S0717,C043,SEM001,B-
E18997,S0822,C056,SEM006,B+
E18998,S0622,C025,SEM004,B+
E18999,S0328,C103,SEM001,B-
E19000,S0766,C006,SEM003,B-
E19001,S0677,C070,SEM003,B+
E19002,S0115,C149,SEM004,C+
E19003,S0148,C026,SEM002,C-
E19004,S0672,C081,SEM004,B+
E19005,S0662,C042,SEM006,C+
E19006,S0049,C091,SEM004,A-
E19007,S0664,C029,SEM006,B-
E19008,S0214,C029,SEM005,B-
E19009,S0637,C005,SEM004,B-
E19010,S0151,C051,SEM008,C
E19011,S0930,C054,SEM004,B-
E19012,S0949,C079,SEM004,B
E19013,S0542,C067,SEM002,B-
E19014,S0845,C076,SEM008,C+
E19015,S0894,C022,SEM008,A-
E19016,S0320,C074,SEM005,C+
E19017,S0671,C003,SEM006,B
E19018,S0565,C016,SEM003,D
E19019,S0931,C031,SEM003,A-
E19020,S0321,C029,SEM004,B-
E19021,S0784,C104,SEM006,A
E19022,S0571,C107,SEM005,B-
E19023,S0426,C104,SEM001,A-
E19024,S0397,C012,SEM004,B
E19025,S0081,C002,SEM007,B-
E19026,S0617,C068,SEM005,A
E19027,S0473,C006,SEM008,B+
E19028,S0247,C052,SEM002,B+
E19029,S0865,C048,SEM004,F
E19030,S0238,C104,SEM006,B+
E19031,S0478,C072,SEM007,F
E19032,S0897,C024,SEM006,C+
E19033,S0139,C032,SEM002,B+
E19034,S0732,C015,SEM003,B+
E19035,S0572,C118,SEM005,C+
E19036,S0496,C084,SEM004,B
E19037,S0942,C011,SEM005,B+
E19038,S0912,C041,SEM003,A-
E19039,S0100,C020,SEM007,C
E19040,S0097,C046,SEM006,B-
E19041,S0768,C056,SEM004,A-
E19042,S0144,C080,SEM007,B
E19043,S0451,C117,SEM005,B-
E19044,S0258,C091,SEM006,B-
E19045,S0637,C113,SEM003,A-
E19046,S0867,C125,SEM007,B-
E19047,S0362,C022,SEM006,C
E19048,S0338,C027,SEM001,C+
E19049,S0191,C011,SEM008,B+
E19050,S0443,C016,SEM007,B
E19051,S0484,C067,SEM008,A
E19052,S0854,C028,SEM003,C-
E19053,S0636,C076,SEM006,B
E19054,S0173,C023,SEM004,C-
E19055,S0839,C055,SEM006,B
E19056,S0923,C062,SEM006,B-
E19057,S0529,C028,SEM005,C-
E19058,S0711,C136,SEM007,B+
E19059,S0013,C115,SEM005,B-
E19060,S0441,C130,SEM001,B-
E19061,S0871,C026,SEM006,B+
E19062,S0498,C065,SEM006,B-
E19063,S0167,C084,SEM002,C+
E19064,S0471,C036,SEM008,A-
E19065,S0970,C034,SEM003,B+
E19066,S0134,C072,SEM002,B
E19067,S0591,C150,SEM004,C-
E19068,S0688,C095,SEM001,C+
E19069,S0152,C031,SEM002,B
E19070,S0308,C010,SEM008,B
E19071,S0329,C057,SEM004,B+
E19072,S0481,C036,SEM001,B
E19073,S0287,C023,SEM005,D
E19074,S0017,C079,SEM002,B
E19075,S0902,C020,SEM008,B
E19076,S0057,C016,SEM006,A-
E19077,S0052,C035,SEM004,B
E19078,S0644,C048,SEM002,B
E19079,S0699,C055,SEM007,B
E19080,S0768,C030,SEM007,A
E19081,S0698,C074,SEM005,C-
E19082,S0048,C114,SEM003,C
E19083,S0245,C066,SEM003,C+
E19084,S0384,C054,SEM002,B+
E19085,S0509,C059,SEM008,C+
E19086,S0757,C010,SEM004,B
E19087,S0254,C116,SEM002,B-
E19088,S0379,C069,SEM008,B-
E19089,S0225,C015,SEM008,C
E19090,S0010,C029,SEM006,A
E19091,S0410,C001,SEM001,B+
E19092,S0076,C019,SEM001,B
E19093,S0826,C069,SEM007,C-
E19094,S0584,C023,SEM002,B+
E19095,S0562,C003,SEM004,B-
E19096,S0277,C088,SEM003,A-
E19097,S0771,C079,SEM005,B-
E19098,S0895,C135,SEM001,A
E19099,S0293,C012,SEM002,B
E19100,S0475,C031,SEM004,C
E19101,S0041,C022,SEM008,A
E19102,S0527,C065,SEM005,B+
E19103,S0212,C144,SEM005,B-
E19104,S0642,C054,SEM005,C+
E19105,S0643,C003,SEM001,F
E19106,S0335,C033,SEM007,F
E19107,S0580,C008,SEM006,C
E19108,S0741,C008,SEM005,B-
E19109,S0341,C072,SEM001,A
E19110,S0757,C043,SEM004,B
E19111,S0470,C143,SEM008,D
E19112,S0912,C057,SEM006,B-
E19113,S0728,C054,SEM007,A-
E19114,S0736,C038,SEM007,C+
E19115,S0358,C061,SEM003,B+
E19116,S0232,C055,SEM003,B+
E19117,S0466,C001,SEM008,C-
E19118,S0504,C040,SEM001,B-
E19119,S0507,C096,SEM005,D
E19120,S0854,C021,SEM008,B
E19121,S0434,C078,SEM001,C-
E19122,S0607,C014,SEM006,F
E19123,S0378,C115,SEM005,B+
E19124,S0894,C024,SEM007,B
E19125,S0539,C075,SEM005,B+
E19126,S0425,C001,SEM001,B
E19127,S0579,C108,SEM002,C+
E19128,S0360,C045,SEM007,C+
E19129,S0784,C003,SEM006,A-
E19130,S0930,C006,SEM008,B
E19131,S0496,C023,SEM008,B
E19132,S0180,C036,SEM005,B+
E19133,S0303,C104,SEM003,C
E19134,S0498,C052,SEM002,C+
E19135,S0407,C018,SEM003,B-
E19136,S0431,C021,SEM005,B
E19137,S0140,C002,SEM002,D
E19138,S0525,C002,SEM001,B+
E19139,S0072,C097,SEM006,B
E19140,S0238,C027,SEM003,B
E19141,S0136,C049,SEM001,B
E19142,S0294,C043,SEM007,B
E19143,S0408,C008,SEM005,B
E19144,S0556,C005,SEM006,B-
E19145,S0016,C105,SEM001,C+
E19146,S0994,C084,SEM005,B
E19147,S0416,C050,SEM004,C+
E19148,S0110,C138,SEM002,B+
E19149,S0332,C049,SEM006,A-
E19150,S0402,C085,SEM001,B-
E19151,S0165,C041,SEM002,A-
E19152,S0729,C108,SEM006,A
E19153,S0402,C011,SEM001,C
E19154,S0243,C039,SEM005,B-
E19155,S0717,C125,SEM003,B-
E19156,S0145,C064,SEM003,C+
E19157,S0051,C057,SEM006,B-
E19158,S0821,C048,SEM005,B
E19159,S0372,C042,SEM006,B
E19160,S0495,C017,SEM001,A-
E19161,S0088,C060,SEM006,B
E19162,S0952,C109,SEM004,B
E19163,S0246,C022,SEM005,C
E19164,S0152,C014,SEM003,B-
E19165,S0684,C066,SEM007,D
E19166,S0362,C052,SEM003,A-
E19167,S0738,C069,SEM002,B
E19168,S0307,C005,SEM004,C
E19169,S0583,C021,SEM006,B
E19170,S0364,C048,SEM008,B
E19171,S0971,C038,SEM002,A
E19172,S0677,C027,SEM006,B+
E19173,S0816,C066,SEM003,C
E19174,S0268,C029,SEM007,C
E19175,S0840,C047,SEM008,A-
E19176,S0562,C055,SEM007,A
E19177,S0996,C021,SEM006,B-
E19178,S0781,C024,SEM001,A
E19179,S0531,C036,SEM007,A-
E19180,S0444,C018,SEM002,B
E19181,S0390,C042,SEM006,B
E19182,S0434,C039,SEM002,B+
E19183,S0200,C123,SEM002,C+
E19184,S0454,C109,SEM003,B-
E19185,S0327,C015,SEM002,A
E19186,S0801,C016,SEM001,B
E19187,S0841,C055,SEM007,B
E19188,S0228,C050,SEM003,C
E19189,S0435,C076,SEM007,B
E19190,S0847,C116,SEM004,C
E19191,S0126,C112,SEM008,C
E19192,S0051,C028,SEM003,B-
E19193,S0159,C106,SEM006,B
E19194,S0786,C031,SEM005,A
E19195,S0367,C020,SEM008,A-
E19196,S0076,C072,SEM001,B
E19197,S0943,C046,SEM007,B
E19198,S0684,C010,SEM007,B
E19199,S0922,C025,SEM005,B+
E19200,S0816,C006,SEM006,A
E19201,S0965,C059,SEM008,B-
E19202,S0436,C017,SEM002,C
E19203,S0965,C018,SEM001,B-
E19204,S0643,C044,SEM003,C+
E19205,S0074,C034,SEM002,F
E19206,S0535,C048,SEM008,D
E19207,S0762,C011,SEM001,C+
E19208,S0036,C062,SEM005,B-
E19209,S0763,C051,SEM003,B-
E19210,S0126,C054,SEM003,B
E19211,S0446,C060,SEM003,C
E19212,S0464,C076,SEM003,A-
E19213,S0855,C069,SEM006,B
E19214,S0690,C027,SEM001,B
E19215,S0230,C059,SEM003,B-
E19216,S0887,C074,SEM003,C+
E19217,S0272,C101,SEM006,D
E19218,S0540,C087,SEM006,C+
E19219,S0758,C008,SEM008,B+
E19220,S0825,C106,SEM007,C+
E19221,S0322,C034,SEM001,C+
E19222,S0719,C106,SEM001,C+
E19223,S0287,C042,SEM003,B-
E19224,S0467,C014,SEM001,B-
E19225,S0671,C116,SEM002,B+
E19226,S0688,C126,SEM007,B
E19227,S0083,C038,SEM008,B
E19228,S0470,C055,SEM002,B
E19229,S0313,C069,SEM005,A
E19230,S0421,C055,SEM007,B
E19231,S0222,C004,SEM006,B+
E19232,S0402,C088,SEM008,C+
E19233,S0314,C012,SEM004,B
E19234,S0204,C033,SEM001,C
E19235,S0293,C072,SEM001,D
E19236,S0117,C065,SEM007,A-
E19237,S0835,C026,SEM004,B-
E19238,S0367,C055,SEM007,C+
E19239,S0197,C108,SEM001,A
E19240,S0610,C035,SEM006,B
E19241,S0450,C013,SEM004,A
E19242,S0064,C026,SEM002,A
E19243,S0418,C041,SEM006,B-
E19244,S0826,C064,SEM006,B+
E19245,S0879,C022,SEM007,D
E19246,S0928,C073,SEM006,B
E19247,S0423,C046,SEM005,A
E19248,S0688,C048,SEM002,A-
E19249,S0922,C064,SEM002,C+
E19250,S0199,C036,SEM002,A
E19251,S0178,C141,SEM005,B
E19252,S0715,C018,SEM003,C+
E19253,S0138,C030,SEM006,B
E19254,S0756,C032,SEM007,A
E19255,S0036,C101,SEM005,C
E19256,S0017,C030,SEM005,C-
E19257,S0127,C071,SEM006,B-
E19258,S0288,C094,SEM008,B
E19259,S0679,C136,SEM002,B+
E19260,S0880,C077,SEM008,B
E19261,S0265,C011,SEM001,B+
E19262,S0383,C131,SEM007,C
E19263,S0443,C074,SEM007,A-
E19264,S0512,C089,SEM003,C-
E19265,S0481,C108,SEM001,B-
E19266,S0659,C071,SEM007,A
E19267,S0495,C026,SEM007,D
E19268,S0622,C052,SEM001,C
E19269,S0420,C101,SEM008,C-
E19270,S0901,C013,SEM005,B
E19271,S0471,C042,SEM006,F
E19272,S0129,C032,SEM002,A
E19273,S0602,C061,SEM003,B
E19274,S0662,C060,SEM002,B
E19275,S0371,C001,SEM002,C
E19276,S0833,C012,SEM007,C-
E19277,S0365,C038,SEM003,B
E19278,S0314,C119,SEM007,C
E19279,S0440,C098,SEM005,A-
E19280,S0065,C083,SEM002,C-
E19281,S0028,C025,SEM001,C-
E19282,S0493,C064,SEM006,B+
E19283,S0996,C064,SEM003,B+
E19284,S0953,C002,SEM008,A
E19285,S0488,C079,SEM008,B+
E19286,S0583,C040,SEM002,F
E19287,S0354,C120,SEM008,B
E19288,S0072,C099,SEM006,B-
E19289,S0438,C056,SEM005,A
E19290,S0574,C046,SEM004,B
E19291,S0809,C043,SEM002,D
E19292,S0730,C001,SEM007,B
E19293,S0821,C031,SEM001,A-
E19294,S0289,C016,SEM007,B+
E19295,S0670,C089,SEM003,A-
E19296,S0862,C140,SEM004,B+
E19297,S0954,C022,SEM008,A-
E19298,S0821,C104,SEM002,A
E19299,S0072,C145,SEM002,B
E19300,S0542,C086,SEM005,B
E19301,S0162,C107,SEM008,C+
E19302,S0063,C066,SEM002,B-
E19303,S0781,C017,SEM003,B
E19304,S0350,C020,SEM005,B-
E19305,S0233,C029,SEM005,D
E19306,S0320,C018,SEM007,C+
E19307,S0850,C005,SEM002,B+
E19308,S0026,C080,SEM007,A
E19309,S0614,C120,SEM003,A-
E19310,S0689,C012,SEM002,C-
E19311,S0319,C003,SEM002,C+
E19312,S0652,C009,SEM003,C
E19313,S0158,C090,SEM008,B
E19314,S0182,C051,SEM005,B+
E19315,S0275,C011,SEM006,B
E19316,S0911,C060,SEM007,B
E19317,S0965,C019,SEM008,C
E19318,S0829,C001,SEM002,B-
E19319,S0512,C056,SEM008,B+
E19320,S0611,C019,SEM007,C+
E19321,S0013,C103,SEM003,F
E19322,S0123,C049,SEM001,B
E19323,S0015,C088,SEM006,B+
E19324,S0664,C011,SEM004,B
E19325,S0893,C095,SEM001,B-
E19326,S0282,C009,SEM008,B-
E19327,S0228,C086,SEM003,B
E19328,S0904,C108,SEM008,A-
E19329,S0147,C002,SEM006,B
E19330,S0608,C035,SEM006,B
E19331,S0710,C050,SEM008,B-
E19332,S0148,C008,SEM004,B
E19333,S0386,C035,SEM002,A
E19334,S0732,C077,SEM005,D
E19335,S0436,C146,SEM001,B-
E19336,S0031,C047,SEM006,B-
E19337,S0926,C009,SEM006,B+
E19338,S0012,C018,SEM006,C
E19339,S0846,C036,SEM002,C
E19340,S0468,C044,SEM002,B
E19341,S0317,C041,SEM008,C
E19342,S0735,C047,SEM006,C+
E19343,S0579,C074,SEM006,B-
E19344,S0943,C023,SEM005,B-
E19345,S0865,C010,SEM004,A-
E19346,S0320,C102,SEM007,B+
E19347,S0503,C099,SEM006,C+
E19348,S0060,C025,SEM008,D
E19349,S0088,C064,SEM004,C-
E19350,S0930,C017,SEM007,C+
E19351,S0122,C060,SEM008,B+
E19352,S0150,C145,SEM002,B-
E19353,S0053,C008,SEM006,C
E19354,S0231,C051,SEM002,C
E19355,S0601,C001,SEM002,C
E19356,S0509,C045,SEM005,F
E19357,S0901,C023,SEM003,B-
E19358,S0880,C038,SEM005,B
E19359,S0157,C007,SEM006,A-
E19360,S0870,C013,SEM002,C
E19361,S0468,C078,SEM002,A
E19362,S0641,C029,SEM002,B
E19363,S0962,C045,SEM002,C+
E19364,S0714,C045,SEM003,C
E19365,S0079,C112,SEM005,B-
E19366,S0126,C006,SEM003,B+
E19367,S0126,C041,SEM002,B
E19368,S0277,C067,SEM003,B+
E19369,S0471,C005,SEM008,B
E19370,S0746,C019,SEM006,A
E19371,S0340,C023,SEM002,B
E19372,S0674,C069,SEM004,B
E19373,S0211,C020,SEM006,B+
E19374,S0069,C125,SEM007,B
E19375,S0428,C003,SEM001,D
E19376,S0055,C003,SEM005,D
E19377,S0964,C034,SEM007,B
E19378,S0009,C084,SEM008,B+
E19379,S0008,C101,SEM002,B-
E19380,S0671,C006,SEM003,A
E19381,S0004,C149,SEM008,A
E19382,S0575,C015,SEM004,F
E19383,S0074,C051,SEM006,B-
E19384,S0100,C111,SEM003,B
E19385,S0166,C038,SEM007,A-
E19386,S0937,C081,SEM002,C
E19387,S0751,C146,SEM005,C+
E19388,S0385,C071,SEM006,B+
E19389,S0507,C046,SEM005,A
E19390,S0564,C070,SEM007,C-
E19391,S0756,C004,SEM007,B-
E19392,S0841,C105,SEM002,B+
E19393,S0567,C088,SEM003,A-
E19394,S0504,C008,SEM002,B-
E19395,S0068,C019,SEM007,B+
E19396,S0042,C043,SEM006,B
E19397,S0665,C066,SEM003,C-
E19398,S0971,C016,SEM008,A-
E19399,S0538,C026,SEM003,A
E19400,S0160,C034,SEM006,C
E19401,S0317,C031,SEM005,B-
E19402,S0502,C134,SEM007,B-
E19403,S0596,C011,SEM003,B-
E19404,S0440,C103,SEM004,A
E19405,S0793,C073,SEM004,B-
E19406,S0441,C029,SEM004,B+
E19407,S0820,C029,SEM006,B
E19408,S0634,C026,SEM007,B
E19409,S0512,C054,SEM001,B+
E19410,S0231,C009,SEM004,B-
E19411,S0566,C015,SEM005,B
E19412,S0103,C024,SEM002,C
E19413,S0674,C064,SEM003,B
E19414,S0109,C047,SEM008,C+
E19415,S0557,C077,SEM003,B
E19416,S0032,C060,SEM005,A
E19417,S0946,C109,SEM006,B+
E19418,S0126,C049,SEM002,C-
E19419,S0797,C013,SEM004,C+
E19420,S0638,C126,SEM007,C-
E19421,S0833,C074,SEM005,B-
E19422,S0505,C037,SEM005,C-
E19423,S0034,C040,SEM002,B+
E19424,S0120,C033,SEM007,C-
E19425,S0116,C093,SEM006,A-
E19426,S0965,C035,SEM001,C-
E19427,S0421,C081,SEM005,B
E19428,S0347,C066,SEM003,B+
E19429,S0822,C071,SEM004,B+
E19430,S0344,C116,SEM006,A
E19431,S0178,C100,SEM002,B-
E19432,S0501,C103,SEM002,A-
E19433,S0446,C018,SEM001,B
E19434,S0015,C030,SEM006,B
E19435,S0901,C114,SEM007,B
E19436,S0617,C088,SEM001,B+
E19437,S0945,C014,SEM003,B
E19438,S0458,C082,SEM003,B-
E19439,S0330,C041,SEM004,B+
E19440,S0833,C144,SEM007,B-
E19441,S0787,C002,SEM001,B-
E19442,S0667,C007,SEM004,B+
E19443,S0332,C008,SEM005,B+
E19444,S0280,C001,SEM005,B+
E19445,S0152,C016,SEM002,A-
E19446,S0919,C012,SEM004,B
E19447,S0887,C054,SEM007,C+
E19448,S0459,C077,SEM001,C
E19449,S0959,C030,SEM003,B+
E19450,S0887,C136,SEM001,A-
E19451,S0602,C128,SEM004,B-
E19452,S0357,C062,SEM001,B
E19453,S0131,C089,SEM002,B-
E19454,S0943,C085,SEM005,B
E19455,S0309,C095,SEM001,B-
E19456,S0569,C015,SEM007,B
E19457,S0405,C037,SEM006,C
E19458,S0795,C005,SEM004,C-
E19459,S0651,C015,SEM006,F
E19460,S0239,C030,SEM003,C+
E19461,S0533,C092,SEM003,C-
E19462,S0523,C091,SEM004,A-
E19463,S0400,C031,SEM007,B-
E19464,S0771,C037,SEM006,C+
E19465,S0985,C013,SEM006,B
E19466,S0059,C013,SEM007,C
E19467,S0984,C126,SEM005,B-
E19468,S0532,C059,SEM005,B-
E19469,S0438,C015,SEM005,B
E19470,S0175,C096,SEM002,A-
E19471,S0993,C049,SEM006,C+
E19472,S0062,C035,SEM001,D
E19473,S0263,C064,SEM002,A-
E19474,S0071,C105,SEM002,A-
E19475,S0676,C009,SEM001,B
E19476,S0563,C048,SEM005,F
E19477,S0897,C034,SEM007,C+
E19478,S0006,C042,SEM004,A-
E19479,S0087,C142,SEM003,B-
E19480,S0027,C002,SEM008,A-
E19481,S0661,C067,SEM005,C
E19482,S0249,C003,SEM008,B-
E19483,S0517,C001,SEM001,C+
E19484,S0593,C054,SEM002,A-
E19485,S0944,C056,SEM001,B
E19486,S0143,C031,SEM002,C+
E19487,S0829,C034,SEM005,A
E19488,S0234,C080,SEM001,C
E19489,S0049,C043,SEM004,A
E19490,S0870,C083,SEM004,F
E19491,S0195,C110,SEM003,B
E19492,S0703,C001,SEM004,B-
E19493,S0057,C029,SEM007,B
E19494,S0409,C058,SEM002,B-
E19495,S0263,C021,SEM003,B
E19496,S0429,C033,SEM003,B-
E19497,S0143,C002,SEM007,A-
E19498,S0812,C059,SEM001,B-
E19499,S0354,C062,SEM006,B+
E19500,S0230,C006,SEM008,B
E19501,S0443,C017,SEM008,B-
E19502,S0456,C126,SEM005,A
E19503,S0274,C019,SEM004,D
E19504,S0841,C085,SEM008,B+
E19505,S0778,C054,SEM004,D
E19506,S0412,C054,SEM005,B+
E19507,S0145,C004,SEM004,B
E19508,S0502,C026,SEM004,C+
E19509,S0502,C047,SEM008,C
E19510,S0403,C007,SEM003,B
E19511,S0308,C024,SEM003,C+
E19512,S0152,C061,SEM004,D
E19513,S0519,C046,SEM005,B+
E19514,S0597,C028,SEM008,B
E19515,S0321,C016,SEM008,C
E19516,S0088,C040,SEM005,B
E19517,S0593,C030,SEM003,B
E19518,S0947,C129,SEM003,B-
E19519,S0212,C088,SEM002,B+
E19520,S0033,C085,SEM001,B+
E19521,S0235,C067,SEM008,B+
E19522,S0186,C033,SEM002,B
E19523,S0533,C093,SEM005,B+
E19524,S0595,C030,SEM004,B
E19525,S0043,C099,SEM004,B-
E19526,S0341,C065,SEM004,D
E19527,S0414,C102,SEM001,C+
E19528,S0153,C095,SEM002,B-
E19529,S0418,C064,SEM005,D
E19530,S0729,C123,SEM004,A-
E19531,S0776,C050,SEM008,C+
E19532,S0991,C067,SEM004,B-
E19533,S0379,C024,SEM001,A
E19534,S0822,C097,SEM007,A-
E19535,S0819,C061,SEM005,A
E19536,S0643,C009,SEM002,F
E19537,S0672,C030,SEM005,B
E19538,S0380,C003,SEM002,A-
E19539,S0045,C108,SEM003,C+
E19540,S0017,C050,SEM001,B-
E19541,S0149,C065,SEM005,B
E19542,S0702,C045,SEM003,B-
E19543,S0800,C004,SEM005,B+
E19544,S0649,C001,SEM008,B+
E19545,S0796,C127,SEM003,A
E19546,S0615,C107,SEM007,F
E19547,S0578,C086,SEM005,B+
E19548,S0749,C074,SEM008,B
E19549,S0075,C006,SEM007,B
E19550,S0263,C047,SEM008,B
E19551,S0117,C036,SEM001,A-
E19552,S0431,C093,SEM003,B
E19553,S0497,C096,SEM006,B-
E19554,S0370,C068,SEM007,A
E19555,S0414,C088,SEM002,A
E19556,S0251,C012,SEM008,A
E19557,S0468,C039,SEM002,C-
E19558,S0891,C039,SEM003,C
E19559,S0472,C062,SEM008,B
E19560,S0918,C100,SEM008,B+
E19561,S0107,C099,SEM007,D
E19562,S0819,C054,SEM008,B
E19563,S0201,C125,SEM002,B
E19564,S0102,C040,SEM001,C
E19565,S0510,C052,SEM007,C+
E19566,S0112,C049,SEM006,B
E19567,S0796,C056,SEM007,D
E19568,S0357,C068,SEM007,B
E19569,S0033,C017,SEM007,B
E19570,S0676,C100,SEM006,A
E19571,S0997,C014,SEM008,B+
E19572,S0474,C037,SEM005,C+
E19573,S0510,C036,SEM002,B
E19574,S0598,C050,SEM006,B+
E19575,S0623,C032,SEM001,C
E19576,S0272,C059,SEM001,A-
E19577,S0375,C138,SEM007,C-
E19578,S0873,C074,SEM003,B-
E19579,S0165,C011,SEM003,B+
E19580,S0604,C104,SEM006,C
E19581,S0194,C092,SEM002,C+
E19582,S0880,C033,SEM003,A
E19583,S0343,C034,SEM003,B
E19584,S0349,C010,SEM007,B-
E19585,S0999,C061,SEM003,B+
E19586,S0022,C030,SEM008,B
E19587,S0451,C016,SEM008,A-
E19588,S0085,C120,SEM006,D
E19589,S0869,C022,SEM003,A-
E19590,S0037,C004,SEM005,F
E19591,S0636,C007,SEM001,D
E19592,S0124,C138,SEM008,B
E19593,S0842,C075,SEM007,B
E19594,S0019,C070,SEM006,B+
E19595,S0664,C034,SEM004,B-
E19596,S0167,C083,SEM007,B
E19597,S0795,C010,SEM008,B-
E19598,S0568,C142,SEM001,A
E19599,S0688,C036,SEM003,B-
E19600,S0873,C014,SEM001,B-
E19601,S0596,C051,SEM007,B+
E19602,S0293,C018,SEM004,B+
E19603,S0985,C094,SEM005,B+
E19604,S0449,C074,SEM003,A-
E19605,S0022,C078,SEM008,B+
E19606,S0349,C003,SEM008,C
E19607,S0914,C002,SEM004,A
E19608,S0184,C115,SEM005,B
E19609,S0650,C055,SEM008,C+
E19610,S0283,C004,SEM008,B-
E19611,S0602,C024,SEM001,C+
E19612,S0180,C058,SEM002,B-
E19613,S0562,C091,SEM008,A-
E19614,S0899,C083,SEM005,B-
E19615,S0837,C039,SEM005,B+
E19616,S0649,C017,SEM005,C
E19617,S0998,C074,SEM001,B+
E19618,S0838,C050,SEM002,A-
E19619,S0921,C052,SEM001,B
E19620,S0978,C071,SEM005,D
E19621,S0422,C036,SEM003,B
E19622,S0185,C003,SEM008,B
E19623,S0141,C097,SEM004,A
E19624,S0492,C029,SEM004,B+
E19625,S0977,C029,SEM008,C
E19626,S0901,C016,SEM006,B
E19627,S0909,C018,SEM003,B
E19628,S0192,C023,SEM008,C+
E19629,S0537,C093,SEM008,D
E19630,S0537,C018,SEM006,B+
E19631,S0511,C073,SEM004,B
E19632,S0992,C004,SEM003,B-
E19633,S0496,C009,SEM008,B+
E19634,S0437,C033,SEM008,F
E19635,S0310,C016,SEM003,B
E19636,S0679,C019,SEM003,B-
E19637,S0420,C005,SEM003,B+
E19638,S0660,C121,SEM004,A-
E19639,S0015,C061,SEM007,B+
E19640,S0885,C060,SEM004,B-
E19641,S0452,C090,SEM008,C
E19642,S0851,C031,SEM004,B-
E19643,S0796,C058,SEM007,B-
E19644,S0273,C052,SEM007,C+
E19645,S0313,C017,SEM003,B-
E19646,S0779,C083,SEM001,C+
E19647,S0174,C126,SEM001,C+
E19648,S0325,C079,SEM003,B+
E19649,S0986,C103,SEM002,B+
E19650,S0970,C006,SEM002,B-
E19651,S0828,C059,SEM004,A-
E19652,S0270,C012,SEM003,B
E19653,S0563,C032,SEM001,A
E19654,S0468,C020,SEM002,B
E19655,S0131,C007,SEM006,C+
E19656,S0744,C088,SEM004,C+
E19657,S0689,C056,SEM001,A-
E19658,S0308,C109,SEM002,A-
E19659,S0277,C105,SEM005,B-
E19660,S0550,C004,SEM005,B+
E19661,S0028,C011,SEM004,B-
E19662,S0369,C051,SEM001,C
E19663,S0409,C022,SEM004,C
E19664,S0039,C136,SEM003,A
E19665,S0845,C115,SEM006,C
E19666,S0195,C006,SEM008,A-
E19667,S0376,C032,SEM002,C
E19668,S0810,C093,SEM008,B
E19669,S0495,C001,SEM008,B+
E19670,S0594,C021,SEM001,A-
E19671,S0609,C102,SEM002,B+
E19672,S0354,C114,SEM002,C
E19673,S0464,C030,SEM002,A-
E19674,S0297,C062,SEM007,D
E19675,S0944,C116,SEM005,C+
E19676,S0112,C006,SEM004,B+
E19677,S0928,C003,SEM004,C
E19678,S0012,C061,SEM002,B
E19679,S0055,C089,SEM005,A-
E19680,S0227,C003,SEM001,C+
E19681,S0780,C084,SEM007,C+
E19682,S0850,C027,SEM004,B
E19683,S0646,C004,SEM007,B+
E19684,S0789,C036,SEM005,B-
E19685,S0843,C005,SEM002,C-
E19686,S0836,C001,SEM001,B
E19687,S0382,C134,SEM004,C+
E19688,S0695,C063,SEM005,C
E19689,S0059,C021,SEM005,B
E19690,S0439,C016,SEM003,F
E19691,S0691,C072,SEM001,A-
E19692,S0151,C100,SEM005,C
E19693,S0907,C045,SEM007,B+
E19694,S0902,C061,SEM002,B-
E19695,S0135,C076,SEM008,B+
E19696,S0909,C009,SEM001,C
E19697,S0377,C028,SEM004,A
E19698,S0120,C047,SEM002,A-
E19699,S0143,C036,SEM005,B-
E19700,S0369,C086,SEM002,B+
E19701,S0726,C064,SEM005,C
E19702,S0793,C001,SEM006,B+
E19703,S0592,C042,SEM004,C-
E19704,S0552,C058,SEM001,B
E19705,S0729,C015,SEM008,B-
E19706,S0538,C099,SEM001,C
E19707,S0141,C089,SEM002,F
E19708,S0311,C054,SEM008,B+
E19709,S0658,C005,SEM008,B-
E19710,S0948,C007,SEM001,A
E19711,S0345,C121,SEM007,B-
E19712,S0238,C054,SEM001,A
E19713,S0788,C026,SEM006,B
E19714,S0953,C030,SEM005,B
E19715,S0990,C080,SEM008,C+
E19716,S0351,C048,SEM008,B
E19717,S0500,C050,SEM007,B+
E19718,S0156,C059,SEM004,A-
E19719,S0093,C020,SEM001,A-
E19720,S0844,C018,SEM008,B-
E19721,S0230,C076,SEM004,C+
E19722,S0537,C079,SEM002,C-
E19723,S0099,C012,SEM005,A
E19724,S0205,C043,SEM007,B+
E19725,S0842,C037,SEM004,A
E19726,S0063,C014,SEM001,B+
E19727,S0773,C099,SEM001,B
E19728,S0785,C107,SEM002,B+
E19729,S0393,C099,SEM002,B
E19730,S0007,C024,SEM004,B
E19731,S0732,C009,SEM008,C-
E19732,S0044,C038,SEM008,A
E19733,S0249,C054,SEM005,A-
E19734,S0639,C129,SEM005,B+
E19735,S0647,C040,SEM003,F
E19736,S0010,C035,SEM005,C
E19737,S0025,C009,SEM004,D
E19738,S0164,C038,SEM003,B-
E19739,S0922,C046,SEM003,A-
E19740,S0644,C096,SEM002,A-
E19741,S0275,C027,SEM008,C+
E19742,S0467,C126,SEM005,D
E19743,S0502,C062,SEM004,B-
E19744,S0871,C086,SEM002,C-
E19745,S0018,C061,SEM003,C-
E19746,S0792,C093,SEM004,C-
E19747,S0063,C074,SEM008,C+
E19748,S0694,C130,SEM008,C
E19749,S0869,C137,SEM003,C+
E19750,S0552,C108,SEM008,F
E19751,S0693,C053,SEM005,C
E19752,S0661,C047,SEM003,B-
E19753,S0031,C006,SEM005,B+
E19754,S0673,C089,SEM002,B
E19755,S0625,C029,SEM007,C
E19756,S0945,C111,SEM007,B-
E19757,S0616,C061,SEM001,B
E19758,S0903,C037,SEM007,B-
E19759,S0186,C017,SEM005,B
E19760,S0588,C025,SEM005,B-
E19761,S0144,C029,SEM004,B-
E19762,S0304,C041,SEM008,B-
E19763,S0191,C005,SEM004,D
E19764,S0516,C006,SEM004,A-
E19765,S0920,C056,SEM004,B+
E19766,S0758,C122,SEM003,B
E19767,S0164,C064,SEM007,C
E19768,S0604,C084,SEM005,B
E19769,S0190,C081,SEM006,D
E19770,S0910,C042,SEM005,A
E19771,S0348,C111,SEM006,A-
E19772,S0727,C019,SEM003,B
E19773,S0635,C040,SEM007,A-
E19774,S0287,C031,SEM005,B
E19775,S0830,C116,SEM004,A-
E19776,S0992,C141,SEM007,A
E19777,S0900,C143,SEM008,C
E19778,S0126,C023,SEM004,C+
E19779,S0763,C096,SEM005,B
E19780,S0990,C044,SEM003,C+
E19781,S0417,C006,SEM005,A-
E19782,S0124,C087,SEM006,B
E19783,S0932,C018,SEM005,B-
E19784,S0403,C023,SEM007,B+
E19785,S0281,C039,SEM002,A-
E19786,S0717,C117,SEM007,B+
E19787,S0234,C084,SEM002,F
E19788,S0493,C104,SEM002,C-
E19789,S0422,C010,SEM001,B+
E19790,S0262,C015,SEM007,B
E19791,S0236,C013,SEM004,B
E19792,S0510,C077,SEM008,B-
E19793,S0157,C049,SEM008,D
E19794,S0375,C028,SEM001,B-
E19795,S0370,C084,SEM002,B
E19796,S0811,C013,SEM007,A-
E19797,S0068,C014,SEM008,B+
E19798,S0968,C016,SEM006,B-
E19799,S0409,C052,SEM008,C
E19800,S0487,C046,SEM004,D
E19801,S0297,C019,SEM002,B
E19802,S0165,C057,SEM006,B-
E19803,S0105,C029,SEM005,B+
E19804,S0222,C025,SEM003,B
E19805,S0487,C024,SEM004,B-
E19806,S0818,C027,SEM007,B+
E19807,S0338,C027,SEM001,A-
E19808,S0185,C020,SEM004,A-
E19809,S0672,C085,SEM005,B-
E19810,S0276,C086,SEM003,B-
E19811,S0210,C076,SEM008,B+
E19812,S0424,C047,SEM006,C+
E19813,S0182,C017,SEM005,B+
E19814,S0463,C084,SEM003,B
E19815,S0932,C023,SEM005,B+
E19816,S0575,C112,SEM002,A
E19817,S0166,C005,SEM003,B
E19818,S0755,C026,SEM004,C
E19819,S0504,C017,SEM001,C-
E19820,S0178,C041,SEM005,B
E19821,S0848,C060,SEM004,A
E19822,S0849,C099,SEM003,B-
E19823,S0667,C057,SEM001,B-
E19824,S0527,C060,SEM007,B+
E19825,S0211,C085,SEM004,B+
E19826,S0555,C044,SEM004,A
E19827,S0468,C115,SEM002,D
E19828,S0984,C043,SEM003,B
E19829,S0005,C058,SEM007,B+
E19830,S0125,C099,SEM005,B
E19831,S0222,C019,SEM001,C+
E19832,S0873,C010,SEM001,B
E19833,S0365,C092,SEM008,A-
E19834,S0454,C062,SEM007,B
E19835,S0882,C034,SEM001,C+
E19836,S0081,C030,SEM004,B
E19837,S0418,C025,SEM002,B
E19838,S0641,C063,SEM003,A-
E19839,S0575,C050,SEM002,C-
E19840,S0759,C018,SEM007,B+
E19841,S0596,C110,SEM003,A-
E19842,S0635,C109,SEM003,B
E19843,S0135,C092,SEM008,A-
E19844,S0274,C003,SEM006,C
E19845,S0444,C034,SEM003,C-
E19846,S0315,C106,SEM002,B
E19847,S0654,C093,SEM002,B-
E19848,S0657,C085,SEM002,C+
E19849,S0411,C064,SEM005,C
E19850,S0607,C102,SEM007,B+
E19851,S0765,C060,SEM008,B-
E19852,S0054,C003,SEM005,B
E19853,S0002,C099,SEM007,C
E19854,S0079,C051,SEM007,C+
E19855,S0360,C005,SEM001,B+
E19856,S0175,C017,SEM002,C+
E19857,S0115,C101,SEM002,D
E19858,S0777,C042,SEM001,B-
E19859,S0876,C083,SEM003,A
E19860,S0808,C040,SEM006,B-
E19861,S0245,C031,SEM002,B+
E19862,S0499,C119,SEM008,D
E19863,S0496,C004,SEM002,B
E19864,S0148,C022,SEM001,C
E19865,S0126,C045,SEM007,B-
E19866,S0273,C089,SEM003,B+
E19867,S0049,C006,SEM005,B
E19868,S0530,C044,SEM001,B
E19869,S0894,C028,SEM007,B
E19870,S0679,C023,SEM002,A
E19871,S0838,C081,SEM006,A
E19872,S0495,C110,SEM008,B+
E19873,S0086,C074,SEM003,F
E19874,S0622,C130,SEM003,C
E19875,S0262,C099,SEM004,B-
E19876,S0234,C045,SEM004,C
E19877,S0190,C074,SEM002,F
E19878,S0153,C066,SEM006,A-
E19879,S0750,C046,SEM004,B
E19880,S0452,C023,SEM008,B+
E19881,S0832,C120,SEM008,C
E19882,S0207,C009,SEM005,A
E19883,S0016,C061,SEM001,A
E19884,S0947,C047,SEM006,C-
E19885,S0948,C108,SEM001,B+
E19886,S0629,C062,SEM004,B
E19887,S0586,C067,SEM005,B-
E19888,S0135,C072,SEM004,B+
E19889,S0042,C027,SEM008,A
E19890,S0551,C035,SEM004,B+
E19891,S0483,C034,SEM006,B
E19892,S0343,C037,SEM004,B
E19893,S0631,C017,SEM001,C+
E19894,S0796,C056,SEM008,C-
E19895,S0524,C009,SEM003,C
E19896,S0911,C021,SEM005,C+
E19897,S0087,C074,SEM008,B
E19898,S0834,C081,SEM004,A-
E19899,S0126,C086,SEM002,B
E19900,S0351,C033,SEM007,A-
E19901,S0041,C022,SEM001,C+
E19902,S0625,C008,SEM001,D
E19903,S0966,C078,SEM001,B
E19904,S0943,C099,SEM005,F
E19905,S0848,C065,SEM002,B-
E19906,S0838,C068,SEM008,B+
E19907,S0050,C074,SEM007,B+
E19908,S0354,C046,SEM002,C+
E19909,S0454,C092,SEM005,A
E19910,S0752,C048,SEM006,B-
E19911,S0518,C120,SEM008,B
E19912,S0381,C055,SEM001,A-
E19913,S0976,C026,SEM004,C-
E19914,S0212,C055,SEM002,C-
E19915,S0611,C051,SEM007,B-
E19916,S0394,C001,SEM002,A-
E19917,S0039,C114,SEM005,D
E19918,S0609,C116,SEM006,C
E19919,S0401,C002,SEM002,C+
E19920,S0959,C032,SEM003,C-
E19921,S0809,C058,SEM004,B-
E19922,S0963,C045,SEM003,B
E19923,S0628,C031,SEM008,B
E19924,S0876,C074,SEM003,B
E19925,S0775,C075,SEM007,B+
E19926,S0949,C027,SEM002,D
E19927,S0329,C106,SEM004,C-
E19928,S0096,C124,SEM006,A-
E19929,S0765,C034,SEM003,A
E19930,S0498,C047,SEM006,C-
E19931,S0428,C035,SEM004,C
E19932,S0535,C095,SEM003,A
E19933,S0507,C038,SEM006,C-
E19934,S0606,C042,SEM007,D
E19935,S0745,C087,SEM007,B
E19936,S0654,C007,SEM008,B-
E19937,S0603,C037,SEM003,D
E19938,S0258,C121,SEM001,B
E19939,S0482,C105,SEM004,B
E19940,S0990,C036,SEM006,C+
E19941,S0643,C030,SEM005,B+
E19942,S0484,C004,SEM002,C+
E19943,S0149,C039,SEM007,A
E19944,S0895,C101,SEM004,D
E19945,S0436,C020,SEM008,B-
E19946,S0093,C033,SEM001,B-
E19947,S0323,C002,SEM003,B-
E19948,S0381,C050,SEM001,B+
E19949,S0101,C068,SEM001,B-
E19950,S0960,C063,SEM004,A
E19951,S0464,C026,SEM004,A
E19952,S0939,C006,SEM001,B+
E19953,S0110,C015,SEM008,A-
E19954,S0662,C005,SEM002,C+
E19955,S0247,C025,SEM006,F
E19956,S0013,C009,SEM005,B
E19957,S0861,C104,SEM001,A-
E19958,S0331,C035,SEM003,B
E19959,S0305,C013,SEM004,B+
E19960,S0481,C016,SEM008,B
E19961,S0029,C021,SEM002,B+
E19962,S0837,C018,SEM005,A
E19963,S0158,C105,SEM002,B
E19964,S0186,C041,SEM005,C
E19965,S0041,C063,SEM005,A
E19966,S0005,C046,SEM001,B-
E19967,S0456,C003,SEM007,B+
E19968,S0486,C073,SEM006,B
E19969,S0946,C009,SEM003,A
E19970,S0922,C037,SEM002,D
E19971,S0513,C002,SEM003,A
E19972,S0349,C057,SEM006,A
E19973,S0368,C079,SEM003,C
E19974,S0822,C093,SEM008,B
E19975,S0020,C062,SEM003,B
E19976,S0792,C031,SEM006,C-
E19977,S0193,C118,SEM004,F
E19978,S0900,C017,SEM002,C-
E19979,S0924,C045,SEM007,B+
E19980,S0391,C022,SEM002,B+
E19981,S0588,C033,SEM007,A
E19982,S0779,C078,SEM001,A-
E19983,S0055,C029,SEM003,C+
E19984,S0280,C062,SEM007,B-
E19985,S0756,C083,SEM002,B
E19986,S0534,C071,SEM004,A-
E19987,S0768,C079,SEM008,A
E19988,S0240,C008,SEM008,C+
E19989,S0716,C119,SEM004,D
E19990,S0802,C113,SEM008,B+
E19991,S0448,C072,SEM003,A-
E19992,S0180,C032,SEM006,A
E19993,S0445,C032,SEM008,A-
E19994,S0536,C089,SEM004,C
E19995,S0363,C110,SEM007,A-
E19996,S0804,C020,SEM003,B
E19997,S0411,C015,SEM008,C+
E19998,S0012,C043,SEM003,C+
E19999,S0584,C011,SEM006,A
E20000,S0080,C078,SEM006,B
E20001,S0988,C004,SEM008,C+
E20002,S0216,C123,SEM006,B
E20003,S0090,C019,SEM002,B
E20004,S0206,C023,SEM003,B+
E20005,S0738,C052,SEM006,B+
E20006,S0934,C003,SEM005,C-
E20007,S0523,C112,SEM007,C+
E20008,S0589,C019,SEM004,B-
E20009,S0687,C027,SEM006,B-
E20010,S0660,C034,SEM008,C
E20011,S0752,C054,SEM008,C
E20012,S0807,C038,SEM006,B-
E20013,S0633,C017,SEM005,B
E20014,S0344,C061,SEM002,B+
E20015,S0272,C078,SEM006,B+
E20016,S0629,C087,SEM002,C+
E20017,S0340,C086,SEM007,C
E20018,S0584,C045,SEM008,B
E20019,S0077,C006,SEM003,B
E20020,S0748,C100,SEM005,B+
E20021,S0351,C008,SEM008,B-
E20022,S0863,C045,SEM001,B+
E20023,S0065,C011,SEM007,D
E20024,S0064,C052,SEM003,B
E20025,S0482,C006,SEM003,C+
E20026,S0366,C012,SEM003,B-
E20027,S0477,C088,SEM008,B
E20028,S0322,C040,SEM005,B
E20029,S0956,C094,SEM004,B+
E20030,S0645,C080,SEM007,B
E20031,S0587,C039,SEM008,B
E20032,S0563,C088,SEM005,A-
E20033,S0807,C005,SEM007,B+
E20034,S0513,C035,SEM001,C
E20035,S0199,C017,SEM008,A
E20036,S0375,C033,SEM004,B-
E20037,S0988,C031,SEM005,B
E20038,S0476,C011,SEM005,B+
E20039,S0039,C047,SEM004,B
E20040,S0553,C060,SEM003,B
E20041,S0443,C013,SEM002,A-
E20042,S0891,C078,SEM001,C-
E20043,S0401,C098,SEM001,B+
E20044,S0286,C042,SEM001,B
E20045,S0889,C092,SEM007,C+
E20046,S0904,C085,SEM004,B+
E20047,S0267,C035,SEM008,B-
E20048,S0950,C055,SEM005,C+
E20049,S0410,C077,SEM006,B
E20050,S0616,C024,SEM004,B-
E20051,S0330,C117,SEM004,B
E20052,S0750,C109,SEM003,F
E20053,S0493,C061,SEM005,A
E20054,S0134,C030,SEM001,A
E20055,S0260,C131,SEM005,B-
E20056,S0793,C008,SEM001,B
E20057,S0971,C062,SEM008,A
E20058,S0196,C132,SEM001,A-
E20059,S0107,C018,SEM003,A
E20060,S0521,C062,SEM001,C+
E20061,S0402,C029,SEM003,D
E20062,S0288,C086,SEM006,B
E20063,S0550,C079,SEM007,B
E20064,S0002,C036,SEM001,B-
E20065,S0122,C008,SEM007,B-
E20066,S0181,C003,SEM004,B-
E20067,S0027,C023,SEM005,A-
E20068,S0490,C019,SEM006,B-
E20069,S0063,C017,SEM001,D
E20070,S0406,C015,SEM007,B
E20071,S0793,C057,SEM002,A-
E20072,S0442,C117,SEM007,B
E20073,S0862,C052,SEM003,C-
E20074,S0605,C064,SEM006,B
E20075,S0756,C027,SEM001,D
E20076,S0571,C027,SEM004,C+
E20077,S0078,C001,SEM006,B
E20078,S0704,C039,SEM006,B+
E20079,S0707,C094,SEM005,A-
E20080,S0707,C023,SEM001,B+
E20081,S0037,C045,SEM002,C+
E20082,S0749,C020,SEM008,B-
E20083,S0511,C099,SEM005,B-
E20084,S0526,C099,SEM002,C+
E20085,S0968,C102,SEM007,A-
E20086,S0789,C041,SEM006,F
E20087,S0471,C005,SEM002,A-
E20088,S0442,C136,SEM002,B-
E20089,S0355,C029,SEM004,C+
E20090,S0554,C058,SEM005,B
E20091,S0680,C011,SEM008,C
E20092,S0906,C113,SEM001,C+
E20093,S0742,C056,SEM001,A-
E20094,S0458,C023,SEM007,B+
E20095,S0272,C071,SEM006,B
E20096,S0853,C111,SEM003,A
E20097,S0447,C033,SEM005,B
E20098,S0176,C075,SEM002,B+
E20099,S0065,C004,SEM002,C
E20100,S0612,C062,SEM003,C+
E20101,S0977,C007,SEM001,B+
E20102,S0900,C081,SEM007,C-
E20103,S0811,C054,SEM001,C-
E20104,S0248,C121,SEM001,C
E20105,S0714,C145,SEM003,B-
E20106,S0814,C094,SEM005,B+
E20107,S0859,C078,SEM005,A-
E20108,S0982,C078,SEM007,C+
E20109,S0935,C026,SEM003,A
E20110,S0593,C035,SEM003,D
E20111,S0901,C012,SEM007,A
E20112,S0718,C016,SEM004,B+
E20113,S0565,C015,SEM001,C+
E20114,S0690,C021,SEM005,F
E20115,S0359,C109,SEM006,B
E20116,S0483,C078,SEM006,A-
E20117,S0801,C057,SEM008,C
E20118,S0671,C106,SEM001,C+
E20119,S0864,C060,SEM005,B-
E20120,S0981,C057,SEM007,B
E20121,S0345,C060,SEM001,B+
E20122,S0019,C048,SEM002,B+
E20123,S0093,C060,SEM006,B
E20124,S0929,C085,SEM007,B
E20125,S0085,C020,SEM002,B
E20126,S0910,C003,SEM006,B
E20127,S0449,C009,SEM007,B
E20128,S0576,C003,SEM004,D
E20129,S0453,C044,SEM004,A-
E20130,S0124,C007,SEM004,B+
E20131,S0240,C020,SEM005,B
E20132,S0580,C015,SEM002,C+
E20133,S0363,C010,SEM002,C
E20134,S0154,C043,SEM007,A
E20135,S0877,C071,SEM008,C
E20136,S0099,C013,SEM006,B+
E20137,S0551,C068,SEM005,B-
E20138,S0149,C112,SEM006,C-
E20139,S0019,C061,SEM005,A-
E20140,S0494,C074,SEM004,B-
E20141,S0595,C005,SEM003,C+
E20142,S0214,C003,SEM001,D
E20143,S0609,C097,SEM006,B-
E20144,S0102,C018,SEM001,C
E20145,S0486,C019,SEM007,B
E20146,S0158,C069,SEM007,C+
E20147,S0804,C024,SEM004,B
E20148,S0760,C032,SEM004,B-
E20149,S0868,C133,SEM008,D
E20150,S0112,C117,SEM001,A-
E20151,S0564,C105,SEM003,A
E20152,S0156,C043,SEM006,C-
E20153,S0425,C007,SEM008,B
E20154,S0374,C065,SEM007,B
E20155,S0438,C063,SEM002,A
E20156,S0287,C031,SEM005,C+
E20157,S0608,C088,SEM008,A
E20158,S0567,C037,SEM002,A-
E20159,S0970,C070,SEM006,B+
E20160,S0630,C029,SEM008,B+
E20161,S0125,C024,SEM001,C+
E20162,S0600,C029,SEM001,C-
E20163,S0509,C029,SEM002,B
E20164,S0284,C059,SEM006,B
E20165,S0100,C059,SEM008,B
E20166,S0880,C053,SEM006,C
E20167,S0783,C075,SEM008,B+
E20168,S0564,C026,SEM007,B+
E20169,S0569,C141,SEM002,A-
E20170,S0027,C085,SEM005,B+
E20171,S0752,C021,SEM005,C+
E20172,S0986,C125,SEM007,B+
E20173,S0972,C015,SEM008,B+
E20174,S0587,C029,SEM002,B
E20175,S0935,C070,SEM006,F
E20176,S0475,C055,SEM006,C+
E20177,S0468,C040,SEM001,C+
E20178,S0091,C021,SEM007,B
E20179,S0543,C082,SEM002,B
E20180,S0384,C073,SEM001,A-
E20181,S0608,C080,SEM004,C+
E20182,S0812,C039,SEM006,B+
E20183,S0093,C072,SEM003,B-
E20184,S0501,C072,SEM004,B+
E20185,S0688,C060,SEM001,B+
E20186,S0988,C028,SEM007,C+
E20187,S0920,C110,SEM006,B
E20188,S0831,C007,SEM008,F
E20189,S0144,C022,SEM008,B+
E20190,S0388,C096,SEM006,C-
E20191,S0972,C078,SEM002,C-
E20192,S0448,C024,SEM001,B-
E20193,S0907,C071,SEM005,B
E20194,S0390,C041,SEM006,C
E20195,S0737,C008,SEM005,B
E20196,S0179,C004,SEM004,A-
E20197,S0903,C115,SEM004,B+
E20198,S0048,C023,SEM001,B-
E20199,S0452,C042,SEM002,B
E20200,S0512,C075,SEM002,B
E20201,S0843,C040,SEM008,A
E20202,S0077,C087,SEM007,B+
E20203,S0471,C080,SEM002,D
E20204,S0904,C095,SEM004,C
E20205,S0399,C020,SEM008,B
E20206,S0261,C040,SEM007,B-
E20207,S0326,C093,SEM004,B-
E20208,S0977,C028,SEM008,C+
E20209,S0520,C057,SEM004,A-
E20210,S0337,C016,SEM007,B
E20211,S0548,C028,SEM008,B+
E20212,S0200,C002,SEM002,B
E20213,S0677,C005,SEM008,C+
E20214,S0373,C058,SEM006,C
E20215,S0976,C103,SEM003,C+
E20216,S0432,C057,SEM004,A-
E20217,S0518,C071,SEM007,C-
E20218,S0933,C009,SEM003,C+
E20219,S0357,C044,SEM008,B
E20220,S0197,C066,SEM003,B-
E20221,S0895,C053,SEM006,A-
E20222,S0873,C011,SEM004,A-
E20223,S0802,C058,SEM007,B+
E20224,S0638,C116,SEM007,A
E20225,S0112,C013,SEM008,B+
E20226,S0481,C074,SEM002,B
E20227,S0586,C002,SEM006,B
E20228,S0468,C004,SEM004,A
E20229,S0232,C039,SEM005,C
E20230,S0284,C032,SEM008,B
E20231,S0119,C017,SEM007,C+
E20232,S0313,C074,SEM005,B-
E20233,S0980,C118,SEM004,B-
E20234,S0559,C109,SEM003,B+
E20235,S0151,C020,SEM002,B
E20236,S0586,C018,SEM001,B
E20237,S0259,C051,SEM002,A
E20238,S0110,C001,SEM004,B+
E20239,S0326,C055,SEM006,B+
E20240,S0026,C075,SEM006,C-
E20241,S0729,C011,SEM003,C+
E20242,S0496,C105,SEM004,C
E20243,S0781,C035,SEM001,B+
E20244,S0727,C088,SEM005,A
E20245,S0536,C102,SEM005,C-
E20246,S0886,C008,SEM004,B+
E20247,S0764,C056,SEM007,B
E20248,S0362,C055,SEM005,D
E20249,S0139,C040,SEM002,C
E20250,S0387,C092,SEM004,B
E20251,S0758,C026,SEM007,D
E20252,S0179,C099,SEM007,A
E20253,S0517,C004,SEM008,B-
E20254,S0048,C094,SEM004,C
E20255,S0207,C061,SEM003,C+
E20256,S0482,C021,SEM007,A-
E20257,S0198,C020,SEM004,B+
E20258,S0359,C103,SEM003,B
E20259,S0934,C039,SEM008,B
E20260,S0344,C086,SEM001,C
E20261,S0994,C010,SEM005,B+
E20262,S0951,C106,SEM001,D
E20263,S0306,C126,SEM006,B+
E20264,S0650,C033,SEM006,A
E20265,S0948,C047,SEM006,B
E20266,S0758,C071,SEM002,B-
E20267,S0132,C034,SEM001,F
E20268,S0779,C028,SEM006,B+
E20269,S0533,C076,SEM001,B-
E20270,S0375,C041,SEM008,B-
E20271,S0120,C041,SEM002,B+
E20272,S0752,C009,SEM007,B
E20273,S0985,C002,SEM001,B-
E20274,S0522,C063,SEM003,B
E20275,S0088,C019,SEM003,B
E20276,S0915,C022,SEM005,B+
E20277,S0853,C020,SEM002,B
E20278,S0546,C091,SEM005,A-
E20279,S0818,C083,SEM008,B+
E20280,S0669,C129,SEM004,A-
E20281,S0006,C034,SEM007,C
E20282,S0381,C028,SEM006,B+
E20283,S0441,C009,SEM004,B
E20284,S0448,C011,SEM001,C
E20285,S0693,C053,SEM006,A
E20286,S0616,C032,SEM004,B
E20287,S0570,C082,SEM003,A-
E20288,S0861,C024,SEM007,B
E20289,S0525,C068,SEM008,B+
E20290,S0229,C078,SEM004,C
E20291,S0880,C109,SEM006,C
E20292,S0207,C058,SEM006,B-
E20293,S0164,C028,SEM007,B
E20294,S0589,C069,SEM003,B+
E20295,S0815,C057,SEM003,C-
E20296,S0024,C009,SEM006,B
E20297,S0397,C085,SEM007,A
E20298,S0842,C049,SEM004,F
E20299,S0117,C034,SEM008,B-
E20300,S0091,C036,SEM001,B-
E20301,S0107,C030,SEM005,A
E20302,S0110,C006,SEM005,A-
E20303,S0577,C019,SEM006,B
E20304,S0414,C079,SEM005,B+
E20305,S0287,C126,SEM008,B-
E20306,S0856,C011,SEM001,A-
E20307,S0821,C089,SEM006,B+
E20308,S0206,C004,SEM007,B-
E20309,S0804,C005,SEM007,B-
E20310,S0492,C031,SEM001,B
E20311,S0793,C019,SEM003,B
E20312,S0646,C067,SEM004,B
E20313,S0722,C001,SEM004,C+
E20314,S0871,C089,SEM005,A-
E20315,S0725,C015,SEM001,C
E20316,S0913,C119,SEM003,C+
E20317,S0018,C029,SEM003,B+
E20318,S0774,C024,SEM003,B
E20319,S0397,C088,SEM002,C+
E20320,S0854,C044,SEM007,B
E20321,S0353,C057,SEM007,B+
E20322,S0117,C046,SEM007,C+
E20323,S0088,C020,SEM005,B
E20324,S0285,C126,SEM005,B-
E20325,S0619,C066,SEM008,C-
E20326,S0207,C095,SEM008,C+
E20327,S0091,C119,SEM002,C+
E20328,S0192,C025,SEM002,F
E20329,S0080,C062,SEM002,C
E20330,S0124,C004,SEM002,B
E20331,S0799,C040,SEM008,B-
E20332,S0332,C074,SEM003,A-
E20333,S0746,C044,SEM007,A-
E20334,S0110,C077,SEM008,B
E20335,S0030,C039,SEM006,C+
E20336,S0903,C111,SEM004,C-
E20337,S0199,C022,SEM002,B
E20338,S0603,C026,SEM007,C-
E20339,S0031,C013,SEM002,A-
E20340,S0800,C075,SEM008,C-
E20341,S0212,C028,SEM001,A-
E20342,S0929,C121,SEM008,B
E20343,S0879,C050,SEM006,A-
E20344,S0429,C129,SEM008,B
E20345,S0467,C050,SEM003,B-
E20346,S0072,C120,SEM003,B+
E20347,S0481,C013,SEM001,B-
E20348,S0248,C132,SEM006,A
E20349,S0971,C125,SEM004,A
E20350,S0159,C089,SEM004,C+
E20351,S0371,C023,SEM004,C-
E20352,S0373,C004,SEM007,B+
E20353,S0163,C090,SEM005,A
E20354,S0268,C047,SEM007,A-
E20355,S0251,C076,SEM004,B
E20356,S0162,C034,SEM003,C
E20357,S0585,C093,SEM001,B+
E20358,S0342,C095,SEM004,B
E20359,S0792,C072,SEM005,C-
E20360,S0611,C025,SEM004,C
E20361,S0673,C041,SEM005,C
E20362,S0917,C016,SEM003,A
E20363,S0912,C034,SEM005,B
E20364,S0944,C132,SEM001,D
E20365,S0605,C080,SEM003,B
E20366,S0387,C086,SEM002,B
E20367,S0714,C048,SEM001,B
E20368,S0878,C035,SEM008,B
E20369,S0091,C067,SEM008,A-
E20370,S0867,C032,SEM008,B-
E20371,S0048,C008,SEM002,C+
E20372,S0434,C012,SEM002,B+
E20373,S0185,C059,SEM007,B-
E20374,S0858,C122,SEM005,B+
E20375,S0867,C054,SEM004,C+
E20376,S0427,C015,SEM003,B-
E20377,S0803,C006,SEM006,A
E20378,S0091,C060,SEM004,C
E20379,S0484,C085,SEM006,B
E20380,S0401,C051,SEM008,B
E20381,S0236,C037,SEM004,B
E20382,S0714,C039,SEM008,C+
E20383,S0274,C123,SEM001,A
E20384,S0675,C004,SEM004,B-
E20385,S0795,C052,SEM008,B+
E20386,S0066,C030,SEM002,B-
E20387,S0256,C052,SEM004,B
E20388,S0671,C017,SEM001,D
E20389,S0497,C036,SEM003,C
E20390,S0401,C052,SEM001,B+
E20391,S0889,C137,SEM008,D
E20392,S0567,C098,SEM004,B
E20393,S0185,C063,SEM007,B+
E20394,S0442,C073,SEM008,B-
E20395,S0384,C081,SEM003,C
E20396,S0469,C087,SEM006,B
E20397,S0819,C055,SEM008,D
E20398,S0206,C024,SEM004,C
E20399,S0496,C024,SEM002,B+
E20400,S0679,C114,SEM007,C+
E20401,S0825,C138,SEM008,B
E20402,S0600,C050,SEM007,B-
E20403,S0066,C004,SEM003,B+
E20404,S0178,C021,SEM002,B-
E20405,S0952,C025,SEM006,B
E20406,S0742,C058,SEM006,B+
E20407,S0811,C094,SEM008,B+
E20408,S0582,C002,SEM008,B
E20409,S0391,C003,SEM005,B
E20410,S0833,C021,SEM002,B
E20411,S0094,C009,SEM006,B+
E20412,S0074,C129,SEM002,B
E20413,S0220,C048,SEM008,B
E20414,S0563,C130,SEM007,C-
E20415,S0883,C058,SEM004,C
E20416,S0753,C030,SEM003,B+
E20417,S0022,C091,SEM004,C+
E20418,S0735,C049,SEM007,B-
E20419,S0014,C109,SEM002,B
E20420,S0731,C057,SEM002,B
E20421,S0032,C029,SEM007,D
E20422,S0036,C012,SEM001,B+
E20423,S0327,C003,SEM006,A
E20424,S0841,C012,SEM008,B
E20425,S0066,C117,SEM001,B-
E20426,S0802,C077,SEM007,B-
E20427,S0554,C040,SEM007,C
E20428,S0519,C038,SEM002,C+
E20429,S0620,C099,SEM005,A-
E20430,S0400,C003,SEM008,A-
E20431,S0747,C049,SEM007,B-
E20432,S0991,C090,SEM003,C
E20433,S0865,C017,SEM004,B
E20434,S0981,C073,SEM002,B+
E20435,S0060,C069,SEM004,C+
E20436,S0646,C010,SEM001,C-
E20437,S0001,C008,SEM007,C+
E20438,S0820,C021,SEM003,B
E20439,S0627,C048,SEM004,A
E20440,S0227,C113,SEM006,B-
E20441,S0635,C131,SEM001,B+
E20442,S0466,C097,SEM004,C+
E20443,S0684,C023,SEM005,C
E20444,S0902,C088,SEM005,B+
E20445,S0839,C001,SEM008,B
E20446,S0032,C001,SEM007,B-
E20447,S0245,C002,SEM003,B+
E20448,S0072,C046,SEM001,B+
E20449,S0091,C059,SEM002,A
E20450,S0508,C004,SEM001,C+
E20451,S0477,C028,SEM006,A-
E20452,S0901,C050,SEM002,C
E20453,S0628,C149,SEM007,D
E20454,S0961,C006,SEM001,B+
E20455,S0581,C088,SEM005,C-
E20456,S0199,C055,SEM002,B-
E20457,S0302,C071,SEM005,A-
E20458,S0024,C044,SEM004,A-
E20459,S0954,C030,SEM005,B
E20460,S0863,C076,SEM002,B
E20461,S0478,C088,SEM008,A
E20462,S0459,C094,SEM008,B
E20463,S0526,C039,SEM008,B
E20464,S0869,C059,SEM003,C
E20465,S0933,C105,SEM005,C-
E20466,S0044,C055,SEM001,C+
E20467,S0066,C039,SEM008,B+
E20468,S0339,C046,SEM002,B-
E20469,S0966,C017,SEM004,A-
E20470,S0609,C057,SEM005,B+
E20471,S0804,C014,SEM004,A
E20472,S0274,C018,SEM003,B
E20473,S0045,C054,SEM001,B+
E20474,S0167,C086,SEM006,C+
E20475,S0383,C040,SEM002,A-
E20476,S0975,C093,SEM008,B-
E20477,S0994,C084,SEM008,B
E20478,S0349,C057,SEM004,B+
E20479,S0280,C066,SEM001,B+
E20480,S0470,C002,SEM008,D
E20481,S0313,C021,SEM001,C
E20482,S0875,C093,SEM007,B-
E20483,S0140,C030,SEM008,A-
E20484,S0794,C015,SEM004,B
E20485,S0588,C125,SEM004,C+
E20486,S0348,C095,SEM003,B
E20487,S0204,C038,SEM002,C
E20488,S0887,C054,SEM003,C-
E20489,S0060,C083,SEM007,C+
E20490,S0971,C039,SEM003,B
E20491,S0923,C015,SEM005,B
E20492,S0365,C070,SEM005,C-
E20493,S0061,C089,SEM006,B-
E20494,S0536,C083,SEM007,C
E20495,S0363,C092,SEM008,B+
E20496,S0185,C115,SEM005,B-
E20497,S0330,C031,SEM001,C+
E20498,S0350,C040,SEM007,A-
E20499,S0305,C109,SEM002,B-
E20500,S0140,C099,SEM008,C
E20501,S0354,C086,SEM005,C
E20502,S0569,C020,SEM006,C
E20503,S0381,C137,SEM001,B+
E20504,S0254,C003,SEM001,B-
E20505,S0476,C109,SEM001,F
E20506,S0731,C086,SEM004,B
E20507,S0638,C083,SEM007,D
E20508,S0376,C016,SEM002,B
E20509,S0051,C131,SEM001,D
E20510,S0728,C032,SEM002,B
E20511,S0570,C004,SEM002,B-
E20512,S0970,C096,SEM008,B
E20513,S0197,C058,SEM005,C+
E20514,S0925,C001,SEM006,C+
E20515,S0261,C073,SEM003,A
E20516,S0062,C127,SEM006,B
E20517,S0057,C031,SEM008,F
E20518,S0630,C034,SEM006,B+
E20519,S0956,C036,SEM005,C
E20520,S0018,C078,SEM008,B
E20521,S0314,C001,SEM002,C-
E20522,S0182,C053,SEM005,A-
E20523,S0157,C014,SEM008,B
E20524,S0581,C084,SEM004,C-
E20525,S0953,C070,SEM006,C+
E20526,S0388,C043,SEM002,B
E20527,S0216,C059,SEM003,C-
E20528,S0252,C046,SEM007,C-
E20529,S0525,C021,SEM001,A
E20530,S0058,C011,SEM003,B-
E20531,S0500,C002,SEM005,D
E20532,S0374,C015,SEM005,C
E20533,S0866,C033,SEM006,B
E20534,S0647,C110,SEM003,B+
E20535,S0086,C110,SEM003,A-
E20536,S0924,C007,SEM001,A
E20537,S0297,C018,SEM006,A
E20538,S0900,C019,SEM004,A-
E20539,S0486,C023,SEM003,C
E20540,S0004,C041,SEM003,B
E20541,S0662,C027,SEM002,A-
E20542,S0335,C132,SEM002,C+
E20543,S0611,C066,SEM001,B
E20544,S0643,C147,SEM004,A
E20545,S0248,C046,SEM002,B
E20546,S0990,C074,SEM004,B
E20547,S0103,C033,SEM002,B+
E20548,S0315,C044,SEM005,A-
E20549,S0721,C033,SEM002,A
E20550,S0690,C071,SEM003,B
E20551,S0407,C035,SEM006,B-
E20552,S0320,C036,SEM007,B+
E20553,S0689,C020,SEM002,B
E20554,S0652,C003,SEM001,B
E20555,S0342,C087,SEM007,A-
E20556,S0350,C030,SEM002,B+
E20557,S0835,C003,SEM008,C+
E20558,S0475,C145,SEM006,B+
E20559,S0753,C110,SEM005,B
E20560,S0309,C050,SEM008,D
E20561,S0961,C021,SEM002,A-
E20562,S0087,C044,SEM007,C-
E20563,S0329,C029,SEM001,B
E20564,S0006,C113,SEM006,B+
E20565,S0734,C033,SEM002,B-
E20566,S0190,C100,SEM006,B+
E20567,S0507,C122,SEM007,B
E20568,S0973,C064,SEM002,A-
E20569,S0603,C064,SEM001,B
E20570,S0646,C101,SEM007,C+
E20571,S0614,C024,SEM002,A-
E20572,S0814,C051,SEM003,D
E20573,S0965,C004,SEM007,D
E20574,S0435,C123,SEM002,B-
E20575,S0005,C064,SEM003,B-
E20576,S0232,C119,SEM003,C
E20577,S0936,C020,SEM004,B-
E20578,S0977,C085,SEM006,B
E20579,S0622,C063,SEM003,C+
E20580,S0793,C017,SEM008,C
E20581,S0669,C055,SEM002,A
E20582,S0089,C033,SEM003,A
E20583,S0237,C047,SEM003,B+
E20584,S0135,C018,SEM005,B
E20585,S0603,C072,SEM003,A-
E20586,S0919,C010,SEM006,C
E20587,S0683,C005,SEM008,B
E20588,S0313,C120,SEM005,A-
E20589,S0850,C082,SEM007,C+
E20590,S0637,C006,SEM005,B-
E20591,S0932,C021,SEM001,B
E20592,S0024,C004,SEM005,B
E20593,S0523,C007,SEM003,B
E20594,S0077,C033,SEM003,C
E20595,S0124,C071,SEM008,A-
E20596,S0898,C112,SEM008,B
E20597,S0506,C006,SEM003,D
E20598,S0597,C025,SEM008,B-
E20599,S0215,C017,SEM008,B+
E20600,S0393,C088,SEM007,C-
E20601,S0646,C013,SEM003,A
E20602,S0853,C051,SEM001,B
E20603,S0983,C024,SEM005,C-
E20604,S0714,C054,SEM006,C
E20605,S0090,C006,SEM007,B+
E20606,S0292,C009,SEM001,B-
E20607,S0271,C010,SEM002,C+
E20608,S0362,C123,SEM001,B
E20609,S0501,C035,SEM002,C
E20610,S0988,C123,SEM008,A-
E20611,S0040,C051,SEM005,B+
E20612,S0137,C030,SEM007,A-
E20613,S0279,C054,SEM005,F
E20614,S0020,C128,SEM001,B-
E20615,S0936,C013,SEM007,B-
E20616,S0749,C123,SEM006,C
E20617,S0804,C020,SEM001,C
E20618,S0700,C147,SEM003,F
E20619,S0662,C037,SEM007,B+
E20620,S0303,C010,SEM004,B-
E20621,S0844,C026,SEM004,A-
E20622,S0698,C059,SEM006,C+
E20623,S0378,C095,SEM004,B+
E20624,S0289,C028,SEM004,B
E20625,S0911,C050,SEM007,B+
E20626,S0626,C004,SEM004,A-
E20627,S0857,C049,SEM007,B-
E20628,S0669,C080,SEM006,B-
E20629,S0120,C037,SEM002,C+
E20630,S0813,C009,SEM007,C+
E20631,S0987,C004,SEM006,C
E20632,S0556,C033,SEM007,B-
E20633,S0623,C037,SEM002,B+
E20634,S0645,C036,SEM007,B
E20635,S0043,C102,SEM007,C
E20636,S0818,C059,SEM005,B+
E20637,S0130,C071,SEM005,B+
E20638,S0385,C094,SEM008,B
E20639,S0409,C041,SEM005,A-
E20640,S0536,C125,SEM002,D
E20641,S0578,C037,SEM003,B-
E20642,S0308,C027,SEM001,A
E20643,S0427,C113,SEM006,B-
E20644,S0141,C076,SEM004,A
E20645,S0853,C023,SEM004,B+
E20646,S0094,C114,SEM003,C+
E20647,S0411,C075,SEM006,B+
E20648,S0090,C080,SEM008,A
E20649,S0075,C025,SEM002,C+
E20650,S0074,C045,SEM005,C+
E20651,S0479,C013,SEM003,C
E20652,S0070,C011,SEM008,B-
E20653,S0086,C054,SEM003,F
E20654,S0987,C017,SEM003,B
E20655,S0183,C067,SEM002,B
E20656,S0967,C013,SEM007,C+
E20657,S0159,C109,SEM003,C
E20658,S0393,C067,SEM004,B+
E20659,S0676,C136,SEM003,B
E20660,S0076,C115,SEM007,B+
E20661,S0226,C086,SEM008,A-
E20662,S0220,C043,SEM005,B-
E20663,S0010,C138,SEM007,C+
E20664,S0190,C130,SEM002,C
E20665,S0677,C131,SEM002,B-
E20666,S0314,C029,SEM008,B
E20667,S0663,C078,SEM004,C+
E20668,S0945,C008,SEM008,B+
E20669,S0697,C057,SEM008,B
E20670,S0871,C068,SEM003,B+
E20671,S0690,C004,SEM001,A-
E20672,S0292,C031,SEM003,C-
E20673,S0105,C076,SEM008,B
E20674,S0381,C143,SEM005,B-
E20675,S0433,C018,SEM005,B-
E20676,S0118,C086,SEM007,B-
E20677,S0760,C048,SEM002,B+
E20678,S0711,C078,SEM004,B-
E20679,S0739,C117,SEM003,B-
E20680,S0741,C085,SEM006,B
E20681,S0914,C030,SEM002,B
E20682,S0280,C031,SEM001,D
E20683,S0825,C043,SEM002,B
E20684,S0921,C120,SEM004,D
E20685,S0869,C091,SEM003,A
E20686,S0572,C079,SEM005,C+
E20687,S0066,C090,SEM003,A-
E20688,S0202,C001,SEM008,A-
E20689,S0982,C067,SEM001,B
E20690,S0208,C033,SEM006,C
E20691,S0885,C005,SEM003,B
E20692,S0806,C112,SEM007,C-
E20693,S0350,C022,SEM001,C+
E20694,S0284,C004,SEM004,B
E20695,S0122,C004,SEM006,B-
E20696,S0882,C072,SEM003,C
E20697,S0668,C033,SEM004,C
E20698,S0319,C140,SEM006,D
E20699,S0857,C009,SEM004,B
E20700,S0123,C062,SEM006,A-
E20701,S0986,C100,SEM005,B
E20702,S0847,C078,SEM005,B
E20703,S0969,C049,SEM005,C-
E20704,S0464,C001,SEM003,C
E20705,S0354,C010,SEM002,C+
E20706,S0994,C033,SEM004,C+
E20707,S0451,C010,SEM007,B-
E20708,S0412,C017,SEM005,A
E20709,S0119,C053,SEM002,A
E20710,S0487,C012,SEM006,B
E20711,S0665,C055,SEM008,A-
E20712,S0135,C059,SEM003,B
E20713,S0175,C063,SEM006,B-
E20714,S0971,C003,SEM006,B
E20715,S0121,C013,SEM004,B
E20716,S0664,C018,SEM008,B
E20717,S0578,C007,SEM001,A-
E20718,S0989,C015,SEM007,B-
E20719,S0563,C002,SEM007,A-
E20720,S0333,C024,SEM002,C+
E20721,S0973,C055,SEM006,A-
E20722,S0671,C038,SEM006,B-
E20723,S0452,C049,SEM005,B
E20724,S0235,C082,SEM006,B+
E20725,S0157,C061,SEM002,B
E20726,S0097,C015,SEM008,A
E20727,S0195,C060,SEM004,A
E20728,S0924,C074,SEM008,B
E20729,S0292,C021,SEM005,C+
E20730,S0588,C049,SEM004,C+
E20731,S0458,C082,SEM003,B-
E20732,S0150,C105,SEM005,A
E20733,S0584,C001,SEM005,B+
E20734,S0690,C051,SEM001,C+
E20735,S0859,C054,SEM006,B
E20736,S0835,C016,SEM001,C-
E20737,S0761,C012,SEM004,C
E20738,S0109,C091,SEM006,C
E20739,S0698,C101,SEM006,B+
E20740,S0581,C036,SEM006,B+
E20741,S0236,C033,SEM003,B+
E20742,S0134,C004,SEM007,D
E20743,S0565,C008,SEM003,B+
E20744,S0422,C032,SEM003,B+
E20745,S0609,C051,SEM001,B
E20746,S0878,C027,SEM007,C-
E20747,S0220,C115,SEM007,B
E20748,S0601,C023,SEM007,B
E20749,S0188,C023,SEM006,B-
E20750,S0683,C007,SEM005,C+
E20751,S0129,C028,SEM006,B-
E20752,S0754,C057,SEM008,B-
E20753,S0505,C029,SEM003,C
E20754,S0580,C050,SEM002,C-
E20755,S0138,C069,SEM006,A-
E20756,S0348,C076,SEM001,C
E20757,S0263,C004,SEM004,B+
E20758,S0879,C003,SEM006,A
E20759,S0022,C045,SEM007,B-
E20760,S0205,C079,SEM002,B
E20761,S0186,C052,SEM002,B+
E20762,S0571,C047,SEM005,B
E20763,S0358,C069,SEM005,C+
E20764,S0580,C066,SEM002,B-
E20765,S0503,C056,SEM002,B-
E20766,S0624,C079,SEM006,C
E20767,S0080,C005,SEM005,C-
E20768,S0527,C044,SEM003,A-
E20769,S0174,C054,SEM007,C
E20770,S0656,C033,SEM007,A-
E20771,S0361,C004,SEM003,A-
E20772,S0553,C046,SEM003,B
E20773,S0507,C088,SEM008,B-
E20774,S0006,C117,SEM007,C
E20775,S0035,C004,SEM007,B
E20776,S0184,C097,SEM002,B
E20777,S0284,C006,SEM004,F
E20778,S0840,C113,SEM007,B+
E20779,S0076,C038,SEM008,B
E20780,S0458,C092,SEM005,C+
E20781,S0211,C086,SEM002,B
E20782,S0826,C132,SEM002,C
E20783,S0013,C120,SEM007,B
E20784,S0765,C006,SEM001,B+
E20785,S0684,C036,SEM001,B+
E20786,S0064,C034,SEM004,F
E20787,S0464,C026,SEM003,B
E20788,S0524,C041,SEM005,B
E20789,S0840,C093,SEM002,B+
E20790,S0355,C125,SEM008,B+
E20791,S0141,C067,SEM001,B
E20792,S0449,C101,SEM001,B
E20793,S0655,C046,SEM002,B+
E20794,S0443,C068,SEM006,C+
E20795,S0978,C089,SEM006,B
E20796,S0500,C048,SEM001,B+
E20797,S0035,C048,SEM006,A
E20798,S0816,C072,SEM005,A
E20799,S0849,C097,SEM001,B-
E20800,S0325,C040,SEM005,B
E20801,S0493,C013,SEM003,C
E20802,S0787,C034,SEM008,F
E20803,S0676,C007,SEM008,B
E20804,S0102,C067,SEM003,D
E20805,S0110,C087,SEM007,B+
E20806,S0335,C027,SEM006,C
E20807,S0049,C071,SEM004,F
E20808,S0759,C013,SEM004,B
E20809,S0511,C016,SEM002,C
E20810,S0841,C059,SEM006,B-
E20811,S0597,C027,SEM005,B+
E20812,S0357,C047,SEM006,B
E20813,S0428,C028,SEM003,C+
E20814,S0001,C036,SEM008,C
E20815,S0660,C012,SEM005,B
E20816,S0550,C060,SEM007,B+
E20817,S0488,C022,SEM001,B
E20818,S0161,C042,SEM003,B
E20819,S0826,C001,SEM004,B+
E20820,S0901,C113,SEM005,B+
E20821,S0846,C106,SEM006,C-
E20822,S0743,C094,SEM007,C+
E20823,S0081,C065,SEM006,B
E20824,S0059,C020,SEM007,C-
E20825,S0238,C014,SEM005,C+
E20826,S0107,C060,SEM004,B-
E20827,S0043,C068,SEM007,B+
E20828,S0781,C117,SEM002,D
E20829,S0972,C058,SEM001,B-
E20830,S0755,C116,SEM006,D
E20831,S0497,C094,SEM003,F
E20832,S0515,C112,SEM005,B-
E20833,S0166,C029,SEM007,B
E20834,S0940,C015,SEM003,C+
E20835,S0422,C027,SEM001,D
E20836,S0532,C062,SEM005,F
E20837,S0086,C119,SEM008,B
E20838,S0151,C022,SEM004,B
E20839,S0587,C036,SEM008,B
E20840,S0318,C027,SEM004,B
E20841,S0478,C018,SEM005,D
E20842,S0421,C119,SEM004,A-
E20843,S0049,C137,SEM002,A
E20844,S0365,C050,SEM006,F
E20845,S0602,C138,SEM002,B
E20846,S0363,C069,SEM001,B+
E20847,S0892,C040,SEM004,C+
E20848,S0876,C061,SEM001,B
E20849,S0694,C036,SEM005,B-
E20850,S0098,C058,SEM004,D
E20851,S0543,C011,SEM001,F
E20852,S0463,C007,SEM005,B
E20853,S0521,C095,SEM003,B-
E20854,S0492,C040,SEM006,B
E20855,S0807,C001,SEM006,C
E20856,S0831,C009,SEM005,B-
E20857,S0441,C094,SEM007,D
E20858,S0991,C017,SEM001,B
E20859,S0469,C098,SEM006,C
E20860,S0745,C075,SEM002,C
E20861,S0903,C038,SEM008,A
E20862,S0365,C053,SEM004,C+
E20863,S0178,C050,SEM007,A-
E20864,S0020,C041,SEM007,B-
E20865,S0356,C062,SEM004,B
E20866,S0378,C006,SEM004,F
E20867,S0295,C040,SEM002,C
E20868,S0581,C031,SEM008,A-
E20869,S0699,C059,SEM002,F
E20870,S0482,C103,SEM007,C+
E20871,S0235,C040,SEM005,B-
E20872,S0900,C081,SEM006,B
E20873,S0488,C081,SEM004,A-
E20874,S0546,C072,SEM008,C+
E20875,S0730,C070,SEM007,B+
E20876,S0507,C036,SEM005,C+
E20877,S0823,C115,SEM008,C+
E20878,S0267,C037,SEM006,D
E20879,S0967,C023,SEM007,F
E20880,S0245,C056,SEM008,C
E20881,S0524,C080,SEM003,A-
E20882,S0061,C035,SEM005,B+
E20883,S0730,C004,SEM007,A
E20884,S0802,C020,SEM005,B+
E20885,S0123,C051,SEM007,B+
E20886,S0538,C045,SEM006,B
E20887,S0191,C042,SEM005,B-
E20888,S0273,C033,SEM003,A
E20889,S0385,C087,SEM008,C+
E20890,S0535,C017,SEM007,B-
E20891,S0487,C079,SEM005,A-
E20892,S0464,C062,SEM002,B-
E20893,S0206,C125,SEM005,B-
E20894,S0812,C044,SEM001,C+
E20895,S0285,C062,SEM003,A
E20896,S0737,C096,SEM008,B
E20897,S0716,C068,SEM004,D
E20898,S0586,C055,SEM002,B-
E20899,S0282,C089,SEM006,B+
E20900,S0232,C011,SEM008,B+
E20901,S0969,C011,SEM006,C
E20902,S0946,C088,SEM005,B-
E20903,S0376,C102,SEM006,C
E20904,S0161,C037,SEM006,C
E20905,S0507,C088,SEM006,B
E20906,S0190,C033,SEM003,B
E20907,S0104,C057,SEM002,B+
E20908,S0543,C007,SEM001,B+
E20909,S0507,C109,SEM006,F
E20910,S0254,C004,SEM003,A
E20911,S0918,C093,SEM003,C
E20912,S0202,C050,SEM003,C
E20913,S0121,C007,SEM005,C+
E20914,S0730,C007,SEM007,A
E20915,S0024,C004,SEM002,A
E20916,S0320,C053,SEM007,A
E20917,S0013,C111,SEM006,A-
E20918,S0030,C094,SEM006,B
E20919,S0577,C002,SEM007,C
E20920,S0836,C094,SEM004,B-
E20921,S0470,C006,SEM001,B
E20922,S0004,C075,SEM002,B
E20923,S0786,C038,SEM008,B-
E20924,S0412,C093,SEM002,C+
E20925,S0970,C003,SEM008,B
E20926,S0067,C017,SEM005,B
E20927,S0414,C017,SEM006,B
E20928,S0488,C063,SEM003,B-
E20929,S0013,C087,SEM004,B-
E20930,S0508,C073,SEM006,D
E20931,S0436,C005,SEM004,A
E20932,S0822,C036,SEM001,B
E20933,S0495,C002,SEM001,A-
E20934,S0674,C003,SEM004,A-
E20935,S0197,C084,SEM004,C
E20936,S0238,C136,SEM008,A
E20937,S0246,C093,SEM005,B+
E20938,S0918,C001,SEM005,A
E20939,S0583,C050,SEM004,B-
E20940,S0663,C101,SEM002,B+
E20941,S0200,C066,SEM006,B
E20942,S0993,C002,SEM005,A-
E20943,S0533,C138,SEM001,B+
E20944,S0675,C111,SEM007,B-
E20945,S0428,C057,SEM003,B
E20946,S0500,C045,SEM006,B-
E20947,S0713,C017,SEM001,B-
E20948,S0665,C044,SEM007,A-
E20949,S0684,C073,SEM008,B-
E20950,S0356,C012,SEM004,A
E20951,S0080,C080,SEM001,C-
E20952,S0013,C013,SEM004,A-
E20953,S0398,C105,SEM002,B
E20954,S0410,C037,SEM005,B+
E20955,S0671,C058,SEM003,D
E20956,S0818,C069,SEM001,B+
E20957,S0896,C058,SEM005,B
E20958,S0258,C021,SEM003,B
E20959,S0355,C028,SEM004,B
E20960,S0775,C118,SEM006,C+
E20961,S0737,C081,SEM002,C-
E20962,S0173,C042,SEM008,D
E20963,S0837,C002,SEM007,C
E20964,S0308,C022,SEM005,B+
E20965,S0641,C025,SEM003,B-
E20966,S0581,C018,SEM008,C+
E20967,S0050,C045,SEM005,A-
E20968,S0324,C024,SEM003,A
E20969,S0102,C020,SEM004,B-
E20970,S0432,C034,SEM001,B
E20971,S0450,C008,SEM002,B-
E20972,S0482,C070,SEM007,A
E20973,S0960,C004,SEM006,B
E20974,S0208,C082,SEM007,D
E20975,S0931,C018,SEM002,B
E20976,S0968,C042,SEM002,B
E20977,S0027,C049,SEM008,B-
E20978,S0517,C041,SEM003,B-
E20979,S0765,C026,SEM004,B
E20980,S0129,C023,SEM008,B
E20981,S0937,C097,SEM002,B+
E20982,S0546,C073,SEM005,B
E20983,S0985,C097,SEM003,B+
E20984,S0022,C036,SEM008,C
E20985,S0082,C032,SEM007,C-
E20986,S0999,C031,SEM002,C+
E20987,S0089,C028,SEM004,A-
E20988,S0790,C002,SEM003,B
E20989,S0824,C110,SEM006,C
E20990,S0042,C138,SEM005,B+
E20991,S0513,C009,SEM002,F
E20992,S0701,C028,SEM007,C-
E20993,S0995,C055,SEM002,C+
E20994,S0218,C021,SEM005,B-
E20995,S0104,C084,SEM002,B
E20996,S0716,C121,SEM004,C-
E20997,S0035,C023,SEM007,B+
E20998,S0493,C031,SEM003,D
E20999,S0884,C018,SEM002,B
E21000,S0583,C083,SEM003,B+
E21001,S0174,C056,SEM005,B-
E21002,S0555,C079,SEM007,D
E21003,S0818,C090,SEM008,A
E21004,S0042,C036,SEM006,B-
E21005,S0398,C100,SEM003,B-
E21006,S0541,C059,SEM004,C
E21007,S0047,C069,SEM006,A-
E21008,S0106,C077,SEM001,C
E21009,S0445,C031,SEM005,B
E21010,S0744,C008,SEM006,B
E21011,S0660,C110,SEM005,B-
E21012,S0277,C030,SEM002,B+
E21013,S0969,C004,SEM002,B-
E21014,S0853,C029,SEM002,B+
E21015,S0506,C017,SEM006,C+
E21016,S0921,C010,SEM002,D
E21017,S0091,C005,SEM007,C+
E21018,S0412,C104,SEM006,C+
E21019,S0078,C068,SEM007,B
E21020,S0457,C068,SEM005,A
E21021,S0138,C121,SEM007,B+
E21022,S0329,C037,SEM001,B
E21023,S0527,C106,SEM004,C
E21024,S0711,C037,SEM004,B-
E21025,S0594,C055,SEM004,A
E21026,S0597,C097,SEM003,B-
E21027,S0405,C052,SEM008,B
E21028,S0800,C061,SEM007,A-
E21029,S0281,C015,SEM001,B
E21030,S0316,C021,SEM006,B-
E21031,S0705,C028,SEM004,C-
E21032,S0760,C029,SEM004,C+
E21033,S0878,C138,SEM008,C+
E21034,S0531,C096,SEM007,A
E21035,S0428,C088,SEM001,A-
E21036,S0990,C120,SEM008,B-
E21037,S0413,C044,SEM005,B-
E21038,S0819,C088,SEM004,C-
E21039,S0470,C142,SEM002,F
E21040,S0223,C078,SEM006,A
E21041,S0839,C043,SEM003,B+
E21042,S0460,C087,SEM007,C+
E21043,S0944,C032,SEM006,A-
E21044,S0244,C025,SEM002,B
E21045,S0101,C017,SEM002,A
E21046,S0577,C071,SEM008,B
E21047,S0244,C017,SEM007,B
E21048,S0708,C017,SEM008,A
E21049,S0704,C096,SEM003,A-
E21050,S0580,C011,SEM005,C-
E21051,S0141,C014,SEM006,D
E21052,S0331,C027,SEM008,B+
E21053,S0711,C041,SEM007,B+
E21054,S0176,C043,SEM001,A-
E21055,S0693,C016,SEM003,C+
E21056,S0721,C117,SEM004,C+
E21057,S0743,C014,SEM007,C
E21058,S0117,C033,SEM008,A
E21059,S0143,C064,SEM003,F
E21060,S0024,C017,SEM004,A
E21061,S0006,C012,SEM003,D
E21062,S0786,C123,SEM008,B
E21063,S0720,C125,SEM003,B-
E21064,S0784,C026,SEM002,B
E21065,S0166,C030,SEM005,D
E21066,S0968,C119,SEM004,C-
E21067,S0209,C036,SEM005,C-
E21068,S0598,C002,SEM008,B-
E21069,S0468,C010,SEM008,A-
E21070,S0737,C111,SEM004,F
E21071,S0778,C123,SEM006,B-
E21072,S0567,C122,SEM007,B+
E21073,S0422,C111,SEM001,B
E21074,S0482,C040,SEM006,B-
E21075,S0642,C024,SEM001,B
E21076,S0750,C018,SEM004,B
E21077,S0946,C018,SEM006,D
E21078,S0247,C013,SEM001,B
E21079,S0330,C036,SEM004,B+
E21080,S0806,C052,SEM008,C
E21081,S0321,C074,SEM003,D
E21082,S0395,C005,SEM002,B
E21083,S0051,C073,SEM006,B
E21084,S0400,C130,SEM006,A
E21085,S0054,C131,SEM008,B+
E21086,S0096,C029,SEM002,F
E21087,S0651,C030,SEM004,B+
E21088,S0151,C014,SEM006,B+
E21089,S0496,C076,SEM004,B-
E21090,S0898,C099,SEM002,A
E21091,S0526,C039,SEM007,C-
E21092,S0024,C087,SEM006,B
E21093,S0265,C066,SEM002,C+
E21094,S0674,C060,SEM003,C-
E21095,S0427,C047,SEM001,B
E21096,S0393,C072,SEM008,B
E21097,S0963,C120,SEM006,B+
E21098,S0895,C002,SEM006,B+
E21099,S0267,C051,SEM002,C
E21100,S0763,C126,SEM002,B
E21101,S0047,C072,SEM003,B
E21102,S0867,C137,SEM006,B-
E21103,S0165,C063,SEM007,C
E21104,S0969,C042,SEM001,B
E21105,S0205,C096,SEM008,D
E21106,S0090,C104,SEM005,A-
E21107,S0939,C036,SEM004,C
E21108,S0609,C007,SEM001,B-
E21109,S0368,C040,SEM006,B
E21110,S0967,C077,SEM003,C
E21111,S0625,C094,SEM005,B
E21112,S0770,C101,SEM006,B+
E21113,S0876,C113,SEM007,C+
E21114,S0627,C057,SEM003,A-
E21115,S0715,C026,SEM007,C+
E21116,S0868,C016,SEM001,C-
E21117,S0796,C063,SEM006,B
E21118,S0034,C012,SEM001,B
E21119,S0517,C084,SEM006,B-
E21120,S0629,C033,SEM002,B-
E21121,S0349,C109,SEM005,A-
E21122,S0542,C086,SEM001,B
E21123,S0341,C046,SEM006,A-
E21124,S0279,C079,SEM005,D
E21125,S0736,C033,SEM007,B
E21126,S0365,C029,SEM007,A
E21127,S0791,C103,SEM006,B
E21128,S0782,C087,SEM003,B+
E21129,S0108,C054,SEM002,B-
E21130,S0810,C036,SEM002,B-
E21131,S0004,C057,SEM008,A
E21132,S0939,C026,SEM008,B+
E21133,S0100,C045,SEM002,B+
E21134,S0438,C016,SEM001,B
E21135,S0865,C081,SEM004,B-
E21136,S0595,C084,SEM001,A
E21137,S0621,C004,SEM005,A-
E21138,S0010,C044,SEM001,F
E21139,S0305,C024,SEM008,F
E21140,S0340,C128,SEM003,D
E21141,S0258,C041,SEM008,B+
E21142,S0061,C065,SEM002,B
E21143,S0564,C018,SEM008,B-
E21144,S0643,C096,SEM002,B-
E21145,S0485,C028,SEM002,B
E21146,S0960,C074,SEM003,B
E21147,S0939,C005,SEM001,B+
E21148,S0362,C013,SEM001,B+
E21149,S0950,C080,SEM008,C+
E21150,S0498,C093,SEM004,B-
E21151,S0591,C077,SEM005,A
E21152,S0795,C097,SEM007,A-
E21153,S0102,C018,SEM005,A-
E21154,S0268,C010,SEM008,B-
E21155,S0991,C038,SEM005,A-
E21156,S0237,C019,SEM006,B-
E21157,S0153,C127,SEM002,B
E21158,S0824,C082,SEM008,C+
E21159,S0121,C066,SEM008,C+
E21160,S0301,C046,SEM003,B-
E21161,S0953,C018,SEM005,C
E21162,S0878,C047,SEM006,C+
E21163,S0922,C028,SEM008,B
E21164,S0147,C045,SEM005,C-
E21165,S0618,C001,SEM006,A
E21166,S0412,C084,SEM006,D
E21167,S0751,C083,SEM007,A
E21168,S0573,C049,SEM004,A-
E21169,S0264,C029,SEM004,B
E21170,S0261,C017,SEM008,B
E21171,S0835,C073,SEM006,C
E21172,S0071,C074,SEM002,C+
E21173,S0020,C031,SEM005,A
E21174,S0421,C042,SEM004,C+
E21175,S0344,C080,SEM002,B
E21176,S0495,C036,SEM007,B
E21177,S0771,C068,SEM005,A-
E21178,S0507,C125,SEM006,A-
E21179,S0529,C068,SEM001,B
E21180,S0909,C072,SEM005,A-
E21181,S0652,C094,SEM002,B-
E21182,S0412,C068,SEM001,C+
E21183,S0264,C117,SEM003,A-
E21184,S0138,C003,SEM003,A
E21185,S0052,C078,SEM001,A-
E21186,S0627,C032,SEM004,D
E21187,S0755,C109,SEM005,B+
E21188,S0120,C066,SEM006,B
E21189,S0774,C125,SEM003,A
E21190,S0768,C039,SEM001,A-
E21191,S0924,C001,SEM003,B-
E21192,S0649,C043,SEM004,A
E21193,S0876,C024,SEM001,A
E21194,S0355,C133,SEM006,B
E21195,S0880,C062,SEM002,B-
E21196,S0430,C015,SEM002,B+
E21197,S0020,C098,SEM008,C-
E21198,S0251,C025,SEM005,B+
E21199,S0992,C122,SEM001,B
E21200,S0229,C083,SEM008,C+
E21201,S0827,C097,SEM003,D
E21202,S0007,C014,SEM003,B+
E21203,S0517,C030,SEM008,C-
E21204,S0822,C146,SEM006,B
E21205,S0930,C115,SEM008,A
E21206,S0123,C017,SEM008,C-
E21207,S0755,C052,SEM005,B+
E21208,S0224,C059,SEM008,A
E21209,S0121,C003,SEM005,B-
E21210,S0091,C142,SEM003,A-
E21211,S0498,C035,SEM002,B-
E21212,S0438,C089,SEM004,C-
E21213,S0870,C069,SEM008,B-
E21214,S0849,C047,SEM001,A
E21215,S0487,C008,SEM007,B+
E21216,S0150,C018,SEM002,B+
E21217,S0197,C123,SEM002,A
E21218,S0219,C015,SEM003,A-
E21219,S0399,C023,SEM008,A
E21220,S0818,C029,SEM004,C+
E21221,S0018,C017,SEM002,B+
E21222,S0463,C044,SEM006,D
E21223,S0881,C008,SEM008,C+
E21224,S0680,C054,SEM007,B-
E21225,S0905,C035,SEM002,C-
E21226,S0305,C060,SEM002,C
E21227,S0648,C002,SEM001,A
E21228,S0485,C020,SEM004,B
E21229,S0539,C048,SEM001,C
E21230,S0139,C053,SEM001,F
E21231,S0240,C008,SEM006,B-
E21232,S0314,C054,SEM005,C+
E21233,S0227,C067,SEM007,A-
E21234,S0114,C047,SEM003,B
E21235,S0136,C044,SEM002,B+
E21236,S0331,C051,SEM002,D
E21237,S0452,C028,SEM001,B-
E21238,S0555,C087,SEM001,F
E21239,S0295,C047,SEM003,B+
E21240,S0963,C099,SEM004,B+
E21241,S0383,C060,SEM001,B
E21242,S0444,C109,SEM006,B+
E21243,S0495,C050,SEM001,A
E21244,S0512,C063,SEM002,C+
E21245,S0527,C010,SEM001,B+
E21246,S0982,C053,SEM002,B+
E21247,S0580,C022,SEM005,B-
E21248,S0188,C070,SEM003,B+
E21249,S0259,C122,SEM004,C-
E21250,S0075,C016,SEM003,C+
E21251,S0065,C096,SEM003,B
E21252,S0320,C046,SEM006,A
E21253,S0737,C004,SEM007,B
E21254,S0526,C017,SEM008,B+
E21255,S0165,C097,SEM003,B+
E21256,S0296,C026,SEM001,B+
E21257,S0010,C065,SEM001,B
E21258,S0475,C148,SEM008,B
E21259,S0448,C019,SEM007,C+
E21260,S0404,C116,SEM007,C-
E21261,S0255,C006,SEM007,C+
E21262,S0891,C107,SEM004,B-
E21263,S0764,C031,SEM007,B-
E21264,S0119,C146,SEM003,A
E21265,S0926,C037,SEM007,B+
E21266,S0658,C007,SEM004,B-
E21267,S0870,C006,SEM001,C+
E21268,S0920,C106,SEM008,B+
E21269,S0033,C053,SEM006,A-
E21270,S0690,C019,SEM006,B-
E21271,S0696,C012,SEM005,D
E21272,S0205,C071,SEM005,C
E21273,S0810,C136,SEM002,C+
E21274,S0930,C112,SEM006,A
E21275,S0748,C056,SEM001,C-
E21276,S0217,C097,SEM003,A-
E21277,S0114,C064,SEM007,B-
E21278,S0929,C029,SEM001,C
E21279,S0832,C079,SEM004,B-
E21280,S0534,C049,SEM002,B
E21281,S0822,C080,SEM008,C
E21282,S0562,C023,SEM007,C
E21283,S0060,C032,SEM007,B-
E21284,S0947,C067,SEM005,B-
E21285,S0866,C059,SEM008,B
E21286,S0248,C051,SEM008,B+
E21287,S0214,C049,SEM007,C
E21288,S0165,C095,SEM004,B-
E21289,S0755,C110,SEM008,A-
E21290,S0324,C061,SEM007,B
E21291,S0912,C021,SEM003,C+
E21292,S0893,C018,SEM007,A-
E21293,S0990,C091,SEM001,B+
E21294,S0397,C097,SEM004,B
E21295,S0811,C017,SEM006,C
E21296,S0231,C037,SEM002,B
E21297,S0509,C089,SEM003,C+
E21298,S0939,C071,SEM001,B+
E21299,S0144,C113,SEM005,B-
E21300,S0457,C013,SEM004,B-
E21301,S0855,C028,SEM006,B+
E21302,S0758,C037,SEM007,A
E21303,S0008,C095,SEM004,B
E21304,S0829,C038,SEM001,A-
E21305,S0258,C108,SEM003,C+
E21306,S0752,C067,SEM005,B+
E21307,S0825,C021,SEM005,A-
E21308,S0923,C066,SEM008,D
E21309,S0108,C063,SEM002,B
E21310,S0406,C024,SEM003,C-
E21311,S0473,C014,SEM002,C
E21312,S0047,C013,SEM006,D
E21313,S0687,C026,SEM003,B+
E21314,S0735,C032,SEM008,B+
E21315,S0738,C029,SEM006,D
E21316,S0592,C035,SEM005,B-
E21317,S0033,C106,SEM008,B+
E21318,S0555,C123,SEM003,B
E21319,S0807,C070,SEM004,B
E21320,S0107,C020,SEM006,B+
E21321,S0550,C063,SEM002,C
E21322,S0364,C017,SEM008,C+
E21323,S0620,C011,SEM008,B
E21324,S0970,C046,SEM003,C
E21325,S0620,C045,SEM001,B-
E21326,S0015,C024,SEM008,C
E21327,S0588,C025,SEM005,B-
E21328,S0850,C089,SEM002,A
E21329,S0508,C043,SEM002,C
E21330,S0623,C030,SEM005,B-
E21331,S0605,C091,SEM005,B
E21332,S0957,C051,SEM002,B
E21333,S0860,C066,SEM006,B
E21334,S0222,C039,SEM004,A-
E21335,S0484,C088,SEM005,B
E21336,S0493,C015,SEM003,C+
E21337,S0699,C013,SEM005,B+
E21338,S0890,C033,SEM002,D
E21339,S0047,C046,SEM003,B-
E21340,S0420,C074,SEM005,C-
E21341,S0721,C002,SEM004,B+
E21342,S0389,C053,SEM007,C
E21343,S0974,C055,SEM002,B
E21344,S0807,C035,SEM002,D
E21345,S0168,C027,SEM003,C+
E21346,S0252,C034,SEM002,B-
E21347,S0113,C093,SEM008,C
E21348,S0996,C007,SEM003,A
E21349,S0874,C072,SEM001,C
E21350,S0056,C053,SEM007,B-
E21351,S0952,C120,SEM007,C
E21352,S0037,C088,SEM003,A-
E21353,S0011,C019,SEM002,B+
E21354,S0305,C010,SEM008,B
E21355,S0123,C104,SEM003,B+
E21356,S0371,C116,SEM007,A-
E21357,S0343,C057,SEM001,B+
E21358,S0361,C058,SEM008,A
E21359,S0469,C011,SEM007,B+
E21360,S0882,C046,SEM006,B
E21361,S0527,C004,SEM001,A
E21362,S0570,C035,SEM005,A
E21363,S0948,C011,SEM006,B+
E21364,S0281,C003,SEM005,C+
E21365,S0296,C021,SEM006,B-
E21366,S0313,C069,SEM007,B+
E21367,S0642,C045,SEM006,B-
E21368,S0605,C135,SEM005,B
E21369,S0224,C027,SEM002,C-
E21370,S0184,C100,SEM006,B-
E21371,S0182,C072,SEM002,B
E21372,S0945,C044,SEM005,B-
E21373,S0037,C005,SEM005,B-
E21374,S0527,C021,SEM001,C
E21375,S0779,C071,SEM002,B-
E21376,S0531,C109,SEM006,C+
E21377,S0368,C082,SEM002,B+
E21378,S0762,C014,SEM003,B-
E21379,S0217,C098,SEM006,C
E21380,S0334,C045,SEM001,C+
E21381,S0345,C080,SEM005,B+
E21382,S0734,C061,SEM002,C
E21383,S0301,C050,SEM001,A
E21384,S0619,C102,SEM006,B-
E21385,S0062,C093,SEM002,C
E21386,S0643,C040,SEM001,F
E21387,S0396,C030,SEM006,A
E21388,S0415,C146,SEM003,A-
E21389,S0256,C030,SEM007,C
E21390,S0660,C010,SEM006,B+
E21391,S0965,C047,SEM001,C+
E21392,S0822,C098,SEM001,B
E21393,S0602,C076,SEM007,C
E21394,S0738,C124,SEM001,C
E21395,S0700,C096,SEM004,D
E21396,S0826,C055,SEM006,A-
E21397,S0909,C060,SEM002,A-
E21398,S0721,C038,SEM002,C+
E21399,S0487,C011,SEM001,D
E21400,S0422,C103,SEM007,C
E21401,S0131,C048,SEM007,C+
E21402,S0700,C062,SEM005,C+
E21403,S0616,C124,SEM007,B-
E21404,S0485,C090,SEM004,D
E21405,S0964,C017,SEM007,B+
E21406,S0159,C058,SEM002,C
E21407,S0366,C015,SEM007,C+
E21408,S0565,C067,SEM004,C+
E21409,S0659,C056,SEM003,A
E21410,S0115,C104,SEM002,A
E21411,S0886,C003,SEM006,B
E21412,S0446,C070,SEM002,B-
E21413,S0182,C091,SEM007,A-
E21414,S0732,C008,SEM004,C+
E21415,S0766,C013,SEM004,C+
E21416,S0208,C069,SEM003,B
E21417,S0441,C039,SEM003,D
E21418,S0425,C027,SEM002,C
E21419,S0174,C022,SEM001,A-
E21420,S0835,C082,SEM006,D
E21421,S0517,C137,SEM006,D
E21422,S0999,C022,SEM002,B
E21423,S0330,C108,SEM003,B
E21424,S0379,C030,SEM005,C-
E21425,S0976,C089,SEM005,A-
E21426,S0632,C042,SEM008,B
E21427,S0276,C121,SEM005,B
E21428,S0003,C036,SEM002,A
E21429,S0115,C108,SEM001,C-
E21430,S0192,C096,SEM008,A-
E21431,S0232,C049,SEM001,B-
E21432,S0020,C017,SEM004,B
E21433,S0463,C007,SEM001,B
E21434,S0019,C012,SEM008,B-
E21435,S0483,C087,SEM004,B
E21436,S0578,C122,SEM004,B-
E21437,S0583,C050,SEM006,B+
E21438,S0756,C084,SEM003,B
E21439,S0682,C109,SEM002,B
E21440,S0056,C104,SEM002,C+
E21441,S0102,C045,SEM001,B+
E21442,S0387,C048,SEM007,C+
E21443,S0112,C110,SEM001,D
E21444,S0472,C062,SEM006,B
E21445,S0773,C018,SEM001,C+
E21446,S0681,C147,SEM006,B
E21447,S0854,C043,SEM005,C+
E21448,S0398,C108,SEM002,B-
E21449,S0046,C054,SEM002,B+
E21450,S0115,C018,SEM006,D
E21451,S0820,C097,SEM005,A
E21452,S0550,C085,SEM004,B+
E21453,S0811,C019,SEM006,B+
E21454,S0070,C072,SEM001,C
E21455,S0576,C038,SEM006,A
E21456,S0190,C059,SEM008,B
E21457,S0591,C119,SEM003,C+
E21458,S0552,C011,SEM005,D
E21459,S0022,C078,SEM008,C-
E21460,S0314,C015,SEM002,B
E21461,S0846,C129,SEM006,C
E21462,S0431,C015,SEM001,B-
E21463,S0088,C048,SEM003,B-
E21464,S0346,C008,SEM001,B
E21465,S0522,C055,SEM005,B
E21466,S0901,C094,SEM004,B-
E21467,S0968,C085,SEM008,B
E21468,S0184,C038,SEM001,C
E21469,S0162,C002,SEM008,A-
E21470,S0575,C030,SEM005,A-
E21471,S0403,C148,SEM006,A-
E21472,S0891,C037,SEM004,B-
E21473,S0068,C100,SEM004,F
E21474,S0558,C027,SEM006,B-
E21475,S0293,C065,SEM007,B
E21476,S0915,C054,SEM003,B-
E21477,S0801,C009,SEM008,A-
E21478,S0230,C091,SEM004,C+
E21479,S0292,C087,SEM001,D
E21480,S0327,C012,SEM007,C
E21481,S0038,C045,SEM005,B
E21482,S0171,C031,SEM006,B-
E21483,S0240,C034,SEM003,B-
E21484,S0726,C002,SEM005,B-
E21485,S0053,C009,SEM005,C-
E21486,S0397,C004,SEM003,B+
E21487,S0278,C026,SEM006,B
E21488,S0738,C038,SEM001,C-
E21489,S0644,C053,SEM002,C+
E21490,S0896,C108,SEM006,B+
E21491,S0087,C083,SEM001,F
E21492,S0099,C024,SEM002,C
E21493,S0138,C047,SEM003,C
E21494,S0975,C064,SEM007,B+
E21495,S0795,C089,SEM001,B+
E21496,S0746,C050,SEM006,C-
E21497,S0795,C114,SEM001,B-
E21498,S0497,C017,SEM003,F
E21499,S0212,C070,SEM003,B-
E21500,S0841,C018,SEM006,A-
E21501,S0847,C130,SEM007,B
E21502,S0716,C088,SEM002,B
E21503,S0690,C082,SEM006,B
E21504,S0709,C093,SEM001,B
E21505,S0447,C104,SEM006,B+
E21506,S0809,C067,SEM006,C
E21507,S0463,C046,SEM006,B
E21508,S0821,C046,SEM003,B-
E21509,S0831,C008,SEM001,B+
E21510,S0944,C049,SEM002,C-
E21511,S0976,C094,SEM004,C
E21512,S0846,C073,SEM008,B-
E21513,S0981,C038,SEM003,B+
E21514,S0083,C057,SEM002,C
E21515,S0071,C098,SEM006,C+
E21516,S0969,C047,SEM007,B+
E21517,S0575,C021,SEM003,B
E21518,S0611,C092,SEM007,B
E21519,S0729,C037,SEM002,B+
E21520,S0790,C063,SEM005,B-
E21521,S0786,C131,SEM003,C+
E21522,S0516,C040,SEM002,C
E21523,S0505,C070,SEM008,B-
E21524,S0850,C075,SEM008,A-
E21525,S0728,C003,SEM007,B+
E21526,S0049,C065,SEM003,F
E21527,S0725,C061,SEM004,B
E21528,S0669,C065,SEM002,A
E21529,S0843,C021,SEM006,B-
E21530,S0653,C028,SEM003,B-
E21531,S0613,C023,SEM006,B-
E21532,S0616,C135,SEM008,C-
E21533,S0326,C018,SEM007,B-
E21534,S0062,C064,SEM005,B
E21535,S0335,C022,SEM006,B
E21536,S0062,C019,SEM005,A
E21537,S0262,C049,SEM003,C+
E21538,S0459,C072,SEM003,C
E21539,S0404,C068,SEM003,C+
E21540,S0067,C007,SEM004,A
E21541,S0407,C068,SEM007,B
E21542,S0059,C124,SEM008,B-
E21543,S0514,C012,SEM001,C-
E21544,S0674,C012,SEM001,B+
E21545,S0123,C017,SEM001,B
E21546,S0772,C065,SEM008,B-
E21547,S0279,C031,SEM002,B-
E21548,S0037,C065,SEM001,B+
E21549,S0246,C059,SEM001,C+
E21550,S0919,C118,SEM008,D
E21551,S0368,C017,SEM004,A-
E21552,S0912,C075,SEM007,B-
E21553,S0070,C081,SEM003,C
E21554,S0221,C099,SEM005,B
E21555,S0211,C019,SEM001,B
E21556,S0470,C105,SEM003,B+
E21557,S0408,C024,SEM007,C+
E21558,S0372,C031,SEM003,C
E21559,S0472,C088,SEM001,B+
E21560,S0963,C040,SEM001,C+
E21561,S0424,C134,SEM002,F
E21562,S0725,C045,SEM001,D
E21563,S0204,C141,SEM002,B-
E21564,S0857,C013,SEM003,B+
E21565,S0154,C050,SEM006,B
E21566,S0533,C045,SEM007,C+
E21567,S0735,C099,SEM002,B
E21568,S0918,C021,SEM003,B
E21569,S0628,C072,SEM006,F
E21570,S0509,C101,SEM007,B-
E21571,S0909,C055,SEM001,B+
E21572,S0411,C128,SEM002,C+
E21573,S0356,C038,SEM004,B+
E21574,S0048,C035,SEM006,B+
E21575,S0689,C007,SEM003,B+
E21576,S0004,C081,SEM002,C+
E21577,S0084,C129,SEM003,B
E21578,S0991,C045,SEM002,A
E21579,S0756,C040,SEM005,B+
E21580,S0829,C036,SEM002,B
E21581,S0709,C014,SEM001,B-
E21582,S0856,C037,SEM008,B+
E21583,S0021,C044,SEM007,A-
E21584,S0567,C045,SEM003,C
E21585,S0658,C013,SEM001,B
E21586,S0920,C035,SEM007,C+
E21587,S0718,C010,SEM003,F
E21588,S0123,C081,SEM003,A
E21589,S0351,C055,SEM006,B
E21590,S0381,C028,SEM002,C-
E21591,S0988,C079,SEM006,B
E21592,S0159,C032,SEM002,B
E21593,S0281,C080,SEM006,B
E21594,S0462,C102,SEM007,A
E21595,S0475,C014,SEM005,B-
E21596,S0608,C040,SEM002,B+
E21597,S0858,C028,SEM007,B-
E21598,S0159,C030,SEM003,C
E21599,S0708,C057,SEM007,C+
E21600,S0823,C007,SEM008,A
E21601,S0324,C013,SEM001,B-
E21602,S0650,C116,SEM004,A
E21603,S0939,C045,SEM008,F
E21604,S0974,C046,SEM003,B+
E21605,S0457,C027,SEM003,C+
E21606,S0306,C082,SEM005,A
E21607,S0671,C014,SEM008,C+
E21608,S0132,C006,SEM008,B+
E21609,S0585,C133,SEM001,C+
E21610,S0030,C072,SEM003,B
E21611,S0878,C131,SEM008,B
E21612,S0897,C032,SEM002,B-
E21613,S0853,C091,SEM002,B
E21614,S0735,C022,SEM003,B-
E21615,S0878,C057,SEM005,B-
E21616,S0869,C069,SEM002,B-
E21617,S0697,C032,SEM008,B
E21618,S0773,C112,SEM006,F
E21619,S0878,C028,SEM001,B+
E21620,S0791,C015,SEM008,B+
E21621,S0043,C083,SEM003,B+
E21622,S0384,C109,SEM003,B
E21623,S0564,C018,SEM008,C+
E21624,S0878,C090,SEM008,C
E21625,S0943,C020,SEM006,F
E21626,S0426,C023,SEM003,B
E21627,S0121,C090,SEM006,B-
E21628,S0218,C124,SEM001,B+
E21629,S0706,C088,SEM004,B+
E21630,S0903,C027,SEM004,D
E21631,S0301,C120,SEM007,B-
E21632,S0780,C066,SEM007,A-
E21633,S0691,C064,SEM007,D
E21634,S0727,C011,SEM003,B
E21635,S0106,C007,SEM001,B
E21636,S0184,C059,SEM005,A
E21637,S0001,C028,SEM001,F
E21638,S0384,C016,SEM004,A-
E21639,S0590,C067,SEM003,C-
E21640,S0756,C090,SEM001,B
E21641,S0127,C029,SEM002,C
E21642,S0343,C056,SEM008,B-
E21643,S0687,C060,SEM006,B-
E21644,S0646,C069,SEM003,C
E21645,S0749,C033,SEM008,B-
E21646,S0909,C105,SEM006,C+
E21647,S0680,C123,SEM006,B-
E21648,S0052,C022,SEM006,B-
E21649,S0467,C032,SEM007,B-
E21650,S0892,C001,SEM005,B
E21651,S0307,C064,SEM006,C
E21652,S0382,C101,SEM005,C-
E21653,S0504,C035,SEM008,D
E21654,S0656,C028,SEM008,B-
E21655,S0164,C029,SEM001,F
E21656,S0722,C035,SEM008,B+
E21657,S0382,C132,SEM003,B+
E21658,S0665,C080,SEM003,D
E21659,S0690,C043,SEM003,C
E21660,S0835,C013,SEM004,B-
E21661,S0672,C091,SEM004,C+
E21662,S0753,C019,SEM008,A
E21663,S0152,C052,SEM002,B
E21664,S0293,C098,SEM005,A-
E21665,S0004,C127,SEM005,B
E21666,S0469,C035,SEM004,B+
E21667,S0595,C035,SEM005,B
E21668,S0543,C120,SEM005,B+
E21669,S0144,C054,SEM007,A-
E21670,S0783,C052,SEM005,B+
E21671,S0201,C055,SEM005,B+
E21672,S0569,C030,SEM008,C+
E21673,S0583,C022,SEM006,A
E21674,S0474,C112,SEM006,B
E21675,S0343,C003,SEM003,A
E21676,S0056,C086,SEM008,B+
E21677,S0820,C012,SEM001,C
E21678,S0666,C033,SEM008,B
E21679,S0318,C016,SEM003,C+
E21680,S0020,C085,SEM006,B-
E21681,S0694,C048,SEM001,B
E21682,S0636,C062,SEM002,A-
E21683,S0645,C009,SEM005,B
E21684,S0741,C071,SEM007,B
E21685,S0657,C080,SEM001,B-
E21686,S0279,C075,SEM007,B-
E21687,S0052,C040,SEM008,A
E21688,S0182,C114,SEM006,C
E21689,S0678,C056,SEM001,A-
E21690,S0831,C100,SEM003,B+
E21691,S0994,C016,SEM003,B-
E21692,S0597,C059,SEM004,B
E21693,S0826,C023,SEM007,D
E21694,S0717,C076,SEM005,A
E21695,S0019,C004,SEM007,D
E21696,S0001,C120,SEM006,B
E21697,S0979,C023,SEM008,C-
E21698,S0951,C055,SEM008,B-
E21699,S0013,C130,SEM001,B+
E21700,S0868,C040,SEM001,B+
E21701,S0892,C059,SEM001,A
E21702,S0173,C021,SEM005,B
E21703,S0758,C016,SEM006,B-
E21704,S0559,C003,SEM004,A
E21705,S0480,C118,SEM007,B-
E21706,S0238,C017,SEM004,B-
E21707,S0731,C020,SEM003,F
E21708,S0927,C003,SEM008,B
E21709,S0296,C084,SEM005,B-
E21710,S0320,C038,SEM003,B-
E21711,S0135,C041,SEM001,C
E21712,S0613,C032,SEM007,C+
E21713,S0078,C133,SEM004,A
E21714,S0754,C019,SEM008,B
E21715,S0092,C071,SEM003,F
E21716,S0629,C024,SEM002,D
E21717,S0904,C027,SEM002,B+
E21718,S0683,C096,SEM006,B-
E21719,S0982,C149,SEM002,C+
E21720,S0864,C004,SEM003,A
E21721,S0585,C044,SEM005,B-
E21722,S0236,C037,SEM004,C
E21723,S0336,C030,SEM002,B
E21724,S0563,C032,SEM007,B
E21725,S0586,C047,SEM001,B+
E21726,S0201,C006,SEM005,B-
E21727,S0404,C143,SEM005,D
E21728,S0294,C011,SEM005,B
E21729,S0397,C005,SEM002,A-
E21730,S0232,C100,SEM001,B
E21731,S0538,C088,SEM002,C
E21732,S0213,C052,SEM002,A-
E21733,S0343,C016,SEM008,B-
E21734,S0851,C111,SEM003,B+
E21735,S0260,C022,SEM005,F
E21736,S0762,C057,SEM002,B-
E21737,S0208,C032,SEM001,C-
E21738,S0572,C017,SEM001,B
E21739,S0443,C013,SEM006,B
E21740,S0044,C012,SEM007,B-
E21741,S0504,C106,SEM004,C+
E21742,S0496,C086,SEM004,B
E21743,S0762,C047,SEM008,B+
E21744,S0383,C030,SEM008,B+
E21745,S0452,C019,SEM001,B+
E21746,S0852,C008,SEM004,A-
E21747,S0568,C031,SEM004,A-
E21748,S0140,C010,SEM001,B-
E21749,S0623,C070,SEM005,C+
E21750,S0327,C028,SEM005,B
E21751,S0188,C051,SEM001,A-
E21752,S0360,C001,SEM006,B
E21753,S0728,C016,SEM003,B
E21754,S0820,C074,SEM001,B+
E21755,S0065,C036,SEM004,A-
E21756,S0824,C009,SEM006,B
E21757,S0027,C004,SEM008,A-
E21758,S0424,C120,SEM003,B-
E21759,S0017,C087,SEM007,B+
E21760,S0260,C061,SEM001,C+
E21761,S0789,C060,SEM005,B-
E21762,S0856,C049,SEM003,C+
E21763,S0755,C030,SEM006,B
E21764,S0279,C070,SEM005,B
E21765,S0865,C080,SEM003,B
E21766,S0270,C040,SEM006,A-
E21767,S0708,C132,SEM004,A
E21768,S0549,C006,SEM005,B
E21769,S0300,C083,SEM007,B+
E21770,S0323,C098,SEM007,B
E21771,S0214,C063,SEM001,A
E21772,S0707,C054,SEM006,C+
E21773,S0041,C024,SEM001,B
E21774,S0598,C016,SEM007,C+
E21775,S0712,C079,SEM005,C
E21776,S0233,C053,SEM007,C
E21777,S0759,C010,SEM001,D
E21778,S0325,C074,SEM001,A-
E21779,S0823,C063,SEM008,B
E21780,S0158,C097,SEM002,A
E21781,S0146,C043,SEM006,D
E21782,S0174,C083,SEM001,B-
E21783,S0853,C108,SEM007,B-
E21784,S0646,C016,SEM005,A
E21785,S0874,C119,SEM003,A-
E21786,S0440,C007,SEM001,B
E21787,S0499,C063,SEM003,A-
E21788,S0808,C114,SEM001,B-
E21789,S0815,C108,SEM003,A-
E21790,S0136,C077,SEM003,C+
E21791,S0957,C106,SEM007,B
E21792,S0526,C034,SEM008,B
E21793,S0174,C006,SEM006,D
E21794,S0708,C052,SEM001,D
E21795,S0464,C029,SEM006,B+
E21796,S0659,C116,SEM008,C+
E21797,S0348,C016,SEM005,B-
E21798,S0233,C060,SEM003,B+
E21799,S0341,C058,SEM007,A
E21800,S0626,C016,SEM006,A
E21801,S0382,C012,SEM006,C+
E21802,S0803,C088,SEM003,C
E21803,S0003,C022,SEM007,C
E21804,S0996,C011,SEM006,A-
E21805,S0872,C144,SEM008,B+
E21806,S0388,C072,SEM003,A
E21807,S0712,C108,SEM007,B
E21808,S0894,C062,SEM004,B-
E21809,S0997,C075,SEM006,B+
E21810,S0352,C040,SEM006,B+
E21811,S0956,C027,SEM002,A
E21812,S0779,C020,SEM007,B
E21813,S0754,C104,SEM002,B-
E21814,S0201,C094,SEM008,B-
E21815,S0467,C014,SEM004,A-
E21816,S0133,C057,SEM001,C
E21817,S0310,C030,SEM006,B-
E21818,S0955,C063,SEM001,B
E21819,S0759,C035,SEM007,B+
E21820,S0071,C015,SEM007,B+
E21821,S0860,C068,SEM008,C-
E21822,S0707,C075,SEM002,A-
E21823,S0510,C016,SEM006,C+
E21824,S0918,C069,SEM008,A
E21825,S0493,C080,SEM008,A-
E21826,S0089,C036,SEM007,B
E21827,S0370,C030,SEM006,B-
E21828,S0812,C018,SEM002,F
E21829,S0028,C130,SEM008,B-
E21830,S0810,C072,SEM007,B+
E21831,S0204,C024,SEM008,B+
E21832,S0356,C019,SEM004,C-
E21833,S0315,C020,SEM003,C+
E21834,S0432,C150,SEM002,B+
E21835,S0136,C031,SEM006,C+
E21836,S0773,C010,SEM004,C-
E21837,S0434,C051,SEM005,B
E21838,S0935,C041,SEM004,B+
E21839,S0903,C025,SEM004,D
E21840,S0481,C090,SEM007,A-
E21841,S0254,C078,SEM003,F
E21842,S0590,C055,SEM008,C+
E21843,S0955,C039,SEM005,A-
E21844,S0290,C044,SEM002,C
E21845,S0472,C008,SEM004,C+
E21846,S0323,C031,SEM002,B-
E21847,S0509,C096,SEM002,B
E21848,S0153,C098,SEM007,B-
E21849,S0350,C010,SEM003,F
E21850,S0950,C054,SEM001,A-
E21851,S0467,C056,SEM001,B-
E21852,S0399,C049,SEM002,D
E21853,S0958,C069,SEM006,B+
E21854,S0201,C051,SEM008,D
E21855,S0109,C122,SEM005,B+
E21856,S0045,C088,SEM002,C+
E21857,S0353,C078,SEM008,A-
E21858,S0073,C052,SEM005,C+
E21859,S0034,C015,SEM002,B-
E21860,S0563,C045,SEM008,B
E21861,S0395,C136,SEM004,C
E21862,S0068,C119,SEM007,B
E21863,S0018,C055,SEM006,F
E21864,S0791,C079,SEM006,A
E21865,S0875,C045,SEM002,B+
E21866,S0653,C009,SEM008,C
E21867,S0044,C041,SEM008,B
E21868,S0666,C084,SEM007,B
E21869,S0790,C038,SEM002,A
E21870,S0512,C108,SEM004,B+
E21871,S0687,C042,SEM003,B+
E21872,S0600,C029,SEM005,B+
E21873,S0287,C112,SEM002,C-
E21874,S0936,C043,SEM003,B-
E21875,S0537,C039,SEM005,C
E21876,S0485,C037,SEM004,B
E21877,S0155,C034,SEM007,B
E21878,S0458,C112,SEM006,B-
E21879,S0310,C057,SEM004,B+
E21880,S0370,C054,SEM001,C+
E21881,S0241,C079,SEM008,A-
E21882,S0616,C067,SEM006,B-
E21883,S0386,C044,SEM004,B
E21884,S0021,C115,SEM004,B
E21885,S0058,C008,SEM008,B-
E21886,S0411,C066,SEM004,C
E21887,S0474,C016,SEM002,C
E21888,S0246,C006,SEM003,B-
E21889,S0520,C042,SEM008,B+
E21890,S0277,C025,SEM005,C+
E21891,S0170,C003,SEM006,A
E21892,S0870,C030,SEM008,B
E21893,S0266,C076,SEM007,C
E21894,S0069,C012,SEM002,A-
E21895,S0672,C021,SEM003,A-
E21896,S0280,C017,SEM001,B+
E21897,S0635,C130,SEM001,C
E21898,S0155,C127,SEM005,B
E21899,S0662,C067,SEM008,B
E21900,S0895,C004,SEM003,B
E21901,S0869,C069,SEM001,D
E21902,S0231,C046,SEM002,B+
E21903,S0171,C122,SEM007,C+
E21904,S0078,C012,SEM001,B-
E21905,S0864,C024,SEM002,B
E21906,S0916,C069,SEM002,B
E21907,S0245,C061,SEM004,C+
E21908,S0517,C053,SEM001,A
E21909,S0006,C038,SEM008,B-
E21910,S0634,C074,SEM003,A-
E21911,S0455,C037,SEM005,C+
E21912,S0507,C147,SEM007,B-
E21913,S0883,C073,SEM007,B-
E21914,S0603,C008,SEM007,B
E21915,S0780,C058,SEM006,B+
E21916,S0646,C101,SEM007,B
E21917,S0002,C099,SEM007,A-
E21918,S0434,C037,SEM002,A-
E21919,S0574,C092,SEM004,A
E21920,S0091,C149,SEM007,B+
E21921,S0134,C035,SEM006,B+
E21922,S0959,C035,SEM007,B+
E21923,S0592,C070,SEM006,B
E21924,S0502,C021,SEM002,B-
E21925,S0711,C039,SEM008,B
E21926,S0784,C035,SEM005,F
E21927,S0115,C005,SEM005,C+
E21928,S0797,C061,SEM008,A-
E21929,S0851,C001,SEM004,C+
E21930,S0925,C015,SEM007,B+
E21931,S0987,C002,SEM005,B-
E21932,S0292,C150,SEM004,B
E21933,S0469,C069,SEM006,B-
E21934,S0108,C139,SEM002,A-
E21935,S0165,C144,SEM007,B
E21936,S0387,C057,SEM004,C
E21937,S0755,C017,SEM008,B-
E21938,S0335,C043,SEM004,D
E21939,S0436,C090,SEM001,B+
E21940,S0823,C114,SEM007,C+
E21941,S0206,C036,SEM001,B+
E21942,S0193,C031,SEM001,B-
E21943,S0691,C011,SEM003,A-
E21944,S0705,C038,SEM007,B+
E21945,S0963,C044,SEM005,B-
E21946,S0586,C014,SEM002,B+
E21947,S0464,C094,SEM005,B
E21948,S0660,C006,SEM002,B+
E21949,S0820,C121,SEM005,C
E21950,S0708,C028,SEM008,B+
E21951,S0423,C009,SEM007,B-
E21952,S0102,C082,SEM003,F
E21953,S0421,C047,SEM007,C+
E21954,S0534,C046,SEM002,B+
E21955,S0452,C119,SEM006,A
E21956,S0688,C094,SEM005,B+
E21957,S0442,C076,SEM008,A-
E21958,S0903,C026,SEM004,B-
E21959,S0187,C096,SEM004,F
E21960,S0567,C043,SEM004,B
E21961,S0757,C006,SEM002,C+
E21962,S0772,C083,SEM001,B
E21963,S0358,C024,SEM002,A-
E21964,S0879,C049,SEM005,A-
E21965,S0194,C039,SEM005,A
E21966,S0084,C039,SEM008,B+
E21967,S0592,C086,SEM006,B
E21968,S0038,C020,SEM001,C+
E21969,S0673,C107,SEM007,C-
E21970,S0830,C015,SEM002,C+
E21971,S0099,C056,SEM007,B
E21972,S0491,C053,SEM007,A
E21973,S0414,C001,SEM003,B+
E21974,S0917,C053,SEM007,B+
E21975,S0186,C017,SEM006,B
E21976,S0262,C007,SEM002,C+
E21977,S0233,C059,SEM005,B-
E21978,S0160,C025,SEM007,A
E21979,S0593,C061,SEM003,B+
E21980,S0485,C038,SEM001,B
E21981,S0806,C065,SEM004,A-
E21982,S0227,C005,SEM007,B
E21983,S0554,C018,SEM006,A-
E21984,S0963,C041,SEM006,B-
E21985,S0847,C124,SEM007,B
E21986,S0811,C041,SEM007,D
E21987,S0765,C007,SEM002,B+
E21988,S0763,C048,SEM001,B+
E21989,S0505,C006,SEM006,B-
E21990,S0976,C036,SEM004,B
E21991,S0664,C064,SEM007,A-
E21992,S0965,C009,SEM004,B+
E21993,S0907,C032,SEM007,B
E21994,S0807,C122,SEM001,A-
E21995,S0987,C014,SEM001,B+
E21996,S0640,C002,SEM007,B
E21997,S0567,C091,SEM007,B
E21998,S0809,C135,SEM001,B+
E21999,S0581,C098,SEM003,F
E22000,S0562,C051,SEM004,A-
E22001,S0857,C095,SEM007,C+
E22002,S0384,C139,SEM001,C+
E22003,S0512,C082,SEM003,C-
E22004,S0051,C040,SEM004,A-
E22005,S0552,C042,SEM008,B+
E22006,S0591,C018,SEM001,B
E22007,S0412,C027,SEM005,B+
E22008,S0666,C109,SEM005,B
E22009,S0868,C013,SEM003,B-
E22010,S0741,C110,SEM003,C
E22011,S0704,C138,SEM002,B
E22012,S0168,C008,SEM007,C+
E22013,S0764,C070,SEM004,B
E22014,S0482,C045,SEM007,B
E22015,S0793,C134,SEM002,B+
E22016,S0184,C040,SEM007,C+
E22017,S0622,C080,SEM002,B+
E22018,S0004,C106,SEM005,B
E22019,S0138,C023,SEM008,B+
E22020,S0441,C046,SEM008,B-
E22021,S0833,C016,SEM003,A
E22022,S0793,C059,SEM004,C+
E22023,S0872,C030,SEM003,B-
E22024,S0141,C096,SEM007,D
E22025,S0355,C052,SEM005,B
E22026,S0055,C081,SEM008,B-
E22027,S0224,C132,SEM006,C+
E22028,S0821,C132,SEM004,C-
E22029,S0821,C018,SEM003,B
E22030,S0893,C076,SEM005,C
E22031,S0994,C057,SEM004,B-
E22032,S0247,C028,SEM006,A-
E22033,S0902,C001,SEM003,C+
E22034,S0373,C007,SEM002,B+
E22035,S0030,C038,SEM007,B+
E22036,S0971,C011,SEM006,B
E22037,S0902,C005,SEM003,A-
E22038,S0732,C106,SEM006,B+
E22039,S0404,C100,SEM007,B-
E22040,S0724,C018,SEM005,C+
E22041,S0420,C028,SEM007,A
E22042,S0053,C019,SEM005,B
E22043,S0364,C025,SEM006,C+
E22044,S0371,C013,SEM003,B+
E22045,S0521,C008,SEM005,C
E22046,S0303,C024,SEM003,C+
E22047,S0584,C014,SEM005,C+
E22048,S0872,C043,SEM007,B
E22049,S0696,C021,SEM001,C+
E22050,S0506,C053,SEM003,C
E22051,S0243,C112,SEM002,B
E22052,S0612,C074,SEM002,B
E22053,S0812,C041,SEM002,A-
E22054,S0991,C013,SEM004,A-
E22055,S0155,C077,SEM002,B-
E22056,S0362,C002,SEM005,B+
E22057,S0370,C112,SEM005,B
E22058,S0594,C108,SEM006,C
E22059,S0788,C022,SEM002,B-
E22060,S0478,C045,SEM003,B-
E22061,S0103,C091,SEM007,A-
E22062,S0474,C034,SEM007,B+
E22063,S0296,C141,SEM002,B-
E22064,S0331,C131,SEM007,B
E22065,S0422,C029,SEM007,B
E22066,S0639,C056,SEM001,A-
E22067,S0038,C004,SEM002,A
E22068,S0248,C001,SEM005,B+
E22069,S0141,C055,SEM005,B
E22070,S0924,C064,SEM007,B
E22071,S0982,C003,SEM005,B+
E22072,S0035,C019,SEM005,D
E22073,S0878,C017,SEM008,B-
E22074,S0586,C003,SEM006,B
E22075,S0271,C031,SEM005,B
E22076,S0339,C084,SEM008,B+
E22077,S0934,C103,SEM005,B-
E22078,S0929,C046,SEM006,C+
E22079,S0340,C021,SEM006,A-
E22080,S0382,C118,SEM008,B
E22081,S0231,C058,SEM008,B+
E22082,S0266,C077,SEM003,B
E22083,S0581,C077,SEM002,A-
E22084,S0016,C077,SEM003,B
E22085,S0877,C040,SEM004,C
E22086,S0036,C126,SEM005,C+
E22087,S0857,C028,SEM003,B-
E22088,S0853,C005,SEM003,D
E22089,S0109,C065,SEM005,A
E22090,S0871,C093,SEM007,A-
E22091,S0806,C014,SEM003,B-
E22092,S0616,C043,SEM004,C
E22093,S0341,C050,SEM003,B
E22094,S0894,C138,SEM004,C+
E22095,S0259,C100,SEM003,B-
E22096,S0171,C018,SEM002,B
E22097,S0340,C125,SEM002,B+
E22098,S0177,C059,SEM007,B
E22099,S0647,C038,SEM002,B
E22100,S0211,C045,SEM006,B+
E22101,S0323,C026,SEM008,B
E22102,S0256,C116,SEM004,A
E22103,S0267,C057,SEM003,C+
E22104,S0138,C034,SEM001,B
E22105,S0542,C080,SEM006,B+
E22106,S0506,C066,SEM006,B
E22107,S0383,C078,SEM007,A-
E22108,S0235,C062,SEM002,C+
E22109,S0381,C047,SEM002,B
E22110,S0487,C009,SEM003,A-
E22111,S0526,C042,SEM007,B+
E22112,S0635,C110,SEM005,C
E22113,S0305,C092,SEM004,B+
E22114,S0933,C073,SEM006,C
E22115,S0655,C020,SEM008,B
E22116,S0796,C083,SEM001,C-
E22117,S0233,C110,SEM008,C
E22118,S0536,C077,SEM001,C+
E22119,S0775,C120,SEM007,A
E22120,S0331,C018,SEM003,C+
E22121,S0481,C052,SEM004,B-
E22122,S0988,C029,SEM004,A-
E22123,S0813,C100,SEM008,A-
E22124,S0753,C049,SEM004,B
E22125,S0782,C055,SEM006,B
E22126,S0433,C142,SEM008,B+
E22127,S0979,C123,SEM006,B
E22128,S0484,C018,SEM005,B
E22129,S0030,C025,SEM006,B+
E22130,S0007,C028,SEM002,B
E22131,S0316,C014,SEM006,D
E22132,S0543,C012,SEM002,C
E22133,S0925,C066,SEM008,A-
E22134,S0630,C030,SEM003,C
E22135,S0106,C021,SEM007,A
E22136,S0227,C007,SEM005,B-
E22137,S0992,C091,SEM002,B-
E22138,S0346,C013,SEM005,B+
E22139,S0290,C038,SEM006,B-
E22140,S0805,C068,SEM004,C
E22141,S0543,C045,SEM005,A-
E22142,S0824,C106,SEM006,B+
E22143,S0778,C026,SEM004,B-
E22144,S0707,C064,SEM004,A-
E22145,S0995,C048,SEM003,A
E22146,S0969,C085,SEM001,C
E22147,S0469,C104,SEM002,B-
E22148,S0354,C105,SEM008,F
E22149,S0823,C061,SEM004,C-
E22150,S0609,C035,SEM002,B+
E22151,S0549,C023,SEM003,B
E22152,S0186,C087,SEM008,C+
E22153,S0566,C096,SEM003,C+
E22154,S0575,C028,SEM005,B-
E22155,S0294,C018,SEM001,B
E22156,S0998,C069,SEM001,C+
E22157,S0164,C069,SEM006,C-
E22158,S0999,C120,SEM007,C+
E22159,S0591,C011,SEM003,F
E22160,S0064,C115,SEM004,C+
E22161,S0862,C001,SEM007,B
E22162,S0086,C045,SEM006,B+
E22163,S0957,C010,SEM005,A
E22164,S0011,C025,SEM002,B-
E22165,S0782,C056,SEM002,B-
E22166,S0699,C113,SEM003,C
E22167,S0821,C025,SEM003,B+
E22168,S0243,C046,SEM007,A-
E22169,S0812,C148,SEM005,B+
E22170,S0817,C086,SEM008,B-
E22171,S0127,C020,SEM007,A-
E22172,S0756,C007,SEM008,B-
E22173,S0781,C014,SEM004,B+
E22174,S0844,C116,SEM002,A-
E22175,S0544,C086,SEM007,B+
E22176,S0037,C050,SEM001,B
E22177,S0341,C108,SEM003,B-
E22178,S0166,C005,SEM005,B+
E22179,S0560,C033,SEM003,A-
E22180,S0328,C022,SEM005,B
E22181,S0125,C114,SEM002,B
E22182,S0385,C011,SEM007,A
E22183,S0563,C110,SEM005,B
E22184,S0634,C058,SEM001,B-
E22185,S0577,C099,SEM002,B+
E22186,S0176,C141,SEM004,D
E22187,S0538,C105,SEM001,B
E22188,S0826,C111,SEM007,B
E22189,S0709,C103,SEM008,A-
E22190,S0418,C043,SEM004,B-
E22191,S0366,C010,SEM008,A-
E22192,S0800,C031,SEM002,B
E22193,S0669,C070,SEM003,C-
E22194,S0890,C052,SEM006,A-
E22195,S0064,C017,SEM001,B
E22196,S0045,C062,SEM001,B+
E22197,S0026,C049,SEM001,A
E22198,S0558,C034,SEM007,A-
E22199,S0465,C056,SEM007,B+
E22200,S0161,C060,SEM007,F
E22201,S0982,C082,SEM003,B+
E22202,S0478,C090,SEM001,B
E22203,S0749,C028,SEM008,B+
E22204,S0686,C037,SEM001,B+
E22205,S0367,C035,SEM001,A
E22206,S0947,C039,SEM006,B-
E22207,S0758,C034,SEM003,C+
E22208,S0737,C012,SEM007,B
E22209,S0023,C024,SEM008,C-
E22210,S0544,C091,SEM007,A-
E22211,S0085,C018,SEM003,B-
E22212,S0934,C068,SEM001,B-
E22213,S0427,C107,SEM007,C+
E22214,S0264,C017,SEM004,F
E22215,S0153,C076,SEM004,C+
E22216,S0763,C036,SEM006,B+
E22217,S0891,C036,SEM002,B-
E22218,S0430,C064,SEM005,B
E22219,S0082,C072,SEM001,C+
E22220,S0485,C042,SEM003,C-
E22221,S0288,C003,SEM008,B+
E22222,S0098,C132,SEM003,B
E22223,S0781,C140,SEM002,B-
E22224,S0747,C127,SEM005,B+
E22225,S0916,C111,SEM003,C+
E22226,S0584,C002,SEM002,C
E22227,S0479,C065,SEM002,B
E22228,S0347,C001,SEM007,A
E22229,S0274,C039,SEM008,F
E22230,S0586,C001,SEM001,B+
E22231,S0632,C065,SEM007,B-
E22232,S0025,C062,SEM004,B
E22233,S0260,C047,SEM008,B
E22234,S0654,C024,SEM001,B-
E22235,S0405,C058,SEM007,A-
E22236,S0981,C091,SEM003,F
E22237,S0778,C014,SEM001,F
E22238,S0661,C036,SEM005,B-
E22239,S0654,C095,SEM004,B
E22240,S0253,C135,SEM005,B-
E22241,S0509,C053,SEM003,B-
E22242,S0764,C103,SEM006,B
E22243,S0150,C021,SEM007,B+
E22244,S0352,C066,SEM002,C+
E22245,S0824,C053,SEM006,C+
E22246,S0918,C019,SEM001,B-
E22247,S0471,C022,SEM004,A-
E22248,S0807,C040,SEM002,B+
E22249,S0793,C135,SEM002,C
E22250,S0702,C084,SEM008,B+
E22251,S0229,C006,SEM008,D
E22252,S0507,C004,SEM001,B
E22253,S0150,C126,SEM008,B
E22254,S0578,C021,SEM003,A-
E22255,S0937,C054,SEM008,B-
E22256,S0690,C038,SEM001,C+
E22257,S0098,C028,SEM007,B
E22258,S0651,C059,SEM005,B-
E22259,S0761,C064,SEM007,B
E22260,S0255,C038,SEM001,C
E22261,S0927,C026,SEM002,B+
E22262,S0864,C122,SEM006,B-
E22263,S0127,C054,SEM001,B-
E22264,S0157,C106,SEM003,C-
E22265,S0581,C008,SEM007,C+
E22266,S0186,C056,SEM008,B
E22267,S0148,C068,SEM008,B+
E22268,S0689,C074,SEM008,A
E22269,S0165,C038,SEM002,F
E22270,S0158,C028,SEM003,B
E22271,S0510,C013,SEM003,C+
E22272,S0120,C021,SEM002,B-
E22273,S0584,C116,SEM006,B
E22274,S0848,C073,SEM001,C
E22275,S0600,C050,SEM004,A-
E22276,S0386,C082,SEM008,A-
E22277,S0740,C026,SEM007,D
E22278,S0551,C072,SEM007,C
E22279,S0846,C028,SEM002,D
E22280,S0134,C032,SEM005,B+
E22281,S0270,C090,SEM004,A
E22282,S0308,C041,SEM007,A-
E22283,S0143,C027,SEM008,A-
E22284,S0980,C085,SEM007,C-
E22285,S0143,C083,SEM004,A
E22286,S0975,C028,SEM004,C
E22287,S0668,C021,SEM008,B-
E22288,S0722,C036,SEM002,A-
E22289,S0017,C123,SEM006,C+
E22290,S0337,C027,SEM001,A-
E22291,S0995,C139,SEM004,C+
E22292,S0577,C018,SEM005,C+
E22293,S0836,C076,SEM004,D
E22294,S0260,C114,SEM002,B
E22295,S0292,C072,SEM006,B
E22296,S0429,C051,SEM001,B
E22297,S0573,C082,SEM004,B-
E22298,S0529,C109,SEM003,C-
E22299,S0936,C023,SEM008,B-
E22300,S0690,C014,SEM002,B+
E22301,S0755,C055,SEM006,B+
E22302,S0166,C017,SEM007,C
E22303,S0778,C026,SEM008,C-
E22304,S0985,C063,SEM008,A-
E22305,S0632,C056,SEM005,C
E22306,S0806,C027,SEM005,C-
E22307,S0124,C013,SEM003,A
E22308,S0596,C102,SEM004,C-
E22309,S0122,C114,SEM005,C-
E22310,S0401,C049,SEM003,B
E22311,S0990,C021,SEM006,C-
E22312,S0081,C089,SEM002,A-
E22313,S0214,C002,SEM001,B
E22314,S0903,C026,SEM007,F
E22315,S0182,C089,SEM007,A-
E22316,S0758,C014,SEM006,A-
E22317,S0064,C051,SEM003,A-
E22318,S0807,C067,SEM004,A
E22319,S0263,C048,SEM008,B-
E22320,S0952,C026,SEM007,A
E22321,S0251,C010,SEM004,B
E22322,S0267,C096,SEM001,B-
E22323,S0877,C048,SEM004,F
E22324,S0399,C008,SEM001,B+
E22325,S0772,C041,SEM007,D
E22326,S0147,C020,SEM003,C+
E22327,S0892,C029,SEM008,B-
E22328,S0881,C105,SEM007,C+
E22329,S0052,C027,SEM005,C+
E22330,S0665,C021,SEM004,B
E22331,S0131,C063,SEM008,C+
E22332,S0096,C089,SEM008,B
E22333,S0714,C023,SEM006,C
E22334,S0669,C009,SEM008,B+
E22335,S0938,C004,SEM005,B-
E22336,S0518,C033,SEM006,A
E22337,S0396,C005,SEM006,B+
E22338,S0027,C022,SEM005,C+
E22339,S0073,C021,SEM004,B
E22340,S0816,C045,SEM007,A-
E22341,S0254,C059,SEM004,C+
E22342,S0623,C046,SEM001,C
E22343,S0305,C051,SEM006,B-
E22344,S0897,C017,SEM001,B
E22345,S0570,C035,SEM001,C+
E22346,S0016,C018,SEM008,C
E22347,S0228,C003,SEM006,B-
E22348,S0619,C013,SEM005,C
E22349,S0917,C072,SEM004,B-
E22350,S0256,C077,SEM006,A-
E22351,S0819,C009,SEM006,B
E22352,S0199,C040,SEM003,B+
E22353,S0779,C080,SEM005,B-
E22354,S0669,C099,SEM006,B
E22355,S0261,C076,SEM007,A
E22356,S0974,C069,SEM001,B-
E22357,S0305,C105,SEM003,B
E22358,S0496,C041,SEM008,C
E22359,S0717,C017,SEM005,A-
E22360,S0188,C104,SEM006,B-
E22361,S0281,C024,SEM001,B+
E22362,S0013,C021,SEM007,B+
E22363,S0549,C066,SEM005,B-
E22364,S0807,C055,SEM008,B
E22365,S0142,C005,SEM004,C-
E22366,S0471,C114,SEM002,B
E22367,S0663,C025,SEM006,C+
E22368,S0871,C042,SEM007,C
E22369,S0295,C129,SEM002,C
E22370,S0223,C079,SEM008,B-
E22371,S0826,C051,SEM002,A-
E22372,S0869,C099,SEM004,B+
E22373,S0371,C073,SEM005,B
E22374,S0567,C105,SEM002,C-
E22375,S0978,C070,SEM001,A-
E22376,S0302,C064,SEM008,A-
E22377,S0011,C044,SEM003,C
E22378,S0436,C022,SEM005,B+
E22379,S0712,C004,SEM005,B+
E22380,S0493,C104,SEM007,C
E22381,S0069,C131,SEM004,B-
E22382,S0599,C061,SEM004,C+
E22383,S0283,C038,SEM003,B-
E22384,S0552,C082,SEM007,B-
E22385,S0970,C141,SEM007,B-
E22386,S0290,C001,SEM002,B-
E22387,S0438,C022,SEM008,D
E22388,S0880,C075,SEM005,B+
E22389,S0027,C046,SEM003,B
E22390,S0547,C114,SEM008,B+
E22391,S0885,C021,SEM005,C+
E22392,S0416,C078,SEM003,C
E22393,S0468,C028,SEM002,C
E22394,S0021,C034,SEM005,B
E22395,S0272,C073,SEM005,A-
E22396,S0571,C048,SEM004,B
E22397,S0183,C032,SEM005,B
E22398,S0569,C083,SEM004,C
E22399,S0752,C056,SEM001,B+
E22400,S0563,C036,SEM002,B+
E22401,S0850,C067,SEM008,A
E22402,S0037,C148,SEM008,B-
E22403,S0469,C029,SEM002,B+
E22404,S0670,C103,SEM006,C-
E22405,S0742,C099,SEM001,B+
E22406,S0988,C043,SEM003,B
E22407,S0875,C030,SEM007,A-
E22408,S0720,C139,SEM002,B+
E22409,S0992,C045,SEM002,B+
E22410,S0587,C025,SEM008,B+
E22411,S0781,C033,SEM003,C
E22412,S0229,C099,SEM004,C-
E22413,S0836,C053,SEM002,B-
E22414,S0737,C012,SEM005,C+
E22415,S0637,C002,SEM007,A-
E22416,S0622,C096,SEM005,B-
E22417,S0086,C095,SEM002,A
E22418,S0279,C038,SEM004,A-
E22419,S0592,C006,SEM007,B-
E22420,S0153,C002,SEM003,B
E22421,S0260,C132,SEM003,B-
E22422,S0434,C064,SEM005,A-
E22423,S0999,C146,SEM006,B+
E22424,S0409,C023,SEM004,C
E22425,S0251,C100,SEM008,B-
E22426,S0920,C105,SEM003,C-
E22427,S0745,C120,SEM004,B
E22428,S0400,C083,SEM003,B+
E22429,S0772,C142,SEM007,C+
E22430,S0579,C037,SEM008,B+
E22431,S0985,C063,SEM004,C+
E22432,S0852,C083,SEM001,A
E22433,S0279,C031,SEM005,B-
E22434,S0551,C050,SEM006,B-
E22435,S0510,C113,SEM008,B
E22436,S0847,C077,SEM008,B
E22437,S0678,C067,SEM001,A
E22438,S0354,C031,SEM004,B
E22439,S0455,C007,SEM001,B
E22440,S0305,C078,SEM008,C
E22441,S0808,C083,SEM008,C+
E22442,S0739,C022,SEM005,C+
E22443,S0321,C121,SEM005,B
E22444,S0492,C056,SEM001,B
E22445,S0215,C090,SEM003,B-
E22446,S0815,C101,SEM007,B
E22447,S0232,C051,SEM005,D
E22448,S0788,C049,SEM007,A
E22449,S0772,C012,SEM008,A-
E22450,S0487,C098,SEM004,B+
E22451,S0494,C024,SEM004,B-
E22452,S0385,C020,SEM003,B-
E22453,S0828,C053,SEM005,A-
E22454,S0957,C032,SEM006,F
E22455,S0843,C032,SEM007,B-
E22456,S0111,C062,SEM003,B
E22457,S0076,C135,SEM008,D
E22458,S0772,C010,SEM003,B+
E22459,S0328,C035,SEM007,D
E22460,S0398,C038,SEM005,B+
E22461,S0140,C067,SEM006,F
E22462,S0812,C010,SEM002,B-
E22463,S0573,C102,SEM006,A
E22464,S0335,C014,SEM008,C+
E22465,S0066,C070,SEM005,B-
E22466,S0025,C053,SEM004,C
E22467,S0660,C070,SEM006,B
E22468,S0926,C050,SEM006,B
E22469,S0259,C024,SEM008,B+
E22470,S0233,C133,SEM008,B+
E22471,S0187,C054,SEM006,B
E22472,S0492,C010,SEM005,B
E22473,S0151,C052,SEM008,C-
E22474,S0699,C055,SEM001,B
E22475,S0118,C084,SEM004,B
E22476,S0261,C003,SEM006,B-
E22477,S0058,C018,SEM004,B+
E22478,S0339,C008,SEM005,A
E22479,S0713,C117,SEM007,D
E22480,S0618,C040,SEM004,A-
E22481,S0120,C005,SEM005,B+
E22482,S0069,C024,SEM001,C
E22483,S0017,C045,SEM002,B
E22484,S0711,C002,SEM007,A
E22485,S0669,C094,SEM005,C+
E22486,S0109,C016,SEM007,C-
E22487,S0511,C048,SEM006,A-
E22488,S0929,C037,SEM002,A
E22489,S0194,C092,SEM006,B
E22490,S0083,C106,SEM008,C
E22491,S0921,C082,SEM001,A
E22492,S0872,C026,SEM001,B-
E22493,S0036,C062,SEM006,C+
E22494,S0763,C040,SEM002,A-
E22495,S0958,C080,SEM002,B
E22496,S0448,C104,SEM007,A
E22497,S0462,C128,SEM004,B-
E22498,S0992,C054,SEM005,C
E22499,S0914,C016,SEM008,B-
E22500,S0530,C033,SEM002,C+
E22501,S0837,C035,SEM001,B
E22502,S0268,C107,SEM008,C
E22503,S0940,C149,SEM003,A-
E22504,S0285,C066,SEM008,C+
E22505,S0552,C107,SEM003,B-
E22506,S0227,C047,SEM007,A-
E22507,S0020,C039,SEM007,B-
E22508,S0587,C037,SEM005,B+
E22509,S0107,C046,SEM004,D
E22510,S0628,C008,SEM004,C
E22511,S0730,C108,SEM002,A
E22512,S0502,C005,SEM001,C
E22513,S0892,C017,SEM008,A
E22514,S0549,C094,SEM003,B-
E22515,S0479,C005,SEM005,A-
E22516,S0129,C030,SEM007,D
E22517,S0532,C105,SEM008,B-
E22518,S0846,C028,SEM008,B
E22519,S0659,C078,SEM004,B
E22520,S0444,C110,SEM001,C
E22521,S0600,C075,SEM001,B-
E22522,S0066,C053,SEM002,B
E22523,S0282,C017,SEM007,D
E22524,S0371,C057,SEM001,B+
E22525,S0642,C002,SEM002,B-
E22526,S0849,C036,SEM002,C+
E22527,S0721,C025,SEM003,B+
E22528,S0720,C018,SEM006,C+
E22529,S0663,C127,SEM002,C
E22530,S0081,C010,SEM006,B+
E22531,S0469,C053,SEM001,D
E22532,S0316,C145,SEM002,C-
E22533,S0606,C051,SEM005,B-
E22534,S0519,C040,SEM004,B
E22535,S0421,C086,SEM007,A
E22536,S0935,C078,SEM002,B-
E22537,S0857,C026,SEM002,B+
E22538,S0756,C024,SEM002,B
E22539,S0603,C026,SEM008,B
E22540,S0012,C125,SEM003,B-
E22541,S0388,C037,SEM008,A
E22542,S0727,C091,SEM006,B
E22543,S0952,C023,SEM004,B+
E22544,S0932,C007,SEM001,C
E22545,S0256,C046,SEM008,B+
E22546,S0925,C036,SEM004,B+
E22547,S0410,C056,SEM007,B
E22548,S0464,C044,SEM006,B
E22549,S0544,C082,SEM001,A-
E22550,S0525,C069,SEM004,B
E22551,S0988,C020,SEM007,A
E22552,S0636,C022,SEM002,C+
E22553,S0270,C136,SEM005,C
E22554,S0559,C019,SEM002,B-
E22555,S0698,C093,SEM008,D
E22556,S0515,C071,SEM004,F
E22557,S0055,C005,SEM005,A-
E22558,S0211,C026,SEM004,B
E22559,S0750,C035,SEM001,B+
E22560,S0025,C017,SEM006,F
E22561,S0788,C148,SEM006,D
E22562,S0603,C047,SEM008,B+
E22563,S0657,C070,SEM007,A-
E22564,S0576,C066,SEM002,B+
E22565,S0555,C146,SEM006,C-
E22566,S0757,C018,SEM007,B
E22567,S0545,C025,SEM008,B
E22568,S0638,C039,SEM001,B
E22569,S0370,C090,SEM004,B
E22570,S0894,C077,SEM002,B
E22571,S0088,C051,SEM005,B+
E22572,S0925,C041,SEM005,C
E22573,S0379,C045,SEM008,B
E22574,S0951,C001,SEM008,F
E22575,S0370,C018,SEM002,B+
E22576,S0862,C062,SEM008,B+
E22577,S0372,C057,SEM002,C+
E22578,S0488,C036,SEM004,B+
E22579,S0634,C031,SEM006,B-
E22580,S0774,C038,SEM005,A-
E22581,S0370,C011,SEM007,B+
E22582,S0634,C041,SEM004,A
E22583,S0673,C106,SEM007,C-
E22584,S0800,C092,SEM003,C-
E22585,S0610,C137,SEM001,B-
E22586,S0849,C143,SEM005,C+
E22587,S0248,C075,SEM004,A
E22588,S0363,C017,SEM003,C+
E22589,S0759,C061,SEM007,B-
E22590,S0812,C028,SEM001,B+
E22591,S0036,C020,SEM007,C+
E22592,S0277,C052,SEM008,B
E22593,S0520,C064,SEM001,B+
E22594,S0004,C038,SEM002,C
E22595,S0941,C028,SEM008,B
E22596,S0574,C069,SEM006,C
E22597,S0108,C032,SEM001,A
E22598,S0026,C127,SEM006,A-
E22599,S0300,C093,SEM006,A-
E22600,S0796,C082,SEM007,B
E22601,S0893,C015,SEM008,A-
E22602,S0318,C072,SEM008,B+
E22603,S0429,C038,SEM002,C-
E22604,S0748,C084,SEM007,B
E22605,S0533,C104,SEM001,C+
E22606,S0701,C074,SEM001,B
E22607,S0583,C071,SEM003,B
E22608,S0051,C018,SEM005,B+
E22609,S0316,C065,SEM003,C-
E22610,S0976,C031,SEM003,D
E22611,S0174,C086,SEM003,B
E22612,S0777,C044,SEM003,B-
E22613,S0128,C003,SEM005,A
E22614,S0992,C039,SEM007,B+
E22615,S0832,C067,SEM007,B+
E22616,S0605,C097,SEM003,B-
E22617,S0528,C011,SEM002,C-
E22618,S0457,C035,SEM007,B+
E22619,S0686,C016,SEM001,A-
E22620,S0835,C033,SEM005,B
E22621,S0139,C011,SEM003,C
E22622,S0457,C011,SEM007,C
E22623,S0745,C106,SEM004,F
E22624,S0239,C031,SEM007,B-
E22625,S0641,C012,SEM001,B-
E22626,S0307,C069,SEM007,B+
E22627,S0748,C001,SEM006,C
E22628,S0952,C130,SEM002,A-
E22629,S0307,C021,SEM005,A-
E22630,S0826,C052,SEM005,B
E22631,S0494,C020,SEM005,B-
E22632,S0246,C099,SEM007,B-
E22633,S0791,C056,SEM004,A-
E22634,S0339,C046,SEM002,F
E22635,S0646,C026,SEM008,D
E22636,S0823,C001,SEM003,B+
E22637,S0113,C023,SEM006,C
E22638,S0888,C058,SEM004,A-
E22639,S0157,C068,SEM006,B-
E22640,S0240,C110,SEM005,C-
E22641,S0666,C068,SEM002,B
E22642,S0392,C032,SEM003,B-
E22643,S0041,C049,SEM005,C
E22644,S0178,C018,SEM007,B
E22645,S0454,C047,SEM002,B+
E22646,S0146,C006,SEM006,B+
E22647,S0550,C108,SEM002,C+
E22648,S0806,C038,SEM004,B
E22649,S0416,C067,SEM003,A-
E22650,S0764,C032,SEM008,C+
E22651,S0867,C108,SEM001,B
E22652,S0381,C007,SEM001,B+
E22653,S0996,C096,SEM001,B
E22654,S0676,C043,SEM006,B
E22655,S0495,C006,SEM007,A-
E22656,S0471,C046,SEM002,B+
E22657,S0073,C020,SEM008,B+
E22658,S0084,C009,SEM006,A
E22659,S0926,C027,SEM007,A
E22660,S0578,C002,SEM001,C-
E22661,S0707,C008,SEM002,F
E22662,S0477,C012,SEM006,F
E22663,S0363,C047,SEM006,B-
E22664,S0099,C025,SEM007,C-
E22665,S0460,C031,SEM008,B+
E22666,S0964,C095,SEM001,C-
E22667,S0100,C046,SEM001,B
E22668,S0571,C106,SEM006,B-
E22669,S0654,C038,SEM005,B-
E22670,S0322,C040,SEM005,A-
E22671,S0812,C080,SEM002,A-
E22672,S0064,C137,SEM001,B+
E22673,S0569,C056,SEM002,C
E22674,S0784,C055,SEM007,B-
E22675,S0727,C056,SEM007,A-
E22676,S0910,C014,SEM004,C
E22677,S0959,C015,SEM002,B-
E22678,S0072,C090,SEM004,A
E22679,S0272,C063,SEM008,A-
E22680,S0333,C052,SEM007,B+
E22681,S0260,C014,SEM004,C
E22682,S0614,C065,SEM008,A
E22683,S0213,C106,SEM008,B
E22684,S0345,C035,SEM007,A-
E22685,S0441,C045,SEM006,F
E22686,S0279,C109,SEM007,B
E22687,S0485,C120,SEM006,B-
E22688,S0151,C086,SEM005,A-
E22689,S0686,C005,SEM003,C+
E22690,S0796,C041,SEM001,B
E22691,S0261,C004,SEM001,B
E22692,S0056,C072,SEM001,B
E22693,S0389,C012,SEM006,C+
E22694,S0608,C051,SEM004,C-
E22695,S0305,C048,SEM008,A
E22696,S0112,C105,SEM002,C+
E22697,S0822,C083,SEM001,B
E22698,S0585,C082,SEM005,A
E22699,S0571,C046,SEM008,B
E22700,S0026,C041,SEM006,B
E22701,S0932,C001,SEM003,B-
E22702,S0173,C001,SEM001,B
E22703,S0729,C007,SEM003,B-
E22704,S0690,C026,SEM007,C-
E22705,S0003,C051,SEM001,D
E22706,S0054,C057,SEM005,C
E22707,S0384,C124,SEM007,B-
E22708,S0895,C037,SEM008,B-
E22709,S0584,C082,SEM006,B+
E22710,S0978,C059,SEM003,B
E22711,S0124,C001,SEM004,B+
E22712,S0248,C008,SEM004,B+
E22713,S0009,C033,SEM002,A-
E22714,S0880,C115,SEM004,A
E22715,S0646,C007,SEM001,C-
E22716,S0276,C061,SEM004,B
E22717,S0119,C100,SEM005,B-
E22718,S0920,C083,SEM004,A-
E22719,S0394,C057,SEM004,C+
E22720,S0584,C002,SEM004,B-
E22721,S0631,C118,SEM008,C+
E22722,S0514,C098,SEM003,A-
E22723,S0904,C042,SEM001,B+
E22724,S0749,C087,SEM008,B
E22725,S0152,C009,SEM004,B
E22726,S0682,C082,SEM001,A-
E22727,S0871,C037,SEM006,B
E22728,S0084,C019,SEM005,A
E22729,S0807,C048,SEM007,C-
E22730,S0602,C042,SEM002,B-
E22731,S0013,C050,SEM005,B
E22732,S0038,C108,SEM007,A-
E22733,S0292,C041,SEM005,C+
E22734,S0084,C028,SEM005,F
E22735,S0425,C038,SEM005,B+
E22736,S0727,C079,SEM008,B-
E22737,S0816,C032,SEM004,B-
E22738,S0013,C032,SEM003,B
E22739,S0329,C007,SEM007,A
E22740,S0784,C016,SEM004,B+
E22741,S0184,C051,SEM003,B
E22742,S0631,C002,SEM006,B
E22743,S0594,C057,SEM004,B-
E22744,S0614,C068,SEM006,B
E22745,S0506,C100,SEM003,A
E22746,S0863,C049,SEM007,D
E22747,S0448,C063,SEM005,D
E22748,S0192,C090,SEM007,C
E22749,S0683,C096,SEM006,D
E22750,S0029,C033,SEM002,A
E22751,S0566,C011,SEM006,C+
E22752,S0126,C098,SEM002,B
E22753,S0318,C028,SEM008,B
E22754,S0014,C004,SEM005,D
E22755,S0204,C075,SEM002,C+
E22756,S0472,C007,SEM005,C
E22757,S0926,C006,SEM007,F
E22758,S0542,C045,SEM008,B
E22759,S0561,C141,SEM008,B-
E22760,S0500,C063,SEM008,B+
E22761,S0254,C064,SEM004,B
E22762,S0111,C113,SEM003,D
E22763,S0411,C036,SEM006,B
E22764,S0213,C019,SEM007,C-
E22765,S0367,C078,SEM006,B
E22766,S0904,C017,SEM001,B-
E22767,S0252,C012,SEM008,B
E22768,S0078,C035,SEM005,B+
E22769,S0943,C055,SEM004,B
E22770,S0246,C002,SEM008,B
E22771,S0028,C036,SEM008,B+
E22772,S0671,C047,SEM002,C-
E22773,S0985,C044,SEM008,C
E22774,S0777,C068,SEM003,A
E22775,S0664,C111,SEM005,A-
E22776,S0938,C050,SEM001,A
E22777,S0161,C041,SEM005,B
E22778,S0720,C040,SEM004,B
E22779,S0747,C144,SEM008,B+
E22780,S0904,C042,SEM001,A-
E22781,S0890,C012,SEM007,C+
E22782,S0528,C049,SEM004,B+
E22783,S0414,C047,SEM004,B
E22784,S0203,C103,SEM007,B+
E22785,S0274,C058,SEM001,B+
E22786,S0667,C037,SEM007,C-
E22787,S0048,C093,SEM005,B-
E22788,S0980,C057,SEM002,B
E22789,S0323,C099,SEM007,B-
E22790,S0892,C025,SEM002,B-
E22791,S0447,C022,SEM005,D
E22792,S0388,C110,SEM006,F
E22793,S0722,C063,SEM006,B+
E22794,S0163,C122,SEM004,B-
E22795,S0103,C043,SEM001,B
E22796,S0427,C055,SEM003,C+
E22797,S0352,C017,SEM007,B-
E22798,S0334,C091,SEM005,C
E22799,S0937,C045,SEM007,C+
E22800,S0508,C074,SEM004,F
E22801,S0295,C016,SEM006,C+
E22802,S0716,C062,SEM002,A-
E22803,S0600,C101,SEM007,A-
E22804,S0405,C047,SEM008,B-
E22805,S0969,C033,SEM001,A
E22806,S0454,C015,SEM003,A-
E22807,S0729,C086,SEM007,A
E22808,S0875,C047,SEM004,B-
E22809,S0457,C035,SEM001,D
E22810,S0905,C097,SEM005,B-
E22811,S0797,C031,SEM005,C
E22812,S0907,C059,SEM004,C
E22813,S1000,C065,SEM004,A-
E22814,S0943,C128,SEM004,B-
E22815,S0736,C026,SEM008,F
E22816,S0484,C026,SEM001,C-
E22817,S0078,C130,SEM001,B+
E22818,S0730,C101,SEM002,C+
E22819,S0072,C058,SEM008,B+
E22820,S0125,C122,SEM003,C+
E22821,S0488,C115,SEM001,B
E22822,S0652,C048,SEM002,B
E22823,S0230,C007,SEM003,C
E22824,S0022,C120,SEM003,D
E22825,S0803,C009,SEM008,A
E22826,S0288,C012,SEM006,A-
E22827,S0167,C046,SEM002,B
E22828,S0789,C017,SEM001,C+
E22829,S0278,C015,SEM001,C+
E22830,S0658,C146,SEM006,B-
E22831,S0827,C016,SEM001,A-
E22832,S0105,C094,SEM007,C+
E22833,S0837,C006,SEM008,B
E22834,S0859,C036,SEM006,D
E22835,S0133,C005,SEM004,D
E22836,S0560,C023,SEM002,C-
E22837,S0139,C150,SEM003,B+
E22838,S0457,C107,SEM002,B+
E22839,S0100,C009,SEM007,B-
E22840,S0366,C034,SEM003,A
E22841,S0805,C119,SEM002,B-
E22842,S0058,C051,SEM002,A-
E22843,S0018,C020,SEM005,F
E22844,S0312,C034,SEM007,B-
E22845,S0824,C004,SEM007,B-
E22846,S0955,C036,SEM001,C+
E22847,S0442,C097,SEM006,B-
E22848,S0237,C027,SEM006,A
E22849,S0288,C061,SEM006,B
E22850,S0919,C035,SEM008,A
E22851,S0360,C072,SEM007,C
E22852,S0198,C010,SEM006,B
E22853,S0329,C055,SEM005,C
E22854,S0740,C058,SEM001,A
E22855,S0695,C093,SEM004,B
E22856,S0050,C014,SEM004,B
E22857,S0328,C079,SEM003,B
E22858,S0537,C044,SEM005,D
E22859,S0429,C067,SEM003,B-
E22860,S0816,C064,SEM007,B
E22861,S0431,C013,SEM006,D
E22862,S0880,C061,SEM001,B
E22863,S0745,C030,SEM002,B+
E22864,S0484,C089,SEM004,A
E22865,S0997,C042,SEM005,B+
E22866,S0762,C060,SEM001,A
E22867,S0382,C004,SEM003,B+
E22868,S0781,C077,SEM003,C+
E22869,S0967,C063,SEM006,B-
E22870,S0052,C058,SEM005,C+
E22871,S0482,C082,SEM002,B-
E22872,S0905,C043,SEM002,C+
E22873,S0155,C012,SEM002,F
E22874,S0881,C025,SEM008,B-
E22875,S0106,C096,SEM002,B
E22876,S0140,C077,SEM002,B+
E22877,S0465,C008,SEM008,B
E22878,S0451,C081,SEM005,B
E22879,S0097,C029,SEM002,B
E22880,S0878,C080,SEM008,C+
E22881,S0425,C056,SEM006,B
E22882,S0635,C099,SEM001,C
E22883,S0530,C070,SEM006,A
E22884,S0284,C035,SEM001,B+
E22885,S0652,C008,SEM003,A-
E22886,S0073,C037,SEM001,D
E22887,S0937,C037,SEM001,A
E22888,S0401,C016,SEM006,C+
E22889,S0732,C012,SEM007,B-
E22890,S0277,C092,SEM001,C+
E22891,S0378,C005,SEM006,C+
E22892,S0629,C048,SEM006,B-
E22893,S0281,C017,SEM005,A-
E22894,S0554,C033,SEM004,B
E22895,S0861,C050,SEM002,B
E22896,S0758,C050,SEM008,A-
E22897,S0299,C035,SEM006,F
E22898,S0307,C076,SEM003,A
E22899,S0273,C037,SEM001,D
E22900,S0156,C052,SEM002,D
E22901,S0612,C089,SEM006,A-
E22902,S0380,C023,SEM007,B-
E22903,S0897,C023,SEM006,A-
E22904,S0545,C007,SEM008,D
E22905,S0886,C058,SEM002,A
E22906,S0038,C094,SEM005,A-
E22907,S0398,C004,SEM004,C
E22908,S0870,C039,SEM004,B
E22909,S0852,C071,SEM007,A
E22910,S0597,C048,SEM005,B+
E22911,S0930,C055,SEM001,C+
E22912,S0605,C003,SEM008,B-
E22913,S0231,C040,SEM002,A
E22914,S0582,C026,SEM004,A-
E22915,S0213,C081,SEM007,B+
E22916,S0993,C084,SEM004,B
E22917,S0966,C032,SEM006,B+
E22918,S0186,C002,SEM007,C+
E22919,S0624,C012,SEM004,B+
E22920,S0198,C032,SEM004,F
E22921,S0927,C045,SEM002,B
E22922,S0927,C059,SEM005,B+
E22923,S0135,C085,SEM004,B
E22924,S0033,C111,SEM003,B
E22925,S0397,C041,SEM006,B
E22926,S0462,C027,SEM004,A
E22927,S0617,C025,SEM008,B
E22928,S0100,C076,SEM008,B+
E22929,S0382,C057,SEM008,C+
E22930,S0624,C144,SEM008,B
E22931,S0444,C102,SEM008,B
E22932,S0834,C032,SEM006,B+
E22933,S0576,C127,SEM006,A-
E22934,S0044,C067,SEM005,A-
E22935,S0613,C137,SEM005,A-
E22936,S0137,C150,SEM008,C
E22937,S0126,C010,SEM007,B
E22938,S0929,C086,SEM001,C-
E22939,S0722,C072,SEM002,A
E22940,S0585,C089,SEM007,A-
E22941,S0094,C100,SEM004,C+
E22942,S0791,C063,SEM007,A-
E22943,S0269,C079,SEM004,C
E22944,S0347,C034,SEM004,B-
E22945,S0162,C098,SEM001,C+
E22946,S0404,C016,SEM008,B
E22947,S0636,C032,SEM008,C+
E22948,S0735,C013,SEM007,D
E22949,S0666,C039,SEM005,B-
E22950,S0358,C041,SEM001,B
E22951,S0762,C026,SEM003,B+
E22952,S0038,C004,SEM007,B
E22953,S0692,C025,SEM006,F
E22954,S0054,C060,SEM005,B+
E22955,S0794,C054,SEM007,C
E22956,S0627,C074,SEM002,B
E22957,S0757,C044,SEM008,A-
E22958,S0454,C049,SEM001,B
E22959,S0964,C040,SEM002,A-
E22960,S0947,C067,SEM004,D
E22961,S0717,C031,SEM007,B+
E22962,S0304,C055,SEM002,C+
E22963,S0491,C082,SEM006,B+
E22964,S0516,C142,SEM007,B
E22965,S0397,C011,SEM002,B-
E22966,S0298,C137,SEM007,A-
E22967,S0069,C018,SEM008,B+
E22968,S0079,C010,SEM002,B-
E22969,S0110,C034,SEM005,B
E22970,S0951,C074,SEM003,B-
E22971,S0939,C086,SEM008,C+
E22972,S0434,C103,SEM001,C
E22973,S0371,C048,SEM006,B+
E22974,S0792,C003,SEM005,B
E22975,S0969,C011,SEM004,F
E22976,S0978,C003,SEM001,B-
E22977,S0768,C071,SEM007,C+
E22978,S0715,C094,SEM004,B+
E22979,S0034,C033,SEM005,C
E22980,S0448,C121,SEM005,D
E22981,S0478,C075,SEM007,B
E22982,S0842,C084,SEM001,C
E22983,S0303,C032,SEM008,B
E22984,S0558,C099,SEM003,B
E22985,S0492,C015,SEM004,D
E22986,S0836,C082,SEM004,C+
E22987,S0427,C086,SEM002,B
E22988,S0411,C020,SEM008,A-
E22989,S0605,C078,SEM003,B
E22990,S0875,C057,SEM007,A-
E22991,S0884,C016,SEM003,A
E22992,S0747,C059,SEM005,B+
E22993,S0167,C002,SEM005,C-
E22994,S0056,C060,SEM007,C+
E22995,S0338,C003,SEM001,A
E22996,S0545,C049,SEM003,B-
E22997,S0171,C012,SEM001,D
E22998,S0642,C144,SEM004,B+
E22999,S0708,C045,SEM002,B
E23000,S0490,C029,SEM003,B+
E23001,S0393,C066,SEM003,B+
E23002,S0103,C125,SEM005,C
E23003,S0726,C044,SEM005,B
E23004,S0880,C085,SEM002,B+
E23005,S0024,C103,SEM001,B
E23006,S0116,C035,SEM005,A
E23007,S0273,C050,SEM007,B-
E23008,S0074,C080,SEM008,B+
E23009,S0068,C069,SEM002,B
E23010,S0289,C062,SEM004,A
E23011,S0730,C040,SEM004,B+
E23012,S0481,C078,SEM008,B-
E23013,S0323,C078,SEM001,C+
E23014,S0985,C080,SEM002,A-
E23015,S0230,C030,SEM007,B
E23016,S0612,C063,SEM005,B+
E23017,S0216,C006,SEM004,B
E23018,S0565,C004,SEM004,B
E23019,S0266,C017,SEM005,F
E23020,S0735,C086,SEM005,B
E23021,S0499,C053,SEM008,B+
E23022,S0139,C075,SEM001,B
E23023,S0090,C099,SEM004,A
E23024,S0941,C034,SEM001,A-
E23025,S0442,C088,SEM006,F
E23026,S0928,C063,SEM008,C
E23027,S0258,C051,SEM001,D
E23028,S0138,C112,SEM001,C+
E23029,S0381,C127,SEM002,B
E23030,S0374,C132,SEM002,C
E23031,S0458,C134,SEM007,B
E23032,S0565,C014,SEM006,A
E23033,S0691,C133,SEM007,C+
E23034,S0093,C072,SEM002,B
E23035,S0594,C024,SEM005,B-
E23036,S0581,C103,SEM001,B+
E23037,S0624,C037,SEM006,A
E23038,S0873,C044,SEM006,C+
E23039,S0989,C002,SEM007,C
E23040,S0927,C023,SEM004,B
E23041,S0753,C003,SEM006,C
E23042,S0211,C009,SEM007,A
E23043,S0574,C098,SEM002,C+
E23044,S0133,C067,SEM003,B+
E23045,S0081,C042,SEM008,B
E23046,S0555,C032,SEM006,A-
E23047,S0180,C016,SEM002,B-
E23048,S0249,C020,SEM001,B-
E23049,S0407,C088,SEM003,C+
E23050,S0058,C012,SEM001,B
E23051,S0095,C054,SEM007,B
E23052,S0984,C065,SEM004,C
E23053,S0232,C002,SEM005,B+
E23054,S0698,C011,SEM007,A-
E23055,S0353,C055,SEM005,C+
E23056,S0286,C075,SEM008,B-
E23057,S0417,C062,SEM001,A
E23058,S0307,C084,SEM003,A
E23059,S0874,C075,SEM004,B
E23060,S0809,C115,SEM002,C+
E23061,S0222,C126,SEM007,B-
E23062,S0313,C059,SEM007,B
E23063,S0993,C040,SEM001,B-
E23064,S0554,C088,SEM002,B
E23065,S0671,C024,SEM003,C+
E23066,S0378,C004,SEM007,C+
E23067,S0626,C130,SEM002,B+
E23068,S0411,C091,SEM001,A
E23069,S0552,C084,SEM007,C
E23070,S0573,C030,SEM005,B+
E23071,S0415,C048,SEM005,C+
E23072,S0602,C119,SEM003,B
E23073,S0509,C061,SEM008,B
E23074,S0260,C005,SEM003,A
E23075,S0983,C053,SEM007,B+
E23076,S0028,C060,SEM008,B+
E23077,S0007,C004,SEM004,B-
E23078,S0683,C035,SEM007,B+
E23079,S0744,C033,SEM002,B
E23080,S0707,C042,SEM008,B+
E23081,S0035,C004,SEM007,B-
E23082,S0049,C074,SEM003,B
E23083,S0696,C076,SEM001,B-
E23084,S0158,C137,SEM005,B-
E23085,S0786,C114,SEM005,A-
E23086,S0504,C059,SEM007,B+
E23087,S0302,C137,SEM002,C-
E23088,S0855,C029,SEM003,B+
E23089,S0868,C047,SEM007,A-
E23090,S0673,C042,SEM004,A-
E23091,S0643,C029,SEM003,B-
E23092,S0259,C010,SEM001,A-
E23093,S0663,C059,SEM006,D
E23094,S0068,C018,SEM003,B-
E23095,S0124,C009,SEM006,A
E23096,S0278,C011,SEM006,A-
E23097,S0563,C053,SEM006,B-
E23098,S0481,C059,SEM004,B-
E23099,S0784,C026,SEM005,B+
E23100,S0154,C131,SEM001,B+
E23101,S0823,C021,SEM001,C+
E23102,S0451,C099,SEM008,F
E23103,S0022,C051,SEM005,B+
E23104,S0752,C041,SEM008,B+
E23105,S0708,C107,SEM006,C
E23106,S0505,C120,SEM006,B
E23107,S0785,C095,SEM007,C
E23108,S0806,C029,SEM005,B+
E23109,S0013,C002,SEM007,A-
E23110,S0129,C044,SEM005,A-
E23111,S0273,C077,SEM001,F
E23112,S0427,C065,SEM002,A-
E23113,S0999,C104,SEM005,B+
E23114,S0221,C148,SEM005,A
E23115,S0564,C003,SEM008,A-
E23116,S0466,C024,SEM007,B
E23117,S0394,C042,SEM006,A-
E23118,S0549,C054,SEM002,B
E23119,S0534,C039,SEM004,A-
E23120,S0853,C086,SEM007,B
E23121,S0911,C036,SEM007,B
E23122,S0005,C053,SEM001,B
E23123,S0733,C071,SEM002,C
E23124,S0545,C064,SEM003,B+
E23125,S0841,C083,SEM003,B+
E23126,S0014,C006,SEM001,C+
E23127,S0422,C060,SEM005,A-
E23128,S0511,C012,SEM002,B
E23129,S0849,C069,SEM006,F
E23130,S0699,C022,SEM008,A
E23131,S0145,C041,SEM008,B+
E23132,S0161,C078,SEM008,B+
E23133,S0358,C042,SEM008,B-
E23134,S0313,C120,SEM005,B+
E23135,S0901,C061,SEM008,B
E23136,S0574,C149,SEM004,A-
E23137,S0220,C001,SEM006,B+
E23138,S0816,C062,SEM002,C-
E23139,S0047,C014,SEM007,B+
E23140,S0879,C074,SEM003,B-
E23141,S0479,C028,SEM006,B-
E23142,S0418,C042,SEM007,C+
E23143,S0927,C061,SEM004,A
E23144,S0406,C101,SEM002,B
E23145,S0990,C071,SEM002,B
E23146,S0137,C009,SEM007,C+
E23147,S0411,C092,SEM007,C
E23148,S0138,C045,SEM007,B-
E23149,S0536,C077,SEM006,D
E23150,S0253,C073,SEM001,C
E23151,S0287,C026,SEM006,B
E23152,S0316,C010,SEM006,C+
E23153,S0088,C074,SEM007,A-
E23154,S0431,C097,SEM007,B+
E23155,S0323,C036,SEM003,B-
E23156,S0708,C045,SEM002,B-
E23157,S0689,C113,SEM008,B+
E23158,S0335,C029,SEM002,F
E23159,S0916,C001,SEM008,B
E23160,S0216,C023,SEM001,C-
E23161,S0701,C083,SEM004,B-
E23162,S0186,C033,SEM007,B-
E23163,S0094,C003,SEM005,B
E23164,S0942,C020,SEM008,A
E23165,S0063,C042,SEM004,C+
E23166,S0726,C010,SEM001,A-
E23167,S0864,C102,SEM002,D
E23168,S0590,C018,SEM005,C
E23169,S0428,C077,SEM007,C
E23170,S0943,C011,SEM004,A-
E23171,S0676,C008,SEM002,C
E23172,S0862,C119,SEM003,B-
E23173,S0369,C010,SEM005,B
E23174,S0832,C082,SEM001,C+
E23175,S0701,C013,SEM002,C
E23176,S0593,C104,SEM007,B+
E23177,S0982,C019,SEM008,B
E23178,S0646,C080,SEM008,B
E23179,S0429,C022,SEM007,B+
E23180,S0023,C052,SEM002,B
E23181,S0275,C129,SEM007,B+
E23182,S0345,C043,SEM006,A-
E23183,S0710,C004,SEM003,B+
E23184,S0329,C107,SEM004,C
E23185,S0355,C039,SEM007,C+
E23186,S0928,C044,SEM003,C+
E23187,S0103,C076,SEM002,B+
E23188,S0031,C040,SEM007,A-
E23189,S0553,C002,SEM006,B-
E23190,S0678,C047,SEM002,B-
E23191,S0600,C044,SEM002,A-
E23192,S0425,C003,SEM006,B
E23193,S0128,C080,SEM004,C+
E23194,S0774,C002,SEM003,B
E23195,S0586,C035,SEM007,B+
E23196,S0974,C082,SEM004,C+
E23197,S0385,C008,SEM007,B
E23198,S0403,C018,SEM003,C-
E23199,S0168,C020,SEM008,A-
E23200,S0971,C029,SEM001,B-
E23201,S0068,C015,SEM006,B-
E23202,S0882,C091,SEM008,B+
E23203,S0531,C018,SEM001,B+
E23204,S0198,C020,SEM002,B+
E23205,S0051,C034,SEM001,B+
E23206,S0415,C007,SEM007,B
E23207,S0539,C041,SEM003,B
E23208,S0085,C036,SEM008,C
E23209,S0158,C007,SEM002,B
E23210,S0140,C041,SEM007,B+
E23211,S0591,C045,SEM002,B
E23212,S0840,C043,SEM003,A
E23213,S0736,C059,SEM001,B+
E23214,S0897,C067,SEM006,B
E23215,S0945,C046,SEM001,C
E23216,S0036,C062,SEM001,B
E23217,S0993,C066,SEM005,B
E23218,S0081,C135,SEM008,B-
E23219,S0001,C034,SEM008,A-
E23220,S0150,C030,SEM007,B
E23221,S0754,C009,SEM008,C
E23222,S0461,C026,SEM003,A-
E23223,S0441,C107,SEM002,B
E23224,S0718,C018,SEM005,C+
E23225,S0614,C025,SEM002,A-
E23226,S0728,C007,SEM007,B+
E23227,S0785,C007,SEM005,A
E23228,S0817,C011,SEM004,A
E23229,S0903,C040,SEM008,C+
E23230,S0707,C011,SEM002,B-
E23231,S0829,C133,SEM004,B+
E23232,S0568,C045,SEM001,C+
E23233,S0664,C050,SEM005,B-
E23234,S0655,C019,SEM001,C
E23235,S0526,C004,SEM005,C+
E23236,S0889,C129,SEM005,C+
E23237,S0971,C096,SEM008,B+
E23238,S0339,C015,SEM001,C+
E23239,S0237,C062,SEM007,B
E23240,S0924,C115,SEM001,B
E23241,S0225,C046,SEM007,A-
E23242,S0538,C045,SEM004,B-
E23243,S0749,C003,SEM008,B
E23244,S0514,C009,SEM005,A
E23245,S0154,C032,SEM006,A-
E23246,S0333,C098,SEM007,B-
E23247,S0223,C091,SEM002,A-
E23248,S0214,C120,SEM006,B
E23249,S0285,C045,SEM001,B
E23250,S0590,C034,SEM004,A
E23251,S0413,C071,SEM002,B
E23252,S0506,C029,SEM002,B-
E23253,S0663,C063,SEM006,B-
E23254,S0270,C066,SEM006,C+
E23255,S0807,C063,SEM007,C+
E23256,S0042,C135,SEM008,B-
E23257,S0539,C064,SEM001,C
E23258,S0962,C085,SEM008,D
E23259,S0871,C073,SEM007,B-
E23260,S0246,C010,SEM007,C+
E23261,S0100,C068,SEM003,A
E23262,S0878,C017,SEM008,B-
E23263,S0374,C032,SEM004,B
E23264,S0583,C013,SEM004,B-
E23265,S0900,C033,SEM002,B+
E23266,S0629,C129,SEM008,B-
E23267,S0939,C048,SEM001,B
E23268,S0306,C126,SEM001,B-
E23269,S0083,C016,SEM005,B-
E23270,S0957,C081,SEM002,B-
E23271,S0342,C089,SEM007,A-
E23272,S0913,C006,SEM005,C-
E23273,S0512,C084,SEM007,B-
E23274,S0922,C036,SEM005,B-
E23275,S0828,C090,SEM003,B+
E23276,S0975,C016,SEM008,A
E23277,S0702,C015,SEM005,C+
E23278,S0914,C024,SEM003,B+
E23279,S0500,C029,SEM004,B-
E23280,S0166,C016,SEM006,C+
E23281,S0856,C066,SEM003,C+
E23282,S0935,C079,SEM003,B-
E23283,S0497,C001,SEM007,A-
E23284,S0656,C042,SEM006,A
E23285,S0862,C072,SEM001,C-
E23286,S0656,C148,SEM006,C
E23287,S0945,C051,SEM008,C-
E23288,S0112,C116,SEM003,B
E23289,S0816,C015,SEM002,B+
E23290,S0054,C066,SEM007,B
E23291,S0249,C053,SEM002,C+
E23292,S0909,C049,SEM002,C-
E23293,S0045,C004,SEM004,B
E23294,S0132,C096,SEM008,B-
E23295,S0071,C122,SEM007,C+
E23296,S0226,C028,SEM005,A-
E23297,S0241,C007,SEM007,B
E23298,S0940,C056,SEM003,A
E23299,S0113,C105,SEM001,D
E23300,S0935,C033,SEM001,A-
E23301,S0096,C118,SEM003,D
E23302,S0331,C030,SEM007,B-
E23303,S0176,C084,SEM007,C+
E23304,S0543,C037,SEM007,B-
E23305,S0358,C086,SEM003,B-
E23306,S0295,C023,SEM005,B
E23307,S0865,C050,SEM003,B-
E23308,S0346,C017,SEM002,B
E23309,S0412,C070,SEM005,B-
E23310,S0113,C066,SEM008,F
E23311,S0233,C011,SEM007,B+
E23312,S0165,C039,SEM001,A
E23313,S0727,C019,SEM002,B-
E23314,S0960,C018,SEM008,B
E23315,S0300,C028,SEM003,B
E23316,S0004,C028,SEM001,A
E23317,S0929,C008,SEM008,D
E23318,S0668,C048,SEM007,B
E23319,S0218,C123,SEM003,B-
E23320,S0780,C030,SEM001,A-
E23321,S0904,C076,SEM004,B
E23322,S0798,C048,SEM005,A-
E23323,S0476,C020,SEM006,B-
E23324,S0241,C004,SEM003,A-
E23325,S0251,C010,SEM005,B-
E23326,S0562,C075,SEM007,B+
E23327,S0138,C018,SEM001,C+
E23328,S0544,C078,SEM004,C+
E23329,S0323,C029,SEM004,B
E23330,S0725,C017,SEM008,C+
E23331,S0917,C003,SEM006,B+
E23332,S0807,C121,SEM008,B-
E23333,S0595,C030,SEM008,C
E23334,S0359,C107,SEM003,B
E23335,S0445,C081,SEM004,C+
E23336,S0642,C051,SEM005,C
E23337,S0107,C045,SEM001,C+
E23338,S0703,C064,SEM003,B+
E23339,S0958,C096,SEM004,B-
E23340,S0903,C126,SEM005,C+
E23341,S0930,C033,SEM008,B
E23342,S0049,C024,SEM005,B
E23343,S0870,C089,SEM004,C+
E23344,S0170,C042,SEM008,B-
E23345,S0300,C023,SEM008,C+
E23346,S0291,C126,SEM005,A
E23347,S0503,C068,SEM001,C
E23348,S0526,C122,SEM008,B+
E23349,S0897,C007,SEM008,C
E23350,S0254,C057,SEM005,C
E23351,S0485,C076,SEM002,F
E23352,S0419,C057,SEM006,B
E23353,S0467,C015,SEM008,A
E23354,S0657,C058,SEM005,C+
E23355,S0958,C030,SEM004,C-
E23356,S0582,C086,SEM003,B+
E23357,S0704,C073,SEM006,B
E23358,S0497,C012,SEM007,C
E23359,S0031,C040,SEM002,B+
E23360,S0136,C007,SEM004,A-
E23361,S0418,C049,SEM006,B-
E23362,S0910,C036,SEM003,B
E23363,S0458,C105,SEM008,B
E23364,S0988,C071,SEM003,F
E23365,S0342,C054,SEM005,A-
E23366,S0626,C016,SEM004,B+
E23367,S0807,C038,SEM008,C-
E23368,S0406,C023,SEM004,B
E23369,S0389,C012,SEM006,B
E23370,S0078,C021,SEM005,B
E23371,S0910,C044,SEM001,B
E23372,S0750,C086,SEM005,B-
E23373,S0975,C108,SEM007,B+
E23374,S0972,C007,SEM006,A
E23375,S0012,C070,SEM008,A
E23376,S0856,C068,SEM004,B+
E23377,S0165,C038,SEM005,B
E23378,S0318,C049,SEM004,C+
E23379,S0865,C010,SEM001,C+
E23380,S0785,C002,SEM002,A
E23381,S0346,C084,SEM004,A-
E23382,S0971,C031,SEM003,B-
E23383,S0128,C034,SEM005,B-
E23384,S0267,C087,SEM006,A-
E23385,S0412,C025,SEM007,B
E23386,S0689,C025,SEM001,A-
E23387,S0973,C055,SEM004,C+
E23388,S0951,C031,SEM007,C+
E23389,S0781,C008,SEM006,B-
E23390,S0012,C130,SEM004,A
E23391,S0353,C060,SEM004,C
E23392,S0183,C132,SEM004,B-
E23393,S0862,C067,SEM008,A-
E23394,S0841,C096,SEM005,B
E23395,S0149,C134,SEM004,A-
E23396,S0547,C141,SEM007,B+
E23397,S0094,C009,SEM008,C
E23398,S0264,C012,SEM007,B
E23399,S0635,C016,SEM004,B
E23400,S0200,C040,SEM006,A
E23401,S0790,C132,SEM005,B+
E23402,S0658,C077,SEM002,A
E23403,S0765,C095,SEM008,A
E23404,S0147,C142,SEM007,B-
E23405,S0984,C009,SEM005,B
E23406,S0922,C098,SEM008,C
E23407,S0415,C011,SEM007,C-
E23408,S0675,C036,SEM004,A-
E23409,S0456,C007,SEM007,C+
E23410,S0842,C071,SEM003,B-
E23411,S0657,C080,SEM004,B-
E23412,S0381,C015,SEM007,A
E23413,S0438,C035,SEM001,B
E23414,S0976,C092,SEM006,A-
E23415,S0027,C104,SEM007,C
E23416,S0591,C032,SEM006,F
E23417,S0766,C027,SEM006,A
E23418,S0359,C080,SEM002,B
E23419,S0488,C047,SEM005,B
E23420,S0381,C018,SEM002,B-
E23421,S0272,C024,SEM001,A
E23422,S0461,C057,SEM005,B+
E23423,S0180,C003,SEM008,A
E23424,S0199,C030,SEM005,B
E23425,S0710,C004,SEM002,A-
E23426,S0400,C008,SEM006,B
E23427,S0053,C020,SEM002,A-
E23428,S0232,C075,SEM004,C-
E23429,S0136,C074,SEM001,C
E23430,S0785,C072,SEM007,B-
E23431,S0815,C099,SEM007,C-
E23432,S0582,C031,SEM007,B
E23433,S0122,C053,SEM008,B+
E23434,S0473,C122,SEM004,B-
E23435,S0810,C030,SEM004,C
E23436,S0830,C114,SEM004,B+
E23437,S0221,C087,SEM008,D
E23438,S0567,C014,SEM003,C
E23439,S0371,C094,SEM008,B+
E23440,S0429,C113,SEM007,C
E23441,S0769,C056,SEM004,C-
E23442,S0690,C014,SEM006,B-
E23443,S0594,C100,SEM002,C+
E23444,S0284,C034,SEM001,B-
E23445,S0102,C028,SEM007,B
E23446,S0641,C018,SEM001,C+
E23447,S0974,C123,SEM007,B-
E23448,S0285,C030,SEM006,C+
E23449,S0547,C064,SEM001,C
E23450,S0387,C016,SEM005,A-
E23451,S0580,C084,SEM002,B
E23452,S0704,C014,SEM007,C+
E23453,S0105,C066,SEM006,B-
E23454,S0955,C042,SEM004,B
E23455,S0644,C013,SEM008,B
E23456,S0873,C121,SEM007,B-
E23457,S0009,C022,SEM004,B
E23458,S0662,C132,SEM005,C+
E23459,S0418,C046,SEM008,B
E23460,S0535,C059,SEM008,B+
E23461,S0637,C053,SEM004,B
E23462,S0328,C094,SEM004,C
E23463,S0756,C011,SEM008,B
E23464,S0146,C021,SEM002,B
E23465,S0544,C033,SEM007,A-
E23466,S0020,C026,SEM007,B-
E23467,S0599,C037,SEM001,B-
E23468,S0256,C097,SEM002,C
E23469,S0891,C030,SEM004,B-
E23470,S0052,C005,SEM006,B
E23471,S0021,C058,SEM006,C+
E23472,S0428,C045,SEM003,B
E23473,S0899,C077,SEM006,F
E23474,S0018,C047,SEM006,C+
E23475,S0313,C008,SEM003,C+
E23476,S0657,C014,SEM003,B-
E23477,S0064,C091,SEM005,B+
E23478,S0932,C002,SEM002,B
E23479,S0885,C003,SEM007,B-
E23480,S0708,C012,SEM004,D
E23481,S0669,C035,SEM005,B
E23482,S0422,C041,SEM001,C+
E23483,S0616,C038,SEM006,B
E23484,S0618,C009,SEM006,B-
E23485,S0869,C141,SEM002,B+
E23486,S0202,C081,SEM007,B+
E23487,S0648,C019,SEM005,C
E23488,S0867,C036,SEM003,B+
E23489,S0670,C035,SEM007,B
E23490,S0647,C062,SEM001,B
E23491,S0475,C088,SEM001,A-
E23492,S0952,C017,SEM001,C-
E23493,S0277,C011,SEM003,B-
E23494,S0857,C049,SEM005,B
E23495,S0544,C008,SEM006,B-
E23496,S0171,C065,SEM004,B
E23497,S0818,C064,SEM007,B-
E23498,S0376,C002,SEM007,C
E23499,S0422,C031,SEM007,B-
E23500,S0876,C068,SEM006,A-
E23501,S0300,C085,SEM002,B
E23502,S0593,C083,SEM001,A-
E23503,S0386,C007,SEM002,A-
E23504,S0995,C044,SEM003,C+
E23505,S0421,C002,SEM006,B-
E23506,S0926,C064,SEM003,C+
E23507,S0693,C006,SEM002,A
E23508,S0998,C042,SEM005,B+
E23509,S0266,C085,SEM006,B-
E23510,S0190,C024,SEM007,C+
E23511,S0135,C034,SEM003,A
E23512,S0126,C077,SEM008,B+
E23513,S0448,C006,SEM006,C+
E23514,S0356,C040,SEM003,B
E23515,S0339,C006,SEM004,B-
E23516,S0023,C090,SEM004,B
E23517,S0450,C089,SEM002,B
E23518,S0087,C066,SEM001,C
E23519,S0656,C011,SEM005,B
E23520,S0110,C113,SEM006,A
E23521,S0038,C057,SEM001,C-
E23522,S0119,C008,SEM006,A-
E23523,S0901,C008,SEM003,B+
E23524,S0796,C053,SEM005,B
E23525,S0777,C020,SEM007,C
E23526,S0656,C114,SEM005,C
E23527,S0198,C126,SEM001,B-
E23528,S0768,C018,SEM001,B
E23529,S0120,C077,SEM006,A
E23530,S0415,C014,SEM004,C
E23531,S0966,C008,SEM008,A-
E23532,S0045,C032,SEM002,B
E23533,S0361,C029,SEM003,B+
E23534,S0243,C053,SEM002,C
E23535,S0771,C008,SEM006,B+
E23536,S0362,C053,SEM002,B
E23537,S0505,C124,SEM001,B+
E23538,S0841,C047,SEM003,A-
E23539,S0218,C007,SEM003,C
E23540,S0451,C008,SEM002,B-
E23541,S0106,C078,SEM005,B
E23542,S0417,C038,SEM002,B
E23543,S0557,C071,SEM007,C
E23544,S0090,C115,SEM001,C-
E23545,S0595,C020,SEM001,A
E23546,S0583,C034,SEM005,B
E23547,S0642,C042,SEM008,A-
E23548,S0141,C021,SEM001,B+
E23549,S0511,C046,SEM003,C-
E23550,S0243,C122,SEM005,B-
E23551,S0719,C067,SEM005,A
E23552,S0810,C017,SEM005,F
E23553,S0317,C102,SEM001,B-
E23554,S0926,C094,SEM006,A
E23555,S0533,C016,SEM002,B+
E23556,S0159,C054,SEM007,B
E23557,S0021,C030,SEM003,B-
E23558,S0442,C027,SEM001,B+
E23559,S0159,C034,SEM007,C+
E23560,S0052,C113,SEM006,A-
E23561,S0565,C035,SEM007,C
E23562,S0807,C123,SEM001,B
E23563,S0463,C142,SEM001,A
E23564,S0183,C066,SEM001,B+
E23565,S0601,C051,SEM001,B
E23566,S0343,C080,SEM001,B
E23567,S0019,C064,SEM007,A
E23568,S0406,C014,SEM003,B
E23569,S0828,C023,SEM008,C+
E23570,S0349,C012,SEM004,C-
E23571,S0998,C101,SEM008,B
E23572,S0813,C060,SEM008,B+
E23573,S0638,C018,SEM007,A
E23574,S0979,C060,SEM007,B+
E23575,S0702,C013,SEM002,A-
E23576,S0681,C015,SEM008,B
E23577,S0790,C091,SEM001,B-
E23578,S0399,C058,SEM007,C+
E23579,S0839,C012,SEM001,B+
E23580,S0847,C027,SEM006,B+
E23581,S0076,C064,SEM007,B
E23582,S0499,C012,SEM007,B
E23583,S0103,C051,SEM007,C+
E23584,S0080,C044,SEM007,A-
E23585,S0624,C014,SEM002,C
E23586,S0623,C041,SEM007,A-
E23587,S0885,C032,SEM003,B-
E23588,S0214,C096,SEM002,B
E23589,S0194,C014,SEM004,C
E23590,S0152,C008,SEM008,B-
E23591,S0773,C009,SEM008,B+
E23592,S0605,C085,SEM007,A
E23593,S0514,C106,SEM002,A-
E23594,S0858,C032,SEM004,B+
E23595,S0541,C013,SEM007,B-
E23596,S0596,C016,SEM002,C
E23597,S0295,C046,SEM005,B+
E23598,S0759,C084,SEM003,B+
E23599,S0205,C108,SEM001,B
E23600,S0776,C070,SEM003,B+
E23601,S0334,C039,SEM004,B
E23602,S0561,C049,SEM005,C
E23603,S0550,C005,SEM007,B
E23604,S0312,C102,SEM005,C
E23605,S0137,C009,SEM002,C+
E23606,S0951,C085,SEM007,B-
E23607,S0562,C054,SEM006,B+
E23608,S0158,C023,SEM001,C
E23609,S0959,C121,SEM001,F
E23610,S0041,C088,SEM001,B+
E23611,S0405,C036,SEM001,B
E23612,S0927,C075,SEM003,A
E23613,S0396,C006,SEM002,B
E23614,S0735,C023,SEM002,B
E23615,S0184,C075,SEM004,C+
E23616,S0034,C028,SEM007,C-
E23617,S0472,C099,SEM003,B
E23618,S0025,C085,SEM003,B-
E23619,S0020,C001,SEM003,B+
E23620,S0827,C021,SEM004,B+
E23621,S0897,C045,SEM001,C+
E23622,S0697,C063,SEM006,C+
E23623,S0874,C072,SEM004,B-
E23624,S0608,C022,SEM001,B
E23625,S0197,C114,SEM002,B-
E23626,S0118,C090,SEM001,F
E23627,S0648,C144,SEM008,A
E23628,S0970,C031,SEM003,C
E23629,S0759,C044,SEM008,B
E23630,S0098,C001,SEM008,A-
E23631,S0804,C002,SEM003,B-
E23632,S0915,C021,SEM008,B-
E23633,S0116,C058,SEM002,C
E23634,S0989,C007,SEM007,B+
E23635,S0067,C068,SEM002,B
E23636,S0304,C091,SEM002,B+
E23637,S0196,C029,SEM006,A-
E23638,S0883,C022,SEM001,B
E23639,S0499,C077,SEM004,B+
E23640,S0714,C019,SEM005,C+
E23641,S0016,C023,SEM002,C
E23642,S0023,C150,SEM008,A
E23643,S0650,C032,SEM007,B
E23644,S0379,C060,SEM004,B-
E23645,S0883,C036,SEM008,B-
E23646,S0274,C012,SEM008,B
E23647,S0204,C112,SEM003,A-
E23648,S0600,C047,SEM003,B-
E23649,S0678,C020,SEM005,C-
E23650,S0657,C007,SEM005,B-
E23651,S0217,C136,SEM005,C+
E23652,S0990,C018,SEM008,A-
E23653,S0288,C026,SEM006,B
E23654,S0814,C013,SEM006,B+
E23655,S0013,C038,SEM002,C+
E23656,S0410,C018,SEM006,B
E23657,S0874,C101,SEM006,A
E23658,S0764,C004,SEM006,B
E23659,S0543,C013,SEM004,C+
E23660,S0060,C011,SEM004,B
E23661,S0010,C088,SEM001,B
E23662,S0814,C018,SEM001,B
E23663,S0334,C018,SEM005,A-
E23664,S0778,C037,SEM004,B
E23665,S0269,C018,SEM003,B-
E23666,S0526,C047,SEM005,C-
E23667,S0819,C144,SEM006,C+
E23668,S0392,C082,SEM002,B-
E23669,S0498,C145,SEM008,B
E23670,S0498,C091,SEM008,B-
E23671,S0758,C119,SEM006,C
E23672,S0678,C016,SEM004,A
E23673,S0315,C089,SEM007,C+
E23674,S0828,C071,SEM001,C+
E23675,S0584,C122,SEM003,B
E23676,S0894,C041,SEM006,C-
E23677,S0976,C144,SEM002,B-
E23678,S0162,C119,SEM005,A-
E23679,S0297,C057,SEM007,B-
E23680,S0654,C026,SEM001,C-
E23681,S0770,C122,SEM006,A
E23682,S0206,C125,SEM003,D
E23683,S0471,C068,SEM007,C+
E23684,S0780,C080,SEM004,B+
E23685,S0295,C102,SEM007,A-
E23686,S0153,C004,SEM004,C+
E23687,S0424,C005,SEM008,A
E23688,S0336,C110,SEM002,B+
E23689,S0866,C061,SEM006,C-
E23690,S0336,C023,SEM007,B-
E23691,S0501,C072,SEM006,B
E23692,S0302,C061,SEM004,D
E23693,S0998,C042,SEM006,B+
E23694,S0202,C063,SEM001,B
E23695,S0611,C057,SEM001,B
E23696,S0495,C019,SEM008,C
E23697,S0678,C049,SEM006,B
E23698,S0212,C087,SEM001,C+
E23699,S0588,C096,SEM001,A
E23700,S0283,C096,SEM003,C-
E23701,S0539,C020,SEM003,C-
E23702,S0520,C134,SEM006,C
E23703,S0318,C018,SEM004,C-
E23704,S0731,C073,SEM002,F
E23705,S0819,C006,SEM002,C+
E23706,S0581,C027,SEM005,C+
E23707,S0077,C030,SEM002,A
E23708,S0034,C099,SEM004,C
E23709,S0339,C018,SEM003,A-
E23710,S0777,C108,SEM001,C+
E23711,S0596,C030,SEM002,B
E23712,S0272,C098,SEM007,B
E23713,S0682,C134,SEM008,B
E23714,S0727,C039,SEM006,B-
E23715,S0988,C102,SEM004,B+
E23716,S0694,C034,SEM001,C-
E23717,S0018,C107,SEM005,C-
E23718,S0741,C055,SEM008,F
E23719,S0669,C014,SEM001,B
E23720,S0041,C075,SEM005,B
E23721,S0878,C065,SEM003,B+
E23722,S0026,C013,SEM003,B-
E23723,S0848,C023,SEM008,A
E23724,S0060,C046,SEM003,A-
E23725,S0841,C033,SEM005,B
E23726,S0257,C001,SEM006,C
E23727,S0032,C013,SEM001,C+
E23728,S0218,C054,SEM004,B
E23729,S0164,C053,SEM005,C-
E23730,S0472,C104,SEM002,B+
E23731,S0244,C064,SEM007,C+
E23732,S0561,C066,SEM007,D
E23733,S0581,C010,SEM001,B
E23734,S0273,C053,SEM006,B
E23735,S0054,C093,SEM002,C
E23736,S0085,C092,SEM003,B-
E23737,S0366,C072,SEM005,A-
E23738,S0633,C016,SEM001,B
E23739,S0589,C058,SEM005,D
E23740,S0932,C079,SEM001,A-
E23741,S0784,C068,SEM003,B
E23742,S0294,C013,SEM006,C
E23743,S0691,C070,SEM002,B-
E23744,S0676,C050,SEM002,A-
E23745,S0602,C093,SEM003,B-
E23746,S0173,C107,SEM001,B+
E23747,S0707,C030,SEM004,A-
E23748,S0396,C092,SEM001,B+
E23749,S0855,C040,SEM004,B+
E23750,S0119,C040,SEM008,B-
E23751,S0287,C089,SEM003,A
E23752,S0611,C017,SEM007,C
E23753,S0875,C050,SEM003,A-
E23754,S0943,C032,SEM008,B
E23755,S0050,C045,SEM005,B
E23756,S0211,C064,SEM007,B-
E23757,S0488,C020,SEM006,B+
E23758,S0962,C049,SEM001,D
E23759,S0493,C006,SEM005,B+
E23760,S0503,C042,SEM004,B
E23761,S0448,C101,SEM001,A-
E23762,S0110,C002,SEM006,B-
E23763,S0556,C089,SEM003,B-
E23764,S0028,C003,SEM002,B-
E23765,S0113,C134,SEM005,B
E23766,S0174,C073,SEM008,D
E23767,S0325,C107,SEM007,B
E23768,S0350,C025,SEM008,B
E23769,S0443,C033,SEM005,C+
E23770,S0644,C103,SEM004,D
E23771,S0598,C053,SEM004,C-
E23772,S0565,C088,SEM001,C+
E23773,S0336,C019,SEM006,C-
E23774,S0354,C025,SEM001,C
E23775,S0427,C026,SEM007,C-
E23776,S0369,C039,SEM008,B
E23777,S0780,C047,SEM002,B-
E23778,S0620,C071,SEM006,A
E23779,S0135,C015,SEM006,C+
E23780,S0487,C003,SEM002,D
E23781,S0316,C124,SEM006,C
E23782,S0709,C038,SEM002,C
E23783,S0340,C067,SEM005,B-
E23784,S0966,C008,SEM004,B
E23785,S0427,C113,SEM004,B+
E23786,S0367,C038,SEM001,B-
E23787,S0004,C015,SEM007,A-
E23788,S0672,C004,SEM005,B
E23789,S0928,C002,SEM004,C
E23790,S0716,C038,SEM002,B-
E23791,S0128,C020,SEM004,A-
E23792,S0226,C016,SEM008,B
E23793,S0497,C071,SEM002,D
E23794,S0842,C123,SEM005,B
E23795,S0826,C114,SEM008,A-
E23796,S0389,C068,SEM005,C
E23797,S0615,C081,SEM007,B-
E23798,S0484,C053,SEM005,B
E23799,S0961,C120,SEM007,B
E23800,S0068,C027,SEM003,B+
E23801,S0609,C075,SEM004,B
E23802,S0761,C099,SEM008,B
E23803,S0001,C082,SEM007,C
E23804,S0318,C036,SEM002,F
E23805,S0338,C046,SEM006,B+
E23806,S0520,C018,SEM004,C
E23807,S0566,C010,SEM007,A-
E23808,S0151,C044,SEM005,B
E23809,S0401,C129,SEM006,C
E23810,S0079,C032,SEM003,F
E23811,S0182,C012,SEM002,D
E23812,S0783,C008,SEM004,C
E23813,S0350,C139,SEM005,C+
E23814,S0375,C002,SEM004,C
E23815,S0683,C130,SEM001,B
E23816,S0926,C049,SEM005,F
E23817,S0499,C024,SEM003,B
E23818,S0796,C099,SEM001,B
E23819,S0641,C096,SEM003,B
E23820,S0234,C021,SEM004,B-
E23821,S0713,C091,SEM006,B
E23822,S0501,C068,SEM004,C+
E23823,S0859,C084,SEM007,B+
E23824,S0515,C007,SEM002,A-
E23825,S0400,C035,SEM006,B-
E23826,S0856,C002,SEM006,B-
E23827,S0977,C141,SEM001,B+
E23828,S0729,C076,SEM007,A-
E23829,S0169,C006,SEM008,A
E23830,S0290,C081,SEM007,A-
E23831,S0985,C083,SEM004,C-
E23832,S0918,C127,SEM005,B
E23833,S0577,C126,SEM005,B
E23834,S0989,C075,SEM003,C+
E23835,S0406,C041,SEM001,B
E23836,S0521,C014,SEM002,A-
E23837,S0124,C032,SEM005,F
E23838,S0270,C016,SEM002,C+
E23839,S0126,C011,SEM005,A
E23840,S0867,C013,SEM005,C+
E23841,S0106,C003,SEM001,B-
E23842,S0205,C049,SEM007,C
E23843,S0952,C052,SEM002,B-
E23844,S0299,C047,SEM004,B
E23845,S0759,C016,SEM007,B
E23846,S0914,C080,SEM002,A
E23847,S0731,C063,SEM004,B+
E23848,S0957,C045,SEM003,B
E23849,S0021,C135,SEM002,A-
E23850,S0575,C028,SEM003,B+
E23851,S0459,C107,SEM007,B
E23852,S0082,C052,SEM004,B-
E23853,S0475,C067,SEM003,C+
E23854,S0056,C039,SEM002,B+
E23855,S0779,C052,SEM008,B-
E23856,S0197,C060,SEM008,B-
E23857,S0561,C043,SEM006,C+
E23858,S0491,C068,SEM008,A
E23859,S0846,C081,SEM006,D
E23860,S0850,C038,SEM008,C
E23861,S0084,C060,SEM007,C-
E23862,S0585,C082,SEM003,C
E23863,S0903,C053,SEM002,A-
E23864,S0062,C032,SEM007,B
E23865,S0753,C086,SEM004,B-
E23866,S0878,C137,SEM001,D
E23867,S0317,C056,SEM006,D
E23868,S0425,C027,SEM004,A
E23869,S0441,C017,SEM006,A-
E23870,S0532,C101,SEM002,C-
E23871,S0688,C112,SEM001,B+
E23872,S0785,C096,SEM002,A-
E23873,S0511,C003,SEM002,C+
E23874,S0941,C046,SEM008,B-
E23875,S0641,C086,SEM003,B
E23876,S0306,C110,SEM006,C
E23877,S0049,C069,SEM004,B
E23878,S0709,C108,SEM007,A-
E23879,S0055,C002,SEM002,C
E23880,S0392,C061,SEM005,C+
E23881,S0804,C076,SEM001,A-
E23882,S0795,C088,SEM006,B+
E23883,S0819,C034,SEM003,D
E23884,S0660,C025,SEM006,A-
E23885,S0433,C048,SEM008,A
E23886,S0869,C058,SEM002,C
E23887,S0232,C081,SEM002,B
E23888,S0428,C017,SEM004,A-
E23889,S0381,C088,SEM003,B+
E23890,S0745,C075,SEM001,B+
E23891,S0482,C099,SEM007,A-
E23892,S0454,C133,SEM002,B+
E23893,S0519,C077,SEM004,B-
E23894,S0388,C093,SEM005,A-
E23895,S0095,C093,SEM006,C+
E23896,S0769,C022,SEM001,A
E23897,S0739,C070,SEM003,C
E23898,S0795,C050,SEM003,B-
E23899,S0142,C060,SEM002,C-
E23900,S0897,C106,SEM004,C+
E23901,S0683,C019,SEM001,A-
E23902,S0569,C052,SEM008,C
E23903,S0134,C010,SEM003,C
E23904,S0715,C031,SEM002,B
E23905,S0809,C019,SEM008,C+
E23906,S0114,C016,SEM001,B+
E23907,S0140,C037,SEM002,B
E23908,S0660,C043,SEM004,D
E23909,S0386,C015,SEM007,C+
E23910,S0764,C001,SEM005,A
E23911,S0814,C043,SEM006,B
E23912,S0333,C024,SEM005,B+
E23913,S0530,C034,SEM007,C+
E23914,S0656,C043,SEM006,A-
E23915,S0455,C009,SEM001,C
E23916,S0149,C076,SEM008,C-
E23917,S0116,C009,SEM001,C-
E23918,S0539,C068,SEM008,B
E23919,S0523,C031,SEM001,C
E23920,S0823,C041,SEM008,C
E23921,S0753,C065,SEM006,C+
E23922,S0081,C004,SEM006,D
E23923,S0666,C108,SEM002,B-
E23924,S0138,C049,SEM004,C
E23925,S0710,C131,SEM005,C-
E23926,S0084,C070,SEM008,A-
E23927,S0745,C008,SEM006,B-
E23928,S0099,C070,SEM008,B+
E23929,S0980,C048,SEM007,B-
E23930,S0789,C104,SEM006,B-
E23931,S0368,C110,SEM006,C-
E23932,S0258,C040,SEM004,A
E23933,S0321,C009,SEM005,B
E23934,S0982,C026,SEM008,B
E23935,S0582,C006,SEM005,B-
E23936,S0407,C052,SEM006,C
E23937,S0387,C067,SEM005,D
E23938,S0083,C060,SEM005,C+
E23939,S0871,C046,SEM008,B-
E23940,S0112,C135,SEM004,B+
E23941,S0248,C028,SEM004,C+
E23942,S0690,C014,SEM001,B-
E23943,S0103,C015,SEM003,A-
E23944,S0788,C014,SEM005,B-
E23945,S0686,C044,SEM005,D
E23946,S0993,C148,SEM004,C+
E23947,S0694,C026,SEM008,A-
E23948,S0586,C063,SEM003,A-
E23949,S0073,C003,SEM003,B
E23950,S0263,C022,SEM004,B
E23951,S0529,C042,SEM005,C+
E23952,S0911,C056,SEM006,A-
E23953,S0135,C043,SEM004,B
E23954,S0467,C036,SEM002,B
E23955,S0569,C033,SEM003,C-
E23956,S0898,C022,SEM008,B
E23957,S0226,C099,SEM002,B
E23958,S0355,C063,SEM002,B
E23959,S0223,C082,SEM007,B+
E23960,S0026,C081,SEM005,B
E23961,S0054,C063,SEM004,A-
E23962,S0323,C081,SEM004,B-
E23963,S0996,C044,SEM001,B+
E23964,S0761,C031,SEM002,D
E23965,S0773,C098,SEM002,C+
E23966,S0206,C112,SEM001,D
E23967,S0845,C016,SEM006,B+
E23968,S0265,C120,SEM002,B+
E23969,S0552,C013,SEM001,A-
E23970,S0821,C056,SEM006,C+
E23971,S0130,C007,SEM002,B-
E23972,S0049,C100,SEM003,B+
E23973,S0695,C012,SEM002,B
E23974,S0826,C052,SEM002,C+
E23975,S0001,C003,SEM008,C-
E23976,S0741,C026,SEM004,C-
E23977,S0615,C017,SEM006,C+
E23978,S0311,C088,SEM003,B-
E23979,S0930,C065,SEM008,B
E23980,S0987,C094,SEM007,B+
E23981,S0593,C019,SEM002,A-
E23982,S0612,C014,SEM008,A-
E23983,S0953,C105,SEM006,B
E23984,S0558,C006,SEM004,A
E23985,S0338,C106,SEM004,B
E23986,S0885,C026,SEM002,C
E23987,S0375,C061,SEM001,B-
E23988,S0632,C042,SEM004,B-
E23989,S0374,C040,SEM003,A-
E23990,S0151,C106,SEM003,C+
E23991,S0231,C093,SEM002,B+
E23992,S0134,C112,SEM007,B-
E23993,S0860,C002,SEM006,C
E23994,S0568,C039,SEM007,B
E23995,S0624,C042,SEM002,B
E23996,S0930,C024,SEM001,B-
E23997,S0631,C051,SEM002,B-
E23998,S0388,C010,SEM001,B
E23999,S0884,C005,SEM006,F
E24000,S0037,C061,SEM004,B+
